<PAMDataset>
  <Metadata>
    <MDI key="DataType">Generic</MDI>
  </Metadata>
  <Metadata domain="Esri">
    <MDI key="PyramidResamplingType">NEAREST</MDI>
  </Metadata>
  <PAMRasterBand band="1">
    <Histograms>
      <HistItem>
        <HistMin>2</HistMin>
        <HistMax>110</HistMax>
        <BucketCount>256</BucketCount>
        <IncludeOutOfRange>1</IncludeOutOfRange>
        <Approximate>0</Approximate>
        <HistCounts>389|0|483|0|446|0|0|411|0|232|0|159|0|0|146|0|86|0|50|0|0|36|0|29|0|5|0|0|15|0|6|0|0|12|0|9|0|15|0|0|8|0|7|0|14|0|0|11|0|7|0|11|0|0|7|0|11|0|0|4|0|5|0|6|0|0|7|0|5|0|5|0|0|9|0|6|0|9|0|0|6|0|4|0|0|3|0|5|0|5|0|0|5|0|1|0|4|0|0|5|0|5|0|4|0|0|1|0|7|0|12|0|0|8|0|6|0|0|6|0|2|0|5|0|0|4|0|3|0|2|0|0|4|0|3|0|1|0|0|1|0|3|0|0|0|0|0|0|0|0|0|1|0|1|0|2|0|0|0|0|0|0|1|0|0|2|0|0|0|0|1|0|0|0|3|0|0|1|0|1|0|0|0|0|2|0|0|0|1|0|0|1|0|1|0|1|0|0|2|0|0|0|0|1|0|0|0|0|0|0|2|0|0|0|2|0|0|1|0|4|0|1|0|0|1|0|1|0|0|2|0|1|0|1|0|0|2|0|0|0|0|0|0|2|0|2|0|2|0|0|4|0|1|0|0|2</HistCounts>
      </HistItem>
    </Histograms>
    <Metadata>
      <MDI key="RepresentationType">ATHEMATIC</MDI>
      <MDI key="STATISTICS_COVARIANCES">229.5179888235755</MDI>
      <MDI key="STATISTICS_MAXIMUM">110</MDI>
      <MDI key="STATISTICS_MEAN">9.3835277483209</MDI>
      <MDI key="STATISTICS_MINIMUM">2</MDI>
      <MDI key="STATISTICS_SKIPFACTORX">1</MDI>
      <MDI key="STATISTICS_SKIPFACTORY">1</MDI>
      <MDI key="STATISTICS_STDDEV">15.149851115558</MDI>
    </Metadata>
  </PAMRasterBand>
</PAMDataset>
