<PAMDataset>
  <Metadata>
    <MDI key="DataType">Generic</MDI>
  </Metadata>
  <Metadata domain="Esri">
    <MDI key="PyramidResamplingType">NEAREST</MDI>
  </Metadata>
  <PAMRasterBand band="1">
    <Histograms>
      <HistItem>
        <HistMin>2</HistMin>
        <HistMax>186</HistMax>
        <BucketCount>256</BucketCount>
        <IncludeOutOfRange>1</IncludeOutOfRange>
        <Approximate>0</Approximate>
        <HistCounts>50|252|296|0|274|286|390|0|251|70|0|9|10|14|0|19|10|0|14|11|11|0|12|11|12|0|19|11|0|15|8|16|0|9|14|0|7|13|11|0|15|14|14|0|17|12|0|15|12|11|0|10|15|0|5|9|6|0|7|11|3|0|5|10|0|9|8|5|0|9|12|0|6|12|5|0|7|13|3|0|9|3|0|5|4|3|0|5|5|0|7|9|6|0|8|10|0|3|8|9|0|6|6|8|0|5|11|0|2|3|5|0|2|6|0|4|5|2|0|3|3|4|0|11|6|0|5|1|3|0|7|5|0|1|2|1|0|0|2|2|0|1|5|0|6|4|3|0|4|5|0|2|1|4|0|4|3|4|0|2|3|0|3|3|4|0|3|1|0|0|5|1|0|6|2|0|5|5|2|0|2|5|5|0|0|2|0|3|4|1|0|2|3|0|3|1|1|0|3|3|3|0|2|4|0|3|0|2|0|5|3|0|0|2|1|0|5|2|0|0|0|6|0|3|1|2|0|1|2|0|3|3|4|0|1|2|0|0|3|3|0|0|3|3|0|2|2|0|0|1|0|0|2|0|0|1</HistCounts>
      </HistItem>
    </Histograms>
    <Metadata>
      <MDI key="RepresentationType">ATHEMATIC</MDI>
      <MDI key="STATISTICS_COVARIANCES">1518.402691261399</MDI>
      <MDI key="STATISTICS_MAXIMUM">186</MDI>
      <MDI key="STATISTICS_MEAN">25.97949805585</MDI>
      <MDI key="STATISTICS_MINIMUM">2</MDI>
      <MDI key="STATISTICS_SKIPFACTORX">1</MDI>
      <MDI key="STATISTICS_SKIPFACTORY">1</MDI>
      <MDI key="STATISTICS_STDDEV">38.966686942328</MDI>
    </Metadata>
  </PAMRasterBand>
</PAMDataset>
