<PAMDataset>
  <Metadata>
    <MDI key="DataType">Generic</MDI>
  </Metadata>
  <Metadata domain="Esri">
    <MDI key="PyramidResamplingType">NEAREST</MDI>
  </Metadata>
  <PAMRasterBand band="1">
    <Histograms>
      <HistItem>
        <HistMin>3</HistMin>
        <HistMax>182</HistMax>
        <BucketCount>256</BucketCount>
        <IncludeOutOfRange>1</IncludeOutOfRange>
        <Approximate>0</Approximate>
        <HistCounts>66|274|554|0|676|355|0|61|7|13|0|12|9|0|13|10|0|10|13|18|0|12|8|0|5|6|0|14|12|5|0|10|12|0|11|15|0|10|7|11|0|18|11|0|13|8|0|20|17|16|0|12|15|0|20|17|20|0|18|17|0|18|16|0|15|14|14|0|22|13|0|12|11|0|12|4|13|0|7|17|0|16|10|0|10|6|6|0|8|4|0|8|6|0|3|6|2|0|3|3|0|3|3|2|0|4|2|0|7|5|0|2|2|2|0|3|0|0|4|0|0|1|2|0|0|3|1|0|4|2|0|0|0|4|0|2|0|0|0|1|0|2|1|0|0|1|0|0|1|0|0|0|2|3|0|0|1|0|1|3|2|0|1|3|0|0|0|0|0|0|0|0|1|0|0|2|0|0|0|1|2|0|0|1|0|1|1|0|0|0|0|0|2|0|0|0|1|0|0|2|0|0|0|0|0|0|0|0|0|0|0|0|1|0|0|0|0|0|0|0|0|0|0|0|0|0|0|0|0|0|0|0|0|0|0|0|1|0|0|0|0|0|1|0|0|0|0|0|0|0|1|0|0|0|0|1</HistCounts>
      </HistItem>
    </Histograms>
    <Metadata>
      <MDI key="RepresentationType">ATHEMATIC</MDI>
      <MDI key="STATISTICS_COVARIANCES">562.8494227547283</MDI>
      <MDI key="STATISTICS_MAXIMUM">182</MDI>
      <MDI key="STATISTICS_MEAN">17.757158006363</MDI>
      <MDI key="STATISTICS_MINIMUM">3</MDI>
      <MDI key="STATISTICS_SKIPFACTORX">1</MDI>
      <MDI key="STATISTICS_SKIPFACTORY">1</MDI>
      <MDI key="STATISTICS_STDDEV">23.724447786086</MDI>
    </Metadata>
  </PAMRasterBand>
</PAMDataset>
