<PAMDataset>
  <Metadata>
    <MDI key="DataType">Generic</MDI>
  </Metadata>
  <Metadata domain="Esri">
    <MDI key="PyramidResamplingType">NEAREST</MDI>
  </Metadata>
  <PAMRasterBand band="1">
    <Histograms>
      <HistItem>
        <HistMin>2</HistMin>
        <HistMax>84</HistMax>
        <BucketCount>256</BucketCount>
        <IncludeOutOfRange>1</IncludeOutOfRange>
        <Approximate>0</Approximate>
        <HistCounts>1|0|0|273|0|0|783|0|0|573|0|0|240|0|0|146|0|0|83|0|0|47|0|0|21|0|0|7|0|0|0|13|0|0|17|0|0|15|0|0|17|0|0|19|0|0|7|0|0|15|0|0|18|0|0|19|0|0|0|14|0|0|15|0|0|17|0|0|19|0|0|20|0|0|11|0|0|16|0|0|19|0|0|19|0|0|0|18|0|0|19|0|0|24|0|0|6|0|0|14|0|0|16|0|0|14|0|0|14|0|0|17|0|0|0|9|0|0|9|0|0|13|0|0|10|0|0|9|0|0|12|0|0|15|0|0|7|0|0|13|0|0|0|13|0|0|16|0|0|13|0|0|14|0|0|7|0|0|11|0|0|6|0|0|8|0|0|6|0|0|0|7|0|0|2|0|0|2|0|0|2|0|0|0|0|0|1|0|0|4|0|0|4|0|0|2|0|0|0|0|0|0|0|0|0|0|0|0|1|0|0|3|0|0|1|0|0|0|0|0|0|0|0|1|0|0|0|0|0|0|0|0|0|0|0|0|1|0|0|0|0|0|0|0|0|0|0|0|0|0|0|0|0|0|0|1</HistCounts>
      </HistItem>
    </Histograms>
    <Metadata>
      <MDI key="RepresentationType">ATHEMATIC</MDI>
      <MDI key="STATISTICS_COVARIANCES">190.9070845351464</MDI>
      <MDI key="STATISTICS_MAXIMUM">84</MDI>
      <MDI key="STATISTICS_MEAN">11.497702368328</MDI>
      <MDI key="STATISTICS_MINIMUM">2</MDI>
      <MDI key="STATISTICS_SKIPFACTORX">1</MDI>
      <MDI key="STATISTICS_SKIPFACTORY">1</MDI>
      <MDI key="STATISTICS_STDDEV">13.816912988622</MDI>
    </Metadata>
  </PAMRasterBand>
</PAMDataset>
