<PAMDataset>
  <Metadata>
    <MDI key="DataType">Generic</MDI>
  </Metadata>
  <Metadata domain="Esri">
    <MDI key="PyramidResamplingType">NEAREST</MDI>
  </Metadata>
  <PAMRasterBand band="1">
    <Histograms>
      <HistItem>
        <HistMin>0</HistMin>
        <HistMax>118</HistMax>
        <BucketCount>256</BucketCount>
        <IncludeOutOfRange>1</IncludeOutOfRange>
        <Approximate>0</Approximate>
        <HistCounts>14|0|976|0|367|0|386|0|298|0|191|0|80|0|0|63|0|40|0|14|0|2|0|6|0|5|0|0|5|0|4|0|4|0|6|0|4|0|5|0|0|4|0|2|0|7|0|4|0|6|0|3|0|0|5|0|4|0|4|0|5|0|5|0|2|0|6|0|0|6|0|5|0|2|0|8|0|3|0|6|0|0|6|0|5|0|8|0|5|0|8|0|4|0|0|4|0|0|0|4|0|3|0|10|0|5|0|0|5|0|6|0|8|0|0|0|4|0|8|0|0|2|0|3|0|4|0|2|0|7|0|4|0|3|0|0|2|0|6|0|5|0|2|0|7|0|2|0|0|3|0|6|0|3|0|8|0|4|0|7|0|0|7|0|6|0|5|0|4|0|3|0|9|0|0|4|0|5|0|6|0|3|0|2|0|5|0|0|5|0|5|0|5|0|3|0|2|0|2|0|1|0|0|2|0|1|0|0|0|1|0|0|0|1|0|0|2|0|0|0|3|0|1|0|1|0|1|0|0|1|0|1|0|0|0|0|0|0|0|1|0|0|0|0|0|0|0|0|0|0|0|0|0|0|0|1</HistCounts>
      </HistItem>
    </Histograms>
    <Metadata>
      <MDI key="RepresentationType">ATHEMATIC</MDI>
      <MDI key="STATISTICS_COVARIANCES">399.8989157058427</MDI>
      <MDI key="STATISTICS_MAXIMUM">118</MDI>
      <MDI key="STATISTICS_MEAN">9.7295864262991</MDI>
      <MDI key="STATISTICS_MINIMUM">0</MDI>
      <MDI key="STATISTICS_SKIPFACTORX">1</MDI>
      <MDI key="STATISTICS_SKIPFACTORY">1</MDI>
      <MDI key="STATISTICS_STDDEV">19.997472732969</MDI>
    </Metadata>
  </PAMRasterBand>
</PAMDataset>
