<PAMDataset>
  <Metadata>
    <MDI key="DataType">Generic</MDI>
  </Metadata>
  <Metadata domain="Esri">
    <MDI key="PyramidResamplingType">NEAREST</MDI>
  </Metadata>
  <PAMRasterBand band="1">
    <Histograms>
      <HistItem>
        <HistMin>1</HistMin>
        <HistMax>129</HistMax>
        <BucketCount>256</BucketCount>
        <IncludeOutOfRange>1</IncludeOutOfRange>
        <Approximate>0</Approximate>
        <HistCounts>21|229|0|247|0|290|0|464|0|412|0|285|0|113|0|44|0|26|0|6|0|8|0|5|0|7|0|12|0|6|0|10|0|17|0|10|0|10|0|6|0|14|0|7|0|17|0|13|0|10|0|14|0|9|0|10|0|6|0|9|0|6|0|10|0|11|0|16|0|14|0|11|0|13|0|5|0|7|0|11|0|9|0|8|0|11|0|4|0|5|0|11|0|6|0|10|0|5|0|6|0|2|0|2|0|11|0|2|0|5|0|8|0|6|0|6|0|10|0|6|0|3|0|1|0|5|0|4|0|4|0|4|0|2|0|9|0|6|0|6|0|5|0|2|0|2|0|5|0|7|0|2|0|8|0|1|0|6|0|6|0|4|0|5|0|7|0|3|0|5|0|4|0|5|0|9|0|4|0|3|0|8|0|1|0|5|0|3|0|6|0|3|0|6|0|2|0|3|0|5|0|4|0|3|0|3|0|3|0|4|0|4|0|2|0|4|0|3|0|4|0|2|0|6|0|2|0|2|0|4|0|3|0|2|0|1|0|2|0|8|0|0|0|1|0|2|0|3|0|2|0|1|0|0|0|1</HistCounts>
      </HistItem>
    </Histograms>
    <Metadata>
      <MDI key="RepresentationType">ATHEMATIC</MDI>
      <MDI key="STATISTICS_COVARIANCES">708.1474604057903</MDI>
      <MDI key="STATISTICS_MAXIMUM">129</MDI>
      <MDI key="STATISTICS_MEAN">17.311770943796</MDI>
      <MDI key="STATISTICS_MINIMUM">1</MDI>
      <MDI key="STATISTICS_SKIPFACTORX">1</MDI>
      <MDI key="STATISTICS_SKIPFACTORY">1</MDI>
      <MDI key="STATISTICS_STDDEV">26.611040197741</MDI>
    </Metadata>
  </PAMRasterBand>
</PAMDataset>
