<PAMDataset>
  <Metadata>
    <MDI key="DataType">Generic</MDI>
  </Metadata>
  <Metadata domain="Esri">
    <MDI key="PyramidResamplingType">NEAREST</MDI>
  </Metadata>
  <PAMRasterBand band="1">
    <Histograms>
      <HistItem>
        <HistMin>3</HistMin>
        <HistMax>299</HistMax>
        <BucketCount>256</BucketCount>
        <IncludeOutOfRange>1</IncludeOutOfRange>
        <Approximate>0</Approximate>
        <HistCounts>30|53|136|233|254|267|430|143|65|27|20|9|14|8|5|6|9|5|14|12|6|9|8|5|13|6|3|8|8|8|4|11|12|8|7|10|5|12|4|8|9|8|5|14|4|4|6|5|7|10|4|6|7|9|7|19|6|6|10|7|7|7|6|9|8|6|4|5|9|9|2|4|8|6|9|8|7|3|4|4|11|8|7|9|6|3|5|18|4|2|8|4|2|14|10|2|5|9|5|11|3|2|7|5|4|11|2|3|5|2|2|8|5|0|3|6|4|8|12|7|3|3|3|6|5|3|4|3|5|1|12|1|4|4|8|7|9|6|2|4|5|4|5|10|7|2|5|2|5|5|4|1|5|1|4|9|2|7|4|4|8|4|6|5|2|3|3|12|1|3|3|5|3|3|6|5|2|2|2|1|9|2|4|4|0|3|6|2|1|1|1|4|3|1|6|3|4|0|2|9|1|1|2|2|2|8|3|1|1|2|3|5|3|0|2|2|2|5|3|0|2|1|5|1|3|0|0|1|2|0|3|0|3|1|2|2|0|1|0|1|1|0|3|1|0|0|0|1|2|0|0|0|0|0|1|1</HistCounts>
      </HistItem>
    </Histograms>
    <Metadata>
      <MDI key="RepresentationType">ATHEMATIC</MDI>
      <MDI key="STATISTICS_COVARIANCES">4990.079612149973</MDI>
      <MDI key="STATISTICS_MAXIMUM">299</MDI>
      <MDI key="STATISTICS_MEAN">54.366914103924</MDI>
      <MDI key="STATISTICS_MINIMUM">3</MDI>
      <MDI key="STATISTICS_SKIPFACTORX">1</MDI>
      <MDI key="STATISTICS_SKIPFACTORY">1</MDI>
      <MDI key="STATISTICS_STDDEV">70.64049555425</MDI>
    </Metadata>
  </PAMRasterBand>
</PAMDataset>
