<PAMDataset>
  <Metadata>
    <MDI key="DataType">Generic</MDI>
  </Metadata>
  <Metadata domain="Esri">
    <MDI key="PyramidResamplingType">NEAREST</MDI>
  </Metadata>
  <PAMRasterBand band="1">
    <Histograms>
      <HistItem>
        <HistMin>1</HistMin>
        <HistMax>96</HistMax>
        <BucketCount>256</BucketCount>
        <IncludeOutOfRange>1</IncludeOutOfRange>
        <Approximate>0</Approximate>
        <HistCounts>441|0|721|0|0|333|0|0|253|0|208|0|0|229|0|0|85|0|5|0|0|4|0|0|7|0|9|0|0|0|0|0|4|0|5|0|0|5|0|0|5|0|3|0|0|4|0|0|3|0|0|5|0|5|0|0|7|0|0|5|0|4|0|0|2|0|0|10|0|6|0|0|6|0|0|8|0|5|0|0|9|0|0|7|0|6|0|0|10|0|0|8|0|14|0|0|12|0|0|15|0|0|9|0|11|0|0|9|0|0|12|0|5|0|0|13|0|0|10|0|11|0|0|15|0|0|9|0|16|0|0|20|0|0|8|0|12|0|0|17|0|0|13|0|7|0|0|13|0|0|8|0|0|6|0|8|0|0|10|0|0|8|0|4|0|0|6|0|0|14|0|8|0|0|6|0|0|5|0|7|0|0|4|0|0|1|0|5|0|0|2|0|0|6|0|2|0|0|2|0|0|3|0|0|4|0|1|0|0|2|0|0|3|0|2|0|0|0|0|0|0|0|2|0|0|2|0|0|4|0|5|0|0|3|0|0|0|0|2|0|0|0|0|0|2|0|0|0|0|1|0|0|2|0|0|1</HistCounts>
      </HistItem>
    </Histograms>
    <Metadata>
      <MDI key="RepresentationType">ATHEMATIC</MDI>
      <MDI key="STATISTICS_COVARIANCES">366.5358709026477</MDI>
      <MDI key="STATISTICS_MAXIMUM">96</MDI>
      <MDI key="STATISTICS_MEAN">11.525273948392</MDI>
      <MDI key="STATISTICS_MINIMUM">1</MDI>
      <MDI key="STATISTICS_SKIPFACTORX">1</MDI>
      <MDI key="STATISTICS_SKIPFACTORY">1</MDI>
      <MDI key="STATISTICS_STDDEV">19.145126557499</MDI>
    </Metadata>
  </PAMRasterBand>
</PAMDataset>
