<PAMDataset>
  <Metadata>
    <MDI key="DataType">Generic</MDI>
  </Metadata>
  <Metadata domain="Esri">
    <MDI key="PyramidResamplingType">NEAREST</MDI>
  </Metadata>
  <PAMRasterBand band="1">
    <Histograms>
      <HistItem>
        <HistMin>0</HistMin>
        <HistMax>106</HistMax>
        <BucketCount>256</BucketCount>
        <IncludeOutOfRange>1</IncludeOutOfRange>
        <Approximate>0</Approximate>
        <HistCounts>13|0|937|0|507|0|0|390|0|293|0|0|259|0|26|0|20|0|0|14|0|6|0|0|7|0|8|0|8|0|0|2|0|6|0|0|9|0|9|0|10|0|0|13|0|4|0|0|10|0|4|0|4|0|0|8|0|3|0|0|5|0|3|0|2|0|0|0|0|5|0|0|7|0|5|0|4|0|0|4|0|4|0|0|0|0|2|0|0|5|0|9|0|5|0|0|3|0|5|0|0|1|0|2|0|3|0|0|2|0|5|0|0|2|0|4|0|7|0|0|6|0|4|0|0|1|0|6|0|1|0|0|4|0|6|0|0|4|0|8|0|6|0|0|4|0|17|0|0|5|0|3|0|6|0|0|1|0|8|0|0|7|0|5|0|6|0|0|7|0|4|0|0|4|0|3|0|0|3|0|3|0|5|0|0|0|0|2|0|0|1|0|3|0|0|0|0|1|0|0|0|0|1|0|2|0|2|0|0|2|0|3|0|0|0|0|1|0|1|0|0|0|0|2|0|0|0|0|2|0|0|0|0|1|0|0|0|0|0|0|0|0|2|0|0|0|0|1|0|0|0|0|0|0|0|1</HistCounts>
      </HistItem>
    </Histograms>
    <Metadata>
      <MDI key="RepresentationType">ATHEMATIC</MDI>
      <MDI key="STATISTICS_COVARIANCES">275.8258979662546</MDI>
      <MDI key="STATISTICS_MAXIMUM">106</MDI>
      <MDI key="STATISTICS_MEAN">7.915164369035</MDI>
      <MDI key="STATISTICS_MINIMUM">0</MDI>
      <MDI key="STATISTICS_SKIPFACTORX">1</MDI>
      <MDI key="STATISTICS_SKIPFACTORY">1</MDI>
      <MDI key="STATISTICS_STDDEV">16.60800704378</MDI>
    </Metadata>
  </PAMRasterBand>
</PAMDataset>
