<PAMDataset>
  <Metadata>
    <MDI key="DataType">Generic</MDI>
  </Metadata>
  <Metadata domain="Esri">
    <MDI key="PyramidResamplingType">NEAREST</MDI>
  </Metadata>
  <PAMRasterBand band="1">
    <Histograms>
      <HistItem>
        <HistMin>2</HistMin>
        <HistMax>47</HistMax>
        <BucketCount>256</BucketCount>
        <IncludeOutOfRange>1</IncludeOutOfRange>
        <Approximate>0</Approximate>
        <HistCounts>36|0|0|0|0|314|0|0|0|0|0|277|0|0|0|0|0|259|0|0|0|0|602|0|0|0|0|0|371|0|0|0|0|0|272|0|0|0|0|229|0|0|0|0|0|185|0|0|0|0|0|146|0|0|0|0|65|0|0|0|0|0|3|0|0|0|0|0|0|0|0|0|0|2|0|0|0|0|0|2|0|0|0|0|0|2|0|0|0|0|3|0|0|0|0|0|6|0|0|0|0|0|5|0|0|0|0|5|0|0|0|0|0|1|0|0|0|0|0|4|0|0|0|0|4|0|0|0|0|0|0|0|0|0|0|0|4|0|0|0|0|3|0|0|0|0|0|1|0|0|0|0|0|1|0|0|0|0|0|0|0|0|0|0|3|0|0|0|0|0|1|0|0|0|0|3|0|0|0|0|0|0|0|0|0|0|0|2|0|0|0|0|0|0|0|0|0|0|2|0|0|0|0|0|1|0|0|0|0|1|0|0|0|0|0|0|0|0|0|0|0|1|0|0|0|0|1|0|0|0|0|0|3|0|0|0|0|0|0|0|0|0|0|3|0|0|0|0|0|5|0|0|0|0|0|1</HistCounts>
      </HistItem>
    </Histograms>
    <Metadata>
      <MDI key="RepresentationType">ATHEMATIC</MDI>
      <MDI key="STATISTICS_COVARIANCES">19.800446776991</MDI>
      <MDI key="STATISTICS_MAXIMUM">47</MDI>
      <MDI key="STATISTICS_MEAN">7.1148815835984</MDI>
      <MDI key="STATISTICS_MINIMUM">2</MDI>
      <MDI key="STATISTICS_SKIPFACTORX">1</MDI>
      <MDI key="STATISTICS_SKIPFACTORY">1</MDI>
      <MDI key="STATISTICS_STDDEV">4.4497692948052</MDI>
    </Metadata>
  </PAMRasterBand>
</PAMDataset>
