<PAMDataset>
  <Metadata>
    <MDI key="DataType">Generic</MDI>
  </Metadata>
  <Metadata domain="Esri">
    <MDI key="PyramidResamplingType">NEAREST</MDI>
  </Metadata>
  <PAMRasterBand band="1">
    <Histograms>
      <HistItem>
        <HistMin>1</HistMin>
        <HistMax>48</HistMax>
        <BucketCount>256</BucketCount>
        <IncludeOutOfRange>1</IncludeOutOfRange>
        <Approximate>0</Approximate>
        <HistCounts>173|0|0|0|0|404|0|0|0|0|590|0|0|0|0|0|552|0|0|0|0|301|0|0|0|0|0|233|0|0|0|0|241|0|0|0|0|200|0|0|0|0|0|68|0|0|0|0|6|0|0|0|0|0|3|0|0|0|0|2|0|0|0|0|0|4|0|0|0|0|1|0|0|0|0|1|0|0|0|0|0|2|0|0|0|0|2|0|0|0|0|0|1|0|0|0|0|1|0|0|0|0|0|0|0|0|0|0|1|0|0|0|0|4|0|0|0|0|0|1|0|0|0|0|0|0|0|0|0|0|1|0|0|0|0|0|0|0|0|0|0|1|0|0|0|0|2|0|0|0|0|4|0|0|0|0|0|2|0|0|0|0|1|0|0|0|0|0|4|0|0|0|0|1|0|0|0|0|0|2|0|0|0|0|1|0|0|0|0|1|0|0|0|0|0|4|0|0|0|0|5|0|0|0|0|0|2|0|0|0|0|1|0|0|0|0|0|0|0|0|0|0|1|0|0|0|0|0|0|0|0|0|0|0|0|0|0|0|1|0|0|0|0|0|2|0|0|0|0|1|0|0|0|0|0|1</HistCounts>
      </HistItem>
    </Histograms>
    <Metadata>
      <MDI key="RepresentationType">ATHEMATIC</MDI>
      <MDI key="STATISTICS_COVARIANCES">18.78790267301232</MDI>
      <MDI key="STATISTICS_MAXIMUM">48</MDI>
      <MDI key="STATISTICS_MEAN">4.7857900318134</MDI>
      <MDI key="STATISTICS_MINIMUM">1</MDI>
      <MDI key="STATISTICS_SKIPFACTORX">1</MDI>
      <MDI key="STATISTICS_SKIPFACTORY">1</MDI>
      <MDI key="STATISTICS_STDDEV">4.3345014330384</MDI>
    </Metadata>
  </PAMRasterBand>
</PAMDataset>
