<PAMDataset>
  <Metadata>
    <MDI key="DataType">Generic</MDI>
  </Metadata>
  <Metadata domain="Esri">
    <MDI key="PyramidResamplingType">NEAREST</MDI>
  </Metadata>
  <PAMRasterBand band="1">
    <Histograms>
      <HistItem>
        <HistMin>1</HistMin>
        <HistMax>73</HistMax>
        <BucketCount>256</BucketCount>
        <IncludeOutOfRange>1</IncludeOutOfRange>
        <Approximate>0</Approximate>
        <HistCounts>180|0|0|539|0|0|0|639|0|0|569|0|0|0|363|0|0|76|0|0|0|47|0|0|45|0|0|0|56|0|0|23|0|0|0|11|0|0|6|0|0|0|8|0|0|0|8|0|0|7|0|0|0|4|0|0|2|0|0|0|5|0|0|2|0|0|0|2|0|0|5|0|0|0|7|0|0|5|0|0|0|11|0|0|0|7|0|0|10|0|0|0|13|0|0|6|0|0|0|7|0|0|13|0|0|0|6|0|0|7|0|0|0|6|0|0|7|0|0|0|7|0|0|5|0|0|0|0|0|0|0|2|0|0|2|0|0|0|6|0|0|3|0|0|0|4|0|0|3|0|0|0|6|0|0|5|0|0|0|8|0|0|7|0|0|0|4|0|0|0|3|0|0|6|0|0|0|4|0|0|5|0|0|0|4|0|0|2|0|0|0|3|0|0|3|0|0|0|2|0|0|1|0|0|0|2|0|0|1|0|0|0|5|0|0|0|5|0|0|2|0|0|0|3|0|0|2|0|0|0|1|0|0|1|0|0|0|3|0|0|3|0|0|0|0|0|0|1|0|0|0|1|0|0|0|2</HistCounts>
      </HistItem>
    </Histograms>
    <Metadata>
      <MDI key="RepresentationType">ATHEMATIC</MDI>
      <MDI key="STATISTICS_COVARIANCES">121.2000161991659</MDI>
      <MDI key="STATISTICS_MAXIMUM">73</MDI>
      <MDI key="STATISTICS_MEAN">6.8515376458112</MDI>
      <MDI key="STATISTICS_MINIMUM">1</MDI>
      <MDI key="STATISTICS_SKIPFACTORX">1</MDI>
      <MDI key="STATISTICS_SKIPFACTORY">1</MDI>
      <MDI key="STATISTICS_STDDEV">11.009087891336</MDI>
    </Metadata>
  </PAMRasterBand>
</PAMDataset>
