<PAMDataset>
  <Metadata>
    <MDI key="DataType">Generic</MDI>
  </Metadata>
  <Metadata domain="Esri">
    <MDI key="PyramidResamplingType">NEAREST</MDI>
  </Metadata>
  <PAMRasterBand band="1">
    <Histograms>
      <HistItem>
        <HistMin>4</HistMin>
        <HistMax>331</HistMax>
        <BucketCount>256</BucketCount>
        <IncludeOutOfRange>1</IncludeOutOfRange>
        <Approximate>0</Approximate>
        <HistCounts>102|275|316|648|25|8|9|15|9|9|11|4|15|7|10|5|4|9|7|6|5|13|10|8|13|11|11|7|19|14|11|20|15|7|9|19|6|11|22|7|6|12|21|10|10|10|21|10|12|20|8|16|11|25|12|9|22|8|8|12|32|8|13|25|9|13|18|36|16|16|31|21|13|9|28|18|11|21|16|9|8|16|3|7|5|14|10|6|11|5|9|7|9|4|8|13|6|4|2|15|9|7|22|8|7|5|10|3|2|6|4|3|7|10|2|6|10|7|1|3|15|7|7|12|7|9|4|13|0|5|4|9|6|2|7|4|0|3|6|1|0|3|1|2|2|0|4|2|0|0|1|0|3|1|0|0|1|0|1|1|2|0|0|1|0|0|1|0|3|0|1|0|0|2|0|3|0|1|1|0|0|0|0|1|2|0|0|1|0|0|1|0|0|0|1|1|1|3|0|0|0|0|0|1|0|0|0|1|1|0|0|0|0|0|0|0|0|1|0|0|0|0|0|0|0|0|0|0|0|0|0|0|0|0|0|0|0|0|0|0|0|0|0|2|0|0|0|0|0|0|0|0|1|0|0|1</HistCounts>
      </HistItem>
    </Histograms>
    <Metadata>
      <MDI key="RepresentationType">ATHEMATIC</MDI>
      <MDI key="STATISTICS_COVARIANCES">3139.194689223509</MDI>
      <MDI key="STATISTICS_MAXIMUM">331</MDI>
      <MDI key="STATISTICS_MEAN">51.515376458112</MDI>
      <MDI key="STATISTICS_MINIMUM">4</MDI>
      <MDI key="STATISTICS_SKIPFACTORX">1</MDI>
      <MDI key="STATISTICS_SKIPFACTORY">1</MDI>
      <MDI key="STATISTICS_STDDEV">56.028516750165</MDI>
    </Metadata>
  </PAMRasterBand>
</PAMDataset>
