<PAMDataset>
  <Metadata>
    <MDI key="DataType">Generic</MDI>
  </Metadata>
  <Metadata domain="Esri">
    <MDI key="PyramidResamplingType">NEAREST</MDI>
  </Metadata>
  <PAMRasterBand band="1">
    <Histograms>
      <HistItem>
        <HistMin>0</HistMin>
        <HistMax>123</HistMax>
        <BucketCount>256</BucketCount>
        <IncludeOutOfRange>1</IncludeOutOfRange>
        <Approximate>0</Approximate>
        <HistCounts>9|0|920|0|424|0|437|0|311|0|193|0|49|0|18|0|16|0|15|0|8|0|4|0|2|0|2|0|0|2|0|2|0|4|0|2|0|3|0|1|0|7|0|3|0|2|0|4|0|1|0|4|0|5|0|3|0|0|8|0|9|0|5|0|4|0|5|0|5|0|4|0|6|0|9|0|6|0|4|0|2|0|5|0|0|6|0|7|0|4|0|6|0|4|0|5|0|4|0|1|0|3|0|5|0|4|0|6|0|1|0|6|0|0|3|0|4|0|2|0|5|0|2|0|3|0|4|0|6|0|6|0|3|0|6|0|3|0|1|0|7|0|0|8|0|6|0|1|0|3|0|3|0|4|0|5|0|9|0|10|0|6|0|7|0|8|0|10|0|0|7|0|3|0|8|0|5|0|4|0|5|0|2|0|9|0|2|0|5|0|7|0|3|0|3|0|3|0|0|3|0|0|0|3|0|4|0|1|0|1|0|2|0|1|0|5|0|2|0|3|0|1|0|2|0|1|0|0|0|0|2|0|2|0|3|0|1|0|1|0|2|0|0|0|0|0|0|0|1|0|0|0|1|0|0|1</HistCounts>
      </HistItem>
    </Histograms>
    <Metadata>
      <MDI key="RepresentationType">ATHEMATIC</MDI>
      <MDI key="STATISTICS_COVARIANCES">555.0395424635638</MDI>
      <MDI key="STATISTICS_MAXIMUM">123</MDI>
      <MDI key="STATISTICS_MEAN">11.391304347826</MDI>
      <MDI key="STATISTICS_MINIMUM">0</MDI>
      <MDI key="STATISTICS_SKIPFACTORX">1</MDI>
      <MDI key="STATISTICS_SKIPFACTORY">1</MDI>
      <MDI key="STATISTICS_STDDEV">23.559277205881</MDI>
    </Metadata>
  </PAMRasterBand>
</PAMDataset>
