<PAMDataset>
  <Metadata>
    <MDI key="DataType">Generic</MDI>
  </Metadata>
  <Metadata domain="Esri">
    <MDI key="PyramidResamplingType">NEAREST</MDI>
  </Metadata>
  <PAMRasterBand band="1">
    <Histograms>
      <HistItem>
        <HistMin>4</HistMin>
        <HistMax>168</HistMax>
        <BucketCount>256</BucketCount>
        <IncludeOutOfRange>1</IncludeOutOfRange>
        <Approximate>0</Approximate>
        <HistCounts>26|172|0|228|398|0|510|366|0|213|185|0|104|80|0|39|0|13|14|0|10|13|0|8|15|0|8|10|0|10|0|9|12|0|8|5|0|6|8|0|6|8|0|8|0|9|8|0|11|5|0|15|7|0|5|7|0|12|0|3|9|0|0|4|0|4|3|0|5|7|0|2|0|2|4|0|4|7|0|2|0|0|1|4|0|1|0|3|1|0|1|4|0|3|0|0|1|2|0|4|0|4|3|0|4|2|0|2|1|0|4|2|0|3|0|4|3|0|0|4|0|3|4|0|3|0|0|5|0|2|2|0|2|3|0|2|2|0|2|3|0|1|0|5|3|0|2|2|0|0|1|0|6|4|0|2|0|2|3|0|2|1|0|1|2|0|0|1|0|3|0|3|1|0|5|0|0|0|0|0|0|0|0|2|0|1|0|0|0|0|0|1|0|0|2|3|0|2|0|3|1|0|1|1|0|1|1|0|1|2|0|1|0|4|1|0|1|0|0|2|1|0|4|1|0|3|0|1|3|0|1|2|0|0|2|0|2|1|0|1|0|1|0|0|0|0|0|0|1|0|0|0|0|1|0|2</HistCounts>
      </HistItem>
    </Histograms>
    <Metadata>
      <MDI key="RepresentationType">ATHEMATIC</MDI>
      <MDI key="STATISTICS_COVARIANCES">687.709765697065</MDI>
      <MDI key="STATISTICS_MAXIMUM">168</MDI>
      <MDI key="STATISTICS_MEAN">17.565217391304</MDI>
      <MDI key="STATISTICS_MINIMUM">4</MDI>
      <MDI key="STATISTICS_SKIPFACTORX">1</MDI>
      <MDI key="STATISTICS_SKIPFACTORY">1</MDI>
      <MDI key="STATISTICS_STDDEV">26.224220974074</MDI>
    </Metadata>
  </PAMRasterBand>
</PAMDataset>
