<PAMDataset>
  <Metadata>
    <MDI key="DataType">Generic</MDI>
  </Metadata>
  <Metadata domain="Esri">
    <MDI key="PyramidResamplingType">NEAREST</MDI>
  </Metadata>
  <PAMRasterBand band="1">
    <Histograms>
      <HistItem>
        <HistMin>1</HistMin>
        <HistMax>115</HistMax>
        <BucketCount>256</BucketCount>
        <IncludeOutOfRange>1</IncludeOutOfRange>
        <Approximate>0</Approximate>
        <HistCounts>794|0|487|0|434|0|339|0|353|0|0|96|0|18|0|6|0|4|0|0|3|0|1|0|2|0|4|0|0|1|0|5|0|5|0|3|0|0|4|0|3|0|1|0|4|0|4|0|0|3|0|3|0|6|0|6|0|0|7|0|1|0|5|0|1|0|0|2|0|3|0|7|0|4|0|0|3|0|1|0|4|0|6|0|0|5|0|8|0|6|0|6|0|7|0|0|2|0|10|0|2|0|4|0|0|5|0|5|0|11|0|6|0|0|3|0|3|0|4|0|5|0|0|7|0|0|0|6|0|2|0|5|0|0|7|0|6|0|5|0|3|0|0|2|0|2|0|3|0|4|0|0|1|0|1|0|1|0|2|0|0|2|0|1|0|2|0|1|0|0|0|0|3|0|0|0|0|0|0|0|0|1|0|1|0|2|0|0|0|0|3|0|5|0|1|0|1|0|0|2|0|0|0|2|0|1|0|0|0|0|1|0|4|0|0|0|0|0|0|2|0|1|0|1|0|0|0|0|1|0|1|0|0|0|1|0|0|1|0|1|0|0|0|1|0|0|1|0|1|0|1|0|0|0|0|1</HistCounts>
      </HistItem>
    </Histograms>
    <Metadata>
      <MDI key="RepresentationType">ATHEMATIC</MDI>
      <MDI key="STATISTICS_COVARIANCES">266.8739714904681</MDI>
      <MDI key="STATISTICS_MAXIMUM">115</MDI>
      <MDI key="STATISTICS_MEAN">7.6546482856132</MDI>
      <MDI key="STATISTICS_MINIMUM">1</MDI>
      <MDI key="STATISTICS_SKIPFACTORX">1</MDI>
      <MDI key="STATISTICS_SKIPFACTORY">1</MDI>
      <MDI key="STATISTICS_STDDEV">16.336277773424</MDI>
    </Metadata>
  </PAMRasterBand>
</PAMDataset>
