<PAMDataset>
  <Metadata>
    <MDI key="DataType">Generic</MDI>
  </Metadata>
  <Metadata domain="Esri">
    <MDI key="PyramidResamplingType">NEAREST</MDI>
  </Metadata>
  <PAMRasterBand band="1">
    <Histograms>
      <HistItem>
        <HistMin>3</HistMin>
        <HistMax>164</HistMax>
        <BucketCount>256</BucketCount>
        <IncludeOutOfRange>1</IncludeOutOfRange>
        <Approximate>0</Approximate>
        <HistCounts>23|197|0|351|408|0|292|258|0|323|0|219|154|0|52|2|0|4|0|5|2|0|7|4|0|5|2|0|5|0|10|7|0|2|7|0|5|0|5|4|0|7|4|0|2|4|0|11|0|4|9|0|6|3|0|3|0|6|3|0|4|6|0|5|2|0|5|0|5|3|0|4|12|0|2|0|3|6|0|4|4|0|7|6|0|7|0|3|4|0|11|2|0|5|0|4|10|0|4|4|0|4|10|0|6|0|8|2|0|8|5|0|6|0|8|5|0|6|6|0|5|9|0|12|0|6|4|0|6|7|0|6|0|3|5|0|2|4|0|5|7|0|4|0|1|2|0|6|5|0|3|0|3|2|0|4|4|0|5|2|0|2|0|1|5|0|3|3|0|7|0|2|4|0|4|4|0|7|2|0|2|0|1|1|0|3|4|0|3|0|3|1|0|3|2|0|1|1|0|3|0|3|3|0|1|1|0|1|0|0|1|0|0|0|0|1|0|0|0|0|0|0|0|0|0|0|0|0|0|0|0|1|0|0|0|1|0|0|0|0|0|0|0|0|0|0|0|0|0|0|0|0|0|0|0|1</HistCounts>
      </HistItem>
    </Histograms>
    <Metadata>
      <MDI key="RepresentationType">ATHEMATIC</MDI>
      <MDI key="STATISTICS_COVARIANCES">780.2761675273722</MDI>
      <MDI key="STATISTICS_MAXIMUM">164</MDI>
      <MDI key="STATISTICS_MEAN">19.070342877342</MDI>
      <MDI key="STATISTICS_MINIMUM">3</MDI>
      <MDI key="STATISTICS_SKIPFACTORX">1</MDI>
      <MDI key="STATISTICS_SKIPFACTORY">1</MDI>
      <MDI key="STATISTICS_STDDEV">27.933423841831</MDI>
    </Metadata>
  </PAMRasterBand>
</PAMDataset>
