<PAMDataset>
  <Metadata>
    <MDI key="DataType">Generic</MDI>
  </Metadata>
  <Metadata domain="Esri">
    <MDI key="PyramidResamplingType">NEAREST</MDI>
  </Metadata>
  <PAMRasterBand band="1">
    <Histograms>
      <HistItem>
        <HistMin>2</HistMin>
        <HistMax>145</HistMax>
        <BucketCount>256</BucketCount>
        <IncludeOutOfRange>1</IncludeOutOfRange>
        <Approximate>0</Approximate>
        <HistCounts>195|391|0|358|0|317|0|150|81|0|49|0|44|0|35|0|36|17|0|19|0|25|0|21|16|0|22|0|18|0|21|0|23|17|0|24|0|20|0|20|0|24|22|0|22|0|25|0|21|21|0|21|0|15|0|14|0|20|14|0|13|0|9|0|11|13|0|17|0|11|0|8|0|9|8|0|9|0|12|0|7|0|8|9|0|7|0|12|0|10|6|0|13|0|12|0|8|0|13|12|0|13|0|11|0|21|18|0|16|0|12|0|15|0|11|12|0|9|0|7|0|8|0|9|8|0|7|0|7|0|6|6|0|10|0|5|0|8|0|0|5|0|6|0|7|0|4|0|14|7|0|6|0|11|0|8|11|0|6|0|15|0|9|0|7|7|0|7|0|5|0|3|4|0|5|0|3|0|3|0|1|2|0|9|0|2|0|3|0|1|2|0|4|0|2|0|2|1|0|4|0|2|0|2|0|1|1|0|4|0|2|0|1|1|0|1|0|1|0|4|0|2|1|0|3|0|4|0|1|0|2|1|0|1|0|1|0|3|1|0|0|0|2|0|1|0|1|0|0|1|0|0|0|3|0|1</HistCounts>
      </HistItem>
    </Histograms>
    <Metadata>
      <MDI key="RepresentationType">ATHEMATIC</MDI>
      <MDI key="STATISTICS_COVARIANCES">938.6482631144502</MDI>
      <MDI key="STATISTICS_MAXIMUM">145</MDI>
      <MDI key="STATISTICS_MEAN">24.140332272888</MDI>
      <MDI key="STATISTICS_MINIMUM">2</MDI>
      <MDI key="STATISTICS_SKIPFACTORX">1</MDI>
      <MDI key="STATISTICS_SKIPFACTORY">1</MDI>
      <MDI key="STATISTICS_STDDEV">30.637367104803</MDI>
    </Metadata>
  </PAMRasterBand>
</PAMDataset>
