<PAMDataset>
  <Metadata>
    <MDI key="DataType">Generic</MDI>
  </Metadata>
  <Metadata domain="Esri">
    <MDI key="PyramidResamplingType">NEAREST</MDI>
  </Metadata>
  <PAMRasterBand band="1">
    <Histograms>
      <HistItem>
        <HistMin>5</HistMin>
        <HistMax>596</HistMax>
        <BucketCount>256</BucketCount>
        <IncludeOutOfRange>1</IncludeOutOfRange>
        <Approximate>0</Approximate>
        <HistCounts>111|174|306|175|12|11|21|8|15|23|17|12|14|13|11|17|11|8|18|12|14|7|22|11|10|19|9|14|20|17|10|24|13|16|14|18|7|21|8|8|17|9|17|12|10|15|11|14|11|13|20|6|13|18|17|9|13|16|4|20|18|10|23|9|13|8|18|7|15|23|14|14|8|13|13|16|12|16|15|9|16|23|16|18|17|22|22|22|26|28|24|35|25|23|41|25|28|26|24|22|27|15|13|32|24|23|19|34|20|23|23|19|15|24|14|7|19|9|11|10|6|5|6|6|4|3|6|1|3|6|2|4|7|3|1|6|3|0|4|3|3|2|2|1|2|2|1|4|2|2|1|3|0|2|0|0|0|0|0|1|3|0|0|1|1|2|2|2|0|0|1|0|0|1|0|0|0|1|0|1|1|0|0|2|1|2|0|0|0|1|0|0|0|1|1|0|1|1|2|1|0|3|0|2|2|0|0|0|0|2|0|0|0|0|0|0|1|2|1|0|0|0|0|1|0|0|1|0|0|0|0|0|0|0|0|0|0|0|0|0|1|0|0|0|0|0|1|0|0|0|1|0|0|0|0|1</HistCounts>
      </HistItem>
    </Histograms>
    <Metadata>
      <MDI key="RepresentationType">ATHEMATIC</MDI>
      <MDI key="STATISTICS_COVARIANCES">11787.4512115126</MDI>
      <MDI key="STATISTICS_MAXIMUM">596</MDI>
      <MDI key="STATISTICS_MEAN">131.13290915518</MDI>
      <MDI key="STATISTICS_MINIMUM">5</MDI>
      <MDI key="STATISTICS_SKIPFACTORX">1</MDI>
      <MDI key="STATISTICS_SKIPFACTORY">1</MDI>
      <MDI key="STATISTICS_STDDEV">108.57002906656</MDI>
    </Metadata>
  </PAMRasterBand>
</PAMDataset>
