<PAMDataset>
  <Metadata>
    <MDI key="DataType">Generic</MDI>
  </Metadata>
  <Metadata domain="Esri">
    <MDI key="PyramidResamplingType">NEAREST</MDI>
  </Metadata>
  <PAMRasterBand band="1">
    <Histograms>
      <HistItem>
        <HistMin>3</HistMin>
        <HistMax>215</HistMax>
        <BucketCount>256</BucketCount>
        <IncludeOutOfRange>1</IncludeOutOfRange>
        <Approximate>0</Approximate>
        <HistCounts>36|90|114|160|205|0|268|313|242|132|86|0|44|10|4|9|7|0|8|6|7|8|8|0|3|5|3|3|6|0|5|6|3|5|5|0|8|11|5|8|4|0|6|5|9|4|9|0|1|9|1|3|2|0|5|4|4|4|7|0|9|6|7|0|9|0|5|5|5|4|6|0|8|3|4|1|3|0|7|7|8|5|3|0|4|5|5|1|0|5|4|5|3|4|0|4|7|3|8|4|0|3|8|8|6|3|0|4|8|3|4|4|0|4|5|2|5|6|0|5|4|6|10|8|0|7|7|4|6|7|0|6|10|7|3|6|0|8|6|10|9|4|0|14|10|7|9|8|0|7|10|8|8|15|0|6|10|17|19|14|0|12|18|7|8|16|0|7|14|7|10|0|10|6|10|7|6|0|10|7|7|11|8|0|8|5|9|7|5|0|1|4|3|5|2|0|4|9|3|3|2|0|1|5|3|2|1|0|5|3|6|5|4|0|3|3|2|4|1|0|2|1|5|4|2|0|1|5|3|2|1|0|3|5|2|2|2|0|4|2|4|2|4|0|5|4|3|2|3|0|5|1|1|2|0|3</HistCounts>
      </HistItem>
    </Histograms>
    <Metadata>
      <MDI key="RepresentationType">ATHEMATIC</MDI>
      <MDI key="STATISTICS_COVARIANCES">3558.080809088328</MDI>
      <MDI key="STATISTICS_MAXIMUM">215</MDI>
      <MDI key="STATISTICS_MEAN">48.837751855779</MDI>
      <MDI key="STATISTICS_MINIMUM">3</MDI>
      <MDI key="STATISTICS_SKIPFACTORX">1</MDI>
      <MDI key="STATISTICS_SKIPFACTORY">1</MDI>
      <MDI key="STATISTICS_STDDEV">59.649650536179</MDI>
    </Metadata>
  </PAMRasterBand>
</PAMDataset>
