<PAMDataset>
  <Metadata>
    <MDI key="DataType">Generic</MDI>
  </Metadata>
  <Metadata domain="Esri">
    <MDI key="PyramidResamplingType">NEAREST</MDI>
  </Metadata>
  <PAMRasterBand band="1">
    <Histograms>
      <HistItem>
        <HistMin>0</HistMin>
        <HistMax>107</HistMax>
        <BucketCount>256</BucketCount>
        <IncludeOutOfRange>1</IncludeOutOfRange>
        <Approximate>0</Approximate>
        <HistCounts>5|0|1071|0|553|0|0|601|0|204|0|137|0|0|67|0|33|0|0|17|0|6|0|4|0|0|3|0|8|0|2|0|0|5|0|2|0|0|6|0|1|0|2|0|0|3|0|4|0|0|3|0|6|0|2|0|0|2|0|2|0|3|0|0|1|0|1|0|0|2|0|1|0|0|0|0|2|0|0|0|0|1|0|1|0|3|0|0|1|0|1|0|4|0|0|0|0|2|0|0|1|0|2|0|0|0|0|2|0|0|0|0|0|0|1|0|1|0|0|0|0|0|0|3|0|0|0|0|0|0|0|2|0|0|0|1|0|0|1|0|0|0|0|0|0|1|0|1|0|0|1|0|2|0|2|0|0|1|0|3|0|0|0|0|0|0|1|0|0|1|0|0|0|1|0|0|1|0|0|0|0|1|0|0|0|1|0|0|0|0|2|0|0|0|0|0|0|0|0|0|0|0|0|0|0|0|0|2|0|0|0|0|2|0|3|0|0|0|0|0|0|2|0|0|1|0|2|0|0|0|0|1|0|0|0|5|0|0|2|0|0|0|0|2|0|0|0|1|0|0|0|0|0|0|0|1</HistCounts>
      </HistItem>
    </Histograms>
    <Metadata>
      <MDI key="RepresentationType">ATHEMATIC</MDI>
      <MDI key="STATISTICS_COVARIANCES">126.5975432265239</MDI>
      <MDI key="STATISTICS_MAXIMUM">107</MDI>
      <MDI key="STATISTICS_MEAN">4.3503004595263</MDI>
      <MDI key="STATISTICS_MINIMUM">0</MDI>
      <MDI key="STATISTICS_SKIPFACTORX">1</MDI>
      <MDI key="STATISTICS_SKIPFACTORY">1</MDI>
      <MDI key="STATISTICS_STDDEV">11.251557368939</MDI>
    </Metadata>
  </PAMRasterBand>
</PAMDataset>
