<PAMDataset>
  <Metadata>
    <MDI key="DataType">Generic</MDI>
  </Metadata>
  <Metadata domain="Esri">
    <MDI key="PyramidResamplingType">NEAREST</MDI>
  </Metadata>
  <PAMRasterBand band="1">
    <Histograms>
      <HistItem>
        <HistMin>2</HistMin>
        <HistMax>63</HistMax>
        <BucketCount>256</BucketCount>
        <IncludeOutOfRange>1</IncludeOutOfRange>
        <Approximate>0</Approximate>
        <HistCounts>105|0|0|0|390|0|0|0|519|0|0|0|627|0|0|0|321|0|0|0|267|0|0|0|0|128|0|0|0|194|0|0|0|57|0|0|0|17|0|0|0|4|0|0|0|5|0|0|0|0|6|0|0|0|11|0|0|0|10|0|0|0|10|0|0|0|9|0|0|0|0|6|0|0|0|9|0|0|0|4|0|0|0|8|0|0|0|6|0|0|0|6|0|0|0|0|9|0|0|0|2|0|0|0|4|0|0|0|7|0|0|0|7|0|0|0|0|4|0|0|0|8|0|0|0|3|0|0|0|5|0|0|0|2|0|0|0|8|0|0|0|0|4|0|0|0|3|0|0|0|4|0|0|0|1|0|0|0|4|0|0|0|0|3|0|0|0|1|0|0|0|4|0|0|0|1|0|0|0|2|0|0|0|2|0|0|0|0|1|0|0|0|2|0|0|0|1|0|0|0|0|0|0|0|4|0|0|0|0|4|0|0|0|1|0|0|0|0|0|0|0|1|0|0|0|0|0|0|0|3|0|0|0|0|1|0|0|0|0|0|0|0|3|0|0|0|0|0|0|0|0|0|0|0|0|1</HistCounts>
      </HistItem>
    </Histograms>
    <Metadata>
      <MDI key="RepresentationType">ATHEMATIC</MDI>
      <MDI key="STATISTICS_COVARIANCES">50.56838247830248</MDI>
      <MDI key="STATISTICS_MAXIMUM">63</MDI>
      <MDI key="STATISTICS_MEAN">6.9696005655709</MDI>
      <MDI key="STATISTICS_MINIMUM">2</MDI>
      <MDI key="STATISTICS_SKIPFACTORX">1</MDI>
      <MDI key="STATISTICS_SKIPFACTORY">1</MDI>
      <MDI key="STATISTICS_STDDEV">7.1111449484807</MDI>
    </Metadata>
  </PAMRasterBand>
</PAMDataset>
