<PAMDataset>
  <Metadata>
    <MDI key="DataType">Generic</MDI>
  </Metadata>
  <Metadata domain="Esri">
    <MDI key="PyramidResamplingType">NEAREST</MDI>
  </Metadata>
  <PAMRasterBand band="1">
    <Histograms>
      <HistItem>
        <HistMin>0</HistMin>
        <HistMax>35</HistMax>
        <BucketCount>256</BucketCount>
        <IncludeOutOfRange>1</IncludeOutOfRange>
        <Approximate>0</Approximate>
        <HistCounts>285|0|0|0|0|0|0|1169|0|0|0|0|0|0|566|0|0|0|0|0|0|332|0|0|0|0|0|0|0|240|0|0|0|0|0|0|111|0|0|0|0|0|0|7|0|0|0|0|0|0|0|11|0|0|0|0|0|0|14|0|0|0|0|0|0|9|0|0|0|0|0|0|11|0|0|0|0|0|0|0|6|0|0|0|0|0|0|12|0|0|0|0|0|0|7|0|0|0|0|0|0|0|7|0|0|0|0|0|0|6|0|0|0|0|0|0|7|0|0|0|0|0|0|6|0|0|0|0|0|0|0|5|0|0|0|0|0|0|2|0|0|0|0|0|0|2|0|0|0|0|0|0|0|2|0|0|0|0|0|0|2|0|0|0|0|0|0|0|0|0|0|0|0|0|1|0|0|0|0|0|0|0|3|0|0|0|0|0|0|1|0|0|0|0|0|0|3|0|0|0|0|0|0|0|0|0|0|0|0|0|0|0|0|0|0|0|0|0|1|0|0|0|0|0|0|0|0|0|0|0|0|0|0|0|0|0|0|0|0|0|0|0|0|0|0|0|0|0|0|0|0|0|0|0|0|1</HistCounts>
      </HistItem>
    </Histograms>
    <Metadata>
      <MDI key="RepresentationType">ATHEMATIC</MDI>
      <MDI key="STATISTICS_COVARIANCES">8.524576984285323</MDI>
      <MDI key="STATISTICS_MAXIMUM">35</MDI>
      <MDI key="STATISTICS_MEAN">2.2841993637328</MDI>
      <MDI key="STATISTICS_MINIMUM">0</MDI>
      <MDI key="STATISTICS_SKIPFACTORX">1</MDI>
      <MDI key="STATISTICS_SKIPFACTORY">1</MDI>
      <MDI key="STATISTICS_STDDEV">2.9196878230875</MDI>
    </Metadata>
  </PAMRasterBand>
</PAMDataset>
