<PAMDataset>
  <Metadata>
    <MDI key="DataType">Generic</MDI>
  </Metadata>
  <Metadata domain="Esri">
    <MDI key="PyramidResamplingType">NEAREST</MDI>
  </Metadata>
  <PAMRasterBand band="1">
    <Histograms>
      <HistItem>
        <HistMin>2</HistMin>
        <HistMax>276</HistMax>
        <BucketCount>256</BucketCount>
        <IncludeOutOfRange>1</IncludeOutOfRange>
        <Approximate>0</Approximate>
        <HistCounts>271|401|350|246|234|184|105|52|36|34|19|15|7|10|5|9|7|5|3|4|12|11|2|2|6|8|9|5|7|5|7|3|3|3|8|2|4|4|6|7|9|4|4|2|4|3|7|5|2|6|2|4|3|6|5|3|5|3|3|6|8|8|1|2|2|4|3|7|5|4|5|6|2|4|5|5|3|2|2|5|11|4|5|6|6|6|5|0|4|4|4|4|7|7|7|4|5|5|6|1|5|5|4|5|6|2|2|8|8|3|3|1|3|2|6|3|7|6|2|6|12|2|1|10|4|9|2|3|3|6|5|3|2|3|5|5|8|5|3|4|1|10|7|2|7|3|6|10|6|5|6|7|3|6|5|5|2|7|2|10|10|10|2|7|2|5|2|5|3|3|2|4|3|3|2|2|2|2|4|1|2|3|1|2|5|1|3|2|0|1|1|1|1|1|0|1|0|0|1|1|3|0|1|1|0|0|1|0|0|0|0|0|0|0|3|2|0|0|0|0|0|1|0|4|0|0|3|0|0|0|1|0|1|3|0|0|2|1|2|2|3|4|0|2|2|1|2|2|2|1|2|0|1|0|1|1</HistCounts>
      </HistItem>
    </Histograms>
    <Metadata>
      <MDI key="RepresentationType">ATHEMATIC</MDI>
      <MDI key="STATISTICS_COVARIANCES">3786.124358845513</MDI>
      <MDI key="STATISTICS_MAXIMUM">276</MDI>
      <MDI key="STATISTICS_MEAN">39.523506539413</MDI>
      <MDI key="STATISTICS_MINIMUM">2</MDI>
      <MDI key="STATISTICS_SKIPFACTORX">1</MDI>
      <MDI key="STATISTICS_SKIPFACTORY">1</MDI>
      <MDI key="STATISTICS_STDDEV">61.531490790046</MDI>
    </Metadata>
  </PAMRasterBand>
</PAMDataset>
