<PAMDataset>
  <Metadata>
    <MDI key="DataType">Generic</MDI>
  </Metadata>
  <Metadata domain="Esri">
    <MDI key="PyramidResamplingType">NEAREST</MDI>
  </Metadata>
  <PAMRasterBand band="1">
    <Histograms>
      <HistItem>
        <HistMin>1</HistMin>
        <HistMax>53</HistMax>
        <BucketCount>256</BucketCount>
        <IncludeOutOfRange>1</IncludeOutOfRange>
        <Approximate>0</Approximate>
        <HistCounts>35|0|0|0|289|0|0|0|0|356|0|0|0|0|378|0|0|0|0|575|0|0|0|0|518|0|0|0|0|293|0|0|0|0|132|0|0|0|0|91|0|0|0|0|38|0|0|0|0|3|0|0|0|6|0|0|0|0|4|0|0|0|0|4|0|0|0|0|6|0|0|0|0|5|0|0|0|0|5|0|0|0|0|0|0|0|0|0|3|0|0|0|0|1|0|0|0|0|3|0|0|0|2|0|0|0|0|2|0|0|0|0|3|0|0|0|0|0|0|0|0|0|5|0|0|0|0|3|0|0|0|0|1|0|0|0|0|2|0|0|0|0|4|0|0|0|0|3|0|0|0|0|3|0|0|0|3|0|0|0|0|0|0|0|0|0|2|0|0|0|0|6|0|0|0|0|4|0|0|0|0|2|0|0|0|0|3|0|0|0|0|2|0|0|0|0|1|0|0|0|0|3|0|0|0|2|0|0|0|0|3|0|0|0|0|1|0|0|0|0|4|0|0|0|0|3|0|0|0|0|5|0|0|0|0|5|0|0|0|0|3|0|0|0|0|2|0|0|0|0|0|0|0|0|0|2</HistCounts>
      </HistItem>
    </Histograms>
    <Metadata>
      <MDI key="RepresentationType">ATHEMATIC</MDI>
      <MDI key="STATISTICS_COVARIANCES">38.21876973335869</MDI>
      <MDI key="STATISTICS_MAXIMUM">53</MDI>
      <MDI key="STATISTICS_MEAN">6.101802757158</MDI>
      <MDI key="STATISTICS_MINIMUM">1</MDI>
      <MDI key="STATISTICS_SKIPFACTORX">1</MDI>
      <MDI key="STATISTICS_SKIPFACTORY">1</MDI>
      <MDI key="STATISTICS_STDDEV">6.1821331054385</MDI>
    </Metadata>
  </PAMRasterBand>
</PAMDataset>
