<PAMDataset>
  <Metadata>
    <MDI key="DataType">Generic</MDI>
  </Metadata>
  <Metadata domain="Esri">
    <MDI key="PyramidResamplingType">NEAREST</MDI>
  </Metadata>
  <PAMRasterBand band="1">
    <Histograms>
      <HistItem>
        <HistMin>4</HistMin>
        <HistMax>350</HistMax>
        <BucketCount>256</BucketCount>
        <IncludeOutOfRange>1</IncludeOutOfRange>
        <Approximate>0</Approximate>
        <HistCounts>172|351|919|72|11|15|5|5|15|8|4|6|8|10|9|3|12|7|6|12|9|5|9|8|11|12|12|4|16|7|18|10|11|24|17|9|18|14|11|26|7|16|27|12|20|12|8|22|18|12|36|17|17|30|19|10|10|10|22|9|11|10|11|5|23|7|8|10|5|9|15|4|10|5|2|14|5|6|19|8|9|19|11|5|17|12|22|8|12|7|12|9|19|7|8|11|7|10|13|2|8|3|5|7|4|2|11|4|2|6|2|4|5|3|3|1|4|3|3|1|8|3|2|3|2|2|3|1|6|4|1|4|0|2|4|0|0|2|2|1|2|0|2|1|0|3|1|1|1|1|0|1|0|2|0|0|1|1|0|2|1|0|0|1|0|0|0|0|2|1|1|0|0|2|0|0|0|1|0|0|1|0|1|0|2|0|1|3|1|0|0|0|0|0|0|1|3|1|3|0|0|0|0|0|0|1|0|1|0|0|1|0|2|0|0|1|0|0|0|0|0|0|0|1|0|0|0|0|0|0|0|0|0|0|0|0|0|0|0|0|1|0|0|0|0|1|0|0|0|0|1|0|0|0|0|1</HistCounts>
      </HistItem>
    </Histograms>
    <Metadata>
      <MDI key="RepresentationType">ATHEMATIC</MDI>
      <MDI key="STATISTICS_COVARIANCES">3088.69939773101</MDI>
      <MDI key="STATISTICS_MAXIMUM">350</MDI>
      <MDI key="STATISTICS_MEAN">45.830682219866</MDI>
      <MDI key="STATISTICS_MINIMUM">4</MDI>
      <MDI key="STATISTICS_SKIPFACTORX">1</MDI>
      <MDI key="STATISTICS_SKIPFACTORY">1</MDI>
      <MDI key="STATISTICS_STDDEV">55.576068570303</MDI>
    </Metadata>
  </PAMRasterBand>
</PAMDataset>
