<PAMDataset>
  <Metadata>
    <MDI key="DataType">Generic</MDI>
  </Metadata>
  <Metadata domain="Esri">
    <MDI key="PyramidResamplingType">NEAREST</MDI>
  </Metadata>
  <PAMRasterBand band="1">
    <Histograms>
      <HistItem>
        <HistMin>6</HistMin>
        <HistMax>420</HistMax>
        <BucketCount>256</BucketCount>
        <IncludeOutOfRange>1</IncludeOutOfRange>
        <Approximate>0</Approximate>
        <HistCounts>42|265|147|203|66|16|14|5|7|5|5|8|9|5|12|4|9|8|0|9|7|3|5|5|2|3|3|1|7|6|7|3|4|8|6|4|5|5|7|4|7|6|1|6|5|2|6|4|5|3|2|12|9|3|2|0|6|8|5|9|16|2|7|3|6|9|2|9|8|5|12|2|11|4|3|9|11|1|7|4|7|13|2|9|2|9|5|3|6|11|2|10|6|10|5|1|11|9|1|5|3|13|10|4|7|8|5|13|4|13|13|1|9|10|3|5|7|14|9|4|14|15|1|8|8|11|14|5|18|14|8|10|10|25|11|6|13|16|9|15|7|18|7|10|16|13|4|19|4|17|10|2|16|10|9|11|10|21|19|6|15|11|9|13|14|12|12|7|11|8|18|25|10|24|18|11|14|3|21|12|12|19|11|9|22|5|14|13|9|5|20|6|6|8|15|11|9|11|13|6|10|8|10|13|9|9|12|6|8|4|14|15|9|18|14|7|22|10|19|10|10|14|21|4|14|14|13|15|4|8|12|4|6|4|11|8|4|5|7|3|3|0|2|2|3|4|4|0|0|1|0|1|0|0|0|1</HistCounts>
      </HistItem>
    </Histograms>
    <Metadata>
      <MDI key="RepresentationType">ATHEMATIC</MDI>
      <MDI key="STATISTICS_COVARIANCES">17488.77136102487</MDI>
      <MDI key="STATISTICS_MAXIMUM">420</MDI>
      <MDI key="STATISTICS_MEAN">175.63273241428</MDI>
      <MDI key="STATISTICS_MINIMUM">6</MDI>
      <MDI key="STATISTICS_SKIPFACTORX">1</MDI>
      <MDI key="STATISTICS_SKIPFACTORY">1</MDI>
      <MDI key="STATISTICS_STDDEV">132.24511847711</MDI>
    </Metadata>
  </PAMRasterBand>
</PAMDataset>
