<PAMDataset>
  <Metadata>
    <MDI key="DataType">Generic</MDI>
  </Metadata>
  <Metadata domain="Esri">
    <MDI key="PyramidResamplingType">NEAREST</MDI>
  </Metadata>
  <PAMRasterBand band="1">
    <Histograms>
      <HistItem>
        <HistMin>4</HistMin>
        <HistMax>187</HistMax>
        <BucketCount>256</BucketCount>
        <IncludeOutOfRange>1</IncludeOutOfRange>
        <Approximate>0</Approximate>
        <HistCounts>14|110|344|0|424|479|314|0|134|48|0|27|9|8|0|5|10|0|6|14|8|0|2|7|0|5|7|6|0|6|4|0|7|11|12|0|10|8|0|5|15|6|0|10|12|5|0|9|7|0|9|12|10|0|8|6|0|5|4|6|0|6|9|0|9|6|1|0|9|10|0|6|10|2|0|9|7|0|9|7|6|0|4|10|0|5|9|8|0|6|8|7|0|8|8|0|11|8|6|0|6|14|0|5|8|9|0|5|8|0|7|11|9|0|11|11|0|10|15|4|0|8|9|0|8|6|7|0|10|12|9|0|5|10|0|9|6|10|0|7|8|0|10|12|9|0|9|9|0|8|6|6|0|7|4|0|1|3|1|0|3|1|0|2|7|2|0|1|1|0|4|2|1|0|0|1|2|0|1|2|0|1|0|0|0|2|2|0|1|1|2|0|0|3|0|2|4|0|0|5|2|0|1|2|0|0|2|2|0|4|1|2|0|2|1|2|0|6|0|0|2|1|3|0|1|2|0|0|5|0|0|1|1|0|4|0|0|0|1|2|0|4|1|3|0|1|2|0|0|0|0|0|0|0|0|1</HistCounts>
      </HistItem>
    </Histograms>
    <Metadata>
      <MDI key="RepresentationType">ATHEMATIC</MDI>
      <MDI key="STATISTICS_COVARIANCES">1553.788458644385</MDI>
      <MDI key="STATISTICS_MAXIMUM">187</MDI>
      <MDI key="STATISTICS_MEAN">30.106751502298</MDI>
      <MDI key="STATISTICS_MINIMUM">4</MDI>
      <MDI key="STATISTICS_SKIPFACTORX">1</MDI>
      <MDI key="STATISTICS_SKIPFACTORY">1</MDI>
      <MDI key="STATISTICS_STDDEV">39.418123479491</MDI>
    </Metadata>
  </PAMRasterBand>
</PAMDataset>
