<PAMDataset>
  <Metadata>
    <MDI key="DataType">Generic</MDI>
  </Metadata>
  <Metadata domain="Esri">
    <MDI key="PyramidResamplingType">NEAREST</MDI>
  </Metadata>
  <PAMRasterBand band="1">
    <Histograms>
      <HistItem>
        <HistMin>1</HistMin>
        <HistMax>30</HistMax>
        <BucketCount>256</BucketCount>
        <IncludeOutOfRange>1</IncludeOutOfRange>
        <Approximate>0</Approximate>
        <HistCounts>184|0|0|0|0|0|0|0|491|0|0|0|0|0|0|0|0|637|0|0|0|0|0|0|0|0|780|0|0|0|0|0|0|0|0|259|0|0|0|0|0|0|0|181|0|0|0|0|0|0|0|0|140|0|0|0|0|0|0|0|0|71|0|0|0|0|0|0|0|0|3|0|0|0|0|0|0|0|0|5|0|0|0|0|0|0|0|4|0|0|0|0|0|0|0|0|5|0|0|0|0|0|0|0|0|7|0|0|0|0|0|0|0|0|4|0|0|0|0|0|0|0|0|3|0|0|0|0|0|0|0|6|0|0|0|0|0|0|0|0|2|0|0|0|0|0|0|0|0|3|0|0|0|0|0|0|0|0|7|0|0|0|0|0|0|0|0|4|0|0|0|0|0|0|0|4|0|0|0|0|0|0|0|0|3|0|0|0|0|0|0|0|0|7|0|0|0|0|0|0|0|0|4|0|0|0|0|0|0|0|0|4|0|0|0|0|0|0|0|2|0|0|0|0|0|0|0|0|3|0|0|0|0|0|0|0|0|2|0|0|0|0|0|0|0|0|3|0|0|0|0|0|0|0|0|1</HistCounts>
      </HistItem>
    </Histograms>
    <Metadata>
      <MDI key="RepresentationType">ATHEMATIC</MDI>
      <MDI key="STATISTICS_COVARIANCES">10.02418850429206</MDI>
      <MDI key="STATISTICS_MAXIMUM">30</MDI>
      <MDI key="STATISTICS_MEAN">4.1389183457052</MDI>
      <MDI key="STATISTICS_MINIMUM">1</MDI>
      <MDI key="STATISTICS_SKIPFACTORX">1</MDI>
      <MDI key="STATISTICS_SKIPFACTORY">1</MDI>
      <MDI key="STATISTICS_STDDEV">3.1660998885525</MDI>
    </Metadata>
  </PAMRasterBand>
</PAMDataset>
