<PAMDataset>
  <Metadata>
    <MDI key="DataType">Generic</MDI>
  </Metadata>
  <Metadata domain="Esri">
    <MDI key="PyramidResamplingType">NEAREST</MDI>
  </Metadata>
  <PAMRasterBand band="1">
    <Histograms>
      <HistItem>
        <HistMin>3</HistMin>
        <HistMax>331</HistMax>
        <BucketCount>256</BucketCount>
        <IncludeOutOfRange>1</IncludeOutOfRange>
        <Approximate>0</Approximate>
        <HistCounts>20|47|63|275|149|68|39|9|3|3|2|4|7|11|4|5|2|9|8|7|12|8|7|11|13|4|5|11|7|7|3|19|3|5|11|7|8|4|11|3|6|21|1|8|9|20|10|7|17|15|12|9|17|6|4|14|12|6|12|11|7|11|19|8|7|7|29|15|9|14|10|14|10|22|12|15|17|12|10|8|19|14|14|18|22|10|11|11|6|14|26|11|14|13|21|8|11|21|10|8|15|22|11|9|22|12|8|12|19|6|7|17|3|12|12|25|13|9|19|8|5|12|19|9|9|21|8|8|14|16|8|6|19|7|13|5|17|11|5|18|12|7|12|12|10|8|13|8|10|8|10|10|7|9|9|12|10|12|9|5|5|5|11|6|16|6|5|16|8|5|6|15|7|5|10|4|7|5|9|4|3|19|3|8|2|12|3|3|14|5|3|8|9|8|3|14|3|6|4|12|6|2|6|8|4|2|7|6|3|8|2|3|5|9|3|8|7|4|1|4|7|6|6|5|4|5|4|4|4|1|5|1|3|0|6|3|3|4|2|2|1|3|2|2|2|0|1|2|4|1|3|2|0|1|1|1</HistCounts>
      </HistItem>
    </Histograms>
    <Metadata>
      <MDI key="RepresentationType">ATHEMATIC</MDI>
      <MDI key="STATISTICS_COVARIANCES">7869.107939191133</MDI>
      <MDI key="STATISTICS_MAXIMUM">331</MDI>
      <MDI key="STATISTICS_MEAN">115.34959349593</MDI>
      <MDI key="STATISTICS_MINIMUM">3</MDI>
      <MDI key="STATISTICS_SKIPFACTORX">1</MDI>
      <MDI key="STATISTICS_SKIPFACTORY">1</MDI>
      <MDI key="STATISTICS_STDDEV">88.707992532754</MDI>
    </Metadata>
  </PAMRasterBand>
</PAMDataset>
