<PAMDataset>
  <Metadata>
    <MDI key="DataType">Generic</MDI>
  </Metadata>
  <Metadata domain="Esri">
    <MDI key="PyramidResamplingType">NEAREST</MDI>
  </Metadata>
  <PAMRasterBand band="1">
    <Histograms>
      <HistItem>
        <HistMin>3</HistMin>
        <HistMax>269</HistMax>
        <BucketCount>256</BucketCount>
        <IncludeOutOfRange>1</IncludeOutOfRange>
        <Approximate>0</Approximate>
        <HistCounts>489|165|99|96|98|71|72|49|19|20|8|13|10|14|15|14|16|18|19|16|16|14|12|32|16|9|22|14|14|13|14|11|16|18|16|16|10|17|12|14|12|19|10|13|14|11|26|13|19|7|14|13|12|14|4|9|5|17|6|12|13|13|8|14|13|7|4|16|12|29|12|11|14|13|9|8|7|7|4|8|8|10|9|4|5|4|7|5|7|4|5|4|14|8|4|7|7|8|3|8|6|3|8|8|2|9|4|5|3|7|4|4|5|3|7|12|6|7|9|3|7|3|7|4|10|3|4|6|5|8|5|5|8|6|7|8|5|7|7|13|12|5|5|1|10|6|13|5|4|9|1|3|6|3|6|6|2|4|5|1|2|1|5|4|6|6|6|2|1|2|6|1|2|4|7|2|3|5|0|1|3|1|2|4|3|10|5|5|3|4|8|4|6|5|5|7|4|7|3|5|5|4|1|2|6|2|4|1|3|2|3|0|0|2|2|2|4|1|2|1|1|2|0|0|1|1|1|2|1|2|0|1|4|2|3|2|0|1|1|0|1|5|2|1|1|0|0|1|1|2|0|1|0|0|1|1</HistCounts>
      </HistItem>
    </Histograms>
    <Metadata>
      <MDI key="RepresentationType">ATHEMATIC</MDI>
      <MDI key="STATISTICS_COVARIANCES">4230.567832006662</MDI>
      <MDI key="STATISTICS_MAXIMUM">269</MDI>
      <MDI key="STATISTICS_MEAN">57.658890067162</MDI>
      <MDI key="STATISTICS_MINIMUM">3</MDI>
      <MDI key="STATISTICS_SKIPFACTORX">1</MDI>
      <MDI key="STATISTICS_SKIPFACTORY">1</MDI>
      <MDI key="STATISTICS_STDDEV">65.042815375771</MDI>
    </Metadata>
  </PAMRasterBand>
</PAMDataset>
