<PAMDataset>
  <Metadata>
    <MDI key="DataType">Generic</MDI>
  </Metadata>
  <Metadata domain="Esri">
    <MDI key="PyramidResamplingType">NEAREST</MDI>
  </Metadata>
  <PAMRasterBand band="1">
    <Histograms>
      <HistItem>
        <HistMin>1</HistMin>
        <HistMax>66</HistMax>
        <BucketCount>256</BucketCount>
        <IncludeOutOfRange>1</IncludeOutOfRange>
        <Approximate>0</Approximate>
        <HistCounts>232|0|0|459|0|0|0|516|0|0|0|432|0|0|0|404|0|0|0|253|0|0|0|136|0|0|0|113|0|0|0|8|0|0|0|2|0|0|0|6|0|0|0|7|0|0|0|6|0|0|0|7|0|0|5|0|0|0|8|0|0|0|6|0|0|0|6|0|0|0|1|0|0|0|2|0|0|0|4|0|0|0|6|0|0|0|4|0|0|0|7|0|0|0|4|0|0|0|1|0|0|0|5|0|0|6|0|0|0|2|0|0|0|5|0|0|0|9|0|0|0|4|0|0|0|4|0|0|0|4|0|0|0|6|0|0|0|5|0|0|0|3|0|0|0|8|0|0|0|5|0|0|0|3|0|0|6|0|0|0|7|0|0|0|6|0|0|0|6|0|0|0|2|0|0|0|4|0|0|0|6|0|0|0|4|0|0|0|1|0|0|0|4|0|0|0|6|0|0|0|6|0|0|0|5|0|0|6|0|0|0|5|0|0|0|4|0|0|0|4|0|0|0|5|0|0|0|1|0|0|0|9|0|0|0|11|0|0|0|4|0|0|0|5|0|0|0|5|0|0|0|1|0|0|0|2</HistCounts>
      </HistItem>
    </Histograms>
    <Metadata>
      <MDI key="RepresentationType">ATHEMATIC</MDI>
      <MDI key="STATISTICS_COVARIANCES">129.3214479454306</MDI>
      <MDI key="STATISTICS_MAXIMUM">66</MDI>
      <MDI key="STATISTICS_MEAN">7.158359844468</MDI>
      <MDI key="STATISTICS_MINIMUM">1</MDI>
      <MDI key="STATISTICS_SKIPFACTORX">1</MDI>
      <MDI key="STATISTICS_SKIPFACTORY">1</MDI>
      <MDI key="STATISTICS_STDDEV">11.371958843815</MDI>
    </Metadata>
  </PAMRasterBand>
</PAMDataset>
