<PAMDataset>
  <Metadata>
    <MDI key="DataType">Generic</MDI>
  </Metadata>
  <Metadata domain="Esri">
    <MDI key="PyramidResamplingType">NEAREST</MDI>
  </Metadata>
  <PAMRasterBand band="1">
    <Histograms>
      <HistItem>
        <HistMin>1</HistMin>
        <HistMax>219</HistMax>
        <BucketCount>256</BucketCount>
        <IncludeOutOfRange>1</IncludeOutOfRange>
        <Approximate>0</Approximate>
        <HistCounts>10|187|212|246|289|367|0|294|143|71|34|23|15|0|13|13|16|9|6|11|0|15|18|10|15|13|17|0|8|15|9|9|7|9|0|8|10|3|6|10|11|0|10|8|10|8|4|11|0|9|10|5|6|6|6|0|8|10|9|8|2|4|0|8|6|5|7|8|0|9|7|8|3|6|5|0|4|6|5|2|2|4|0|0|4|1|6|4|2|0|4|4|3|8|7|4|0|3|8|4|2|3|4|0|4|2|4|3|4|5|0|2|2|9|2|4|3|0|5|3|2|3|7|2|0|6|2|5|3|2|0|5|1|3|2|6|3|0|4|1|3|2|2|1|0|3|4|1|2|3|0|0|3|8|6|2|4|3|0|4|4|2|3|5|1|0|0|4|1|2|2|3|0|7|2|2|4|2|2|0|3|1|5|2|3|3|0|2|5|5|2|3|0|4|1|2|2|1|2|0|4|3|4|3|5|5|0|2|4|4|0|3|3|0|1|2|4|3|2|3|0|2|1|1|3|0|0|0|3|2|2|5|3|7|0|2|2|4|2|0|4|0|2|2|3|2|1|6|0|1|4|2|0|2|0|2</HistCounts>
      </HistItem>
    </Histograms>
    <Metadata>
      <MDI key="RepresentationType">ATHEMATIC</MDI>
      <MDI key="STATISTICS_COVARIANCES">2620.592102256732</MDI>
      <MDI key="STATISTICS_MAXIMUM">219</MDI>
      <MDI key="STATISTICS_MEAN">31.964651820431</MDI>
      <MDI key="STATISTICS_MINIMUM">1</MDI>
      <MDI key="STATISTICS_SKIPFACTORX">1</MDI>
      <MDI key="STATISTICS_SKIPFACTORY">1</MDI>
      <MDI key="STATISTICS_STDDEV">51.191719078936</MDI>
    </Metadata>
  </PAMRasterBand>
</PAMDataset>
