<PAMDataset>
  <Metadata>
    <MDI key="DataType">Generic</MDI>
  </Metadata>
  <Metadata domain="Esri">
    <MDI key="PyramidResamplingType">NEAREST</MDI>
  </Metadata>
  <PAMRasterBand band="1">
    <Histograms>
      <HistItem>
        <HistMin>3</HistMin>
        <HistMax>122</HistMax>
        <BucketCount>256</BucketCount>
        <IncludeOutOfRange>1</IncludeOutOfRange>
        <Approximate>0</Approximate>
        <HistCounts>2|0|105|0|290|0|308|0|323|0|389|0|279|0|0|263|0|83|0|60|0|11|0|4|0|9|0|14|0|0|6|0|15|0|9|0|9|0|12|0|5|0|11|0|0|9|0|7|0|14|0|8|0|7|0|10|0|6|0|0|8|0|7|0|16|0|9|0|9|0|11|0|6|0|0|6|0|10|0|8|0|6|0|6|0|8|0|6|0|0|11|0|8|0|7|0|3|0|7|0|4|0|3|0|0|9|0|8|0|8|0|9|0|4|0|4|0|9|0|0|4|0|5|0|8|0|4|0|10|0|8|0|6|0|0|8|0|9|0|8|0|6|0|6|0|10|0|10|0|0|11|0|6|0|6|0|10|0|6|0|9|0|10|0|0|8|0|13|0|6|0|12|0|8|0|8|0|17|0|0|8|0|14|0|7|0|9|0|5|0|7|0|7|0|0|4|0|7|0|6|0|5|0|5|0|2|0|4|0|0|2|0|2|0|5|0|0|0|3|0|3|0|2|0|0|3|0|3|0|2|0|1|0|1|0|0|0|0|0|0|0|0|1|0|0|0|0|0|0|0|0|0|0|0|0|1</HistCounts>
      </HistItem>
    </Histograms>
    <Metadata>
      <MDI key="RepresentationType">ATHEMATIC</MDI>
      <MDI key="STATISTICS_COVARIANCES">653.3118379403466</MDI>
      <MDI key="STATISTICS_MAXIMUM">122</MDI>
      <MDI key="STATISTICS_MEAN">20.170378225521</MDI>
      <MDI key="STATISTICS_MINIMUM">3</MDI>
      <MDI key="STATISTICS_SKIPFACTORX">1</MDI>
      <MDI key="STATISTICS_SKIPFACTORY">1</MDI>
      <MDI key="STATISTICS_STDDEV">25.559965530891</MDI>
    </Metadata>
  </PAMRasterBand>
</PAMDataset>
