<PAMDataset>
  <Metadata>
    <MDI key="DataType">Generic</MDI>
  </Metadata>
  <Metadata domain="Esri">
    <MDI key="PyramidResamplingType">NEAREST</MDI>
  </Metadata>
  <PAMRasterBand band="1">
    <Histograms>
      <HistItem>
        <HistMin>2</HistMin>
        <HistMax>106</HistMax>
        <BucketCount>256</BucketCount>
        <IncludeOutOfRange>1</IncludeOutOfRange>
        <Approximate>0</Approximate>
        <HistCounts>139|0|271|0|263|0|0|307|0|500|0|0|343|0|231|0|0|200|0|101|0|0|42|0|4|0|4|0|0|5|0|4|0|0|1|0|6|0|0|10|0|3|0|0|3|0|6|0|0|4|0|5|0|5|0|0|6|0|6|0|0|4|0|8|0|0|6|0|4|0|0|3|0|5|0|0|11|0|4|0|3|0|0|4|0|8|0|0|5|0|7|0|0|7|0|8|0|0|6|0|7|0|7|0|0|3|0|9|0|0|4|0|7|0|0|4|0|7|0|0|6|0|6|0|0|6|0|7|0|3|0|0|6|0|6|0|0|3|0|4|0|0|4|0|3|0|0|6|0|6|0|0|9|0|3|0|5|0|0|3|0|6|0|0|6|0|9|0|0|4|0|3|0|0|8|0|3|0|10|0|0|7|0|9|0|0|4|0|3|0|0|4|0|2|0|0|4|0|3|0|0|4|0|2|0|5|0|0|1|0|6|0|0|3|0|3|0|0|5|0|2|0|0|1|0|4|0|0|2|0|1|0|3|0|0|0|0|2|0|0|0|0|0|0|0|0|0|1|0|0|1|0|0|0|0|2</HistCounts>
      </HistItem>
    </Histograms>
    <Metadata>
      <MDI key="RepresentationType">ATHEMATIC</MDI>
      <MDI key="STATISTICS_COVARIANCES">367.3653879325215</MDI>
      <MDI key="STATISTICS_MAXIMUM">106</MDI>
      <MDI key="STATISTICS_MEAN">13.024390243902</MDI>
      <MDI key="STATISTICS_MINIMUM">2</MDI>
      <MDI key="STATISTICS_SKIPFACTORX">1</MDI>
      <MDI key="STATISTICS_SKIPFACTORY">1</MDI>
      <MDI key="STATISTICS_STDDEV">19.166778235596</MDI>
    </Metadata>
  </PAMRasterBand>
</PAMDataset>
