<PAMDataset>
  <Metadata>
    <MDI key="DataType">Generic</MDI>
  </Metadata>
  <Metadata domain="Esri">
    <MDI key="PyramidResamplingType">NEAREST</MDI>
  </Metadata>
  <PAMRasterBand band="1">
    <Histograms>
      <HistItem>
        <HistMin>4</HistMin>
        <HistMax>433</HistMax>
        <BucketCount>256</BucketCount>
        <IncludeOutOfRange>1</IncludeOutOfRange>
        <Approximate>0</Approximate>
        <HistCounts>42|238|287|122|325|108|5|11|11|2|15|10|5|9|4|2|9|9|1|5|8|7|4|6|7|7|12|5|3|7|2|5|7|8|8|4|5|2|6|8|6|5|7|5|6|5|9|7|12|8|4|9|4|3|4|8|9|12|8|3|8|10|2|5|5|6|7|11|8|4|6|6|5|8|6|4|10|10|4|15|13|12|12|8|9|7|8|9|3|13|6|8|11|8|5|9|9|7|6|13|5|13|17|9|12|7|11|9|10|14|3|9|16|8|14|14|7|11|9|9|14|12|7|8|13|8|12|11|16|6|12|12|9|11|11|3|12|6|9|14|16|8|11|13|9|12|13|6|15|19|20|14|13|19|9|21|17|9|14|11|8|13|12|3|14|14|11|11|13|3|10|9|8|2|5|4|3|3|6|2|6|4|2|7|6|2|3|7|5|3|7|2|1|1|1|3|5|3|1|5|6|3|0|3|4|3|3|1|2|7|5|2|2|2|2|3|3|0|1|3|0|2|2|2|5|2|1|2|4|2|3|3|1|1|3|4|1|0|1|2|3|2|1|2|3|1|5|0|2|6|3|0|2|0|1|1</HistCounts>
      </HistItem>
    </Histograms>
    <Metadata>
      <MDI key="RepresentationType">ATHEMATIC</MDI>
      <MDI key="STATISTICS_COVARIANCES">14146.41866018902</MDI>
      <MDI key="STATISTICS_MAXIMUM">433</MDI>
      <MDI key="STATISTICS_MEAN">122.55072463768</MDI>
      <MDI key="STATISTICS_MINIMUM">4</MDI>
      <MDI key="STATISTICS_SKIPFACTORX">1</MDI>
      <MDI key="STATISTICS_SKIPFACTORY">1</MDI>
      <MDI key="STATISTICS_STDDEV">118.93871808704</MDI>
    </Metadata>
  </PAMRasterBand>
</PAMDataset>
