<PAMDataset>
  <Metadata>
    <MDI key="DataType">Generic</MDI>
  </Metadata>
  <Metadata domain="Esri">
    <MDI key="PyramidResamplingType">NEAREST</MDI>
  </Metadata>
  <PAMRasterBand band="1">
    <Histograms>
      <HistItem>
        <HistMin>4</HistMin>
        <HistMax>276</HistMax>
        <BucketCount>256</BucketCount>
        <IncludeOutOfRange>1</IncludeOutOfRange>
        <Approximate>0</Approximate>
        <HistCounts>18|83|119|176|219|139|71|12|3|2|6|3|4|5|4|10|6|5|7|4|4|9|5|4|6|4|4|7|1|3|10|4|2|2|7|9|2|2|3|3|2|6|3|6|9|10|4|11|5|9|5|5|7|8|6|3|1|6|4|9|6|5|4|8|8|8|8|12|3|10|8|7|6|11|12|21|8|10|18|13|16|14|15|15|10|9|6|9|9|11|21|11|13|10|10|15|15|8|13|9|18|14|15|9|18|19|15|6|8|10|12|23|10|12|9|13|9|9|3|12|39|11|10|8|16|10|5|9|11|12|11|6|13|9|6|28|7|10|6|12|13|8|8|9|10|10|10|7|10|10|14|9|7|7|2|16|9|6|9|9|10|7|4|11|13|19|13|11|11|11|14|9|11|12|11|11|7|5|10|6|21|7|9|9|4|8|7|7|4|7|17|9|2|7|4|13|4|2|7|4|4|10|7|8|4|3|4|4|6|6|15|8|7|9|8|6|6|5|3|4|7|6|8|8|5|7|6|8|2|7|1|4|2|5|3|8|6|6|2|1|6|1|6|5|5|3|5|1|1|4|0|1|2|3|0|2</HistCounts>
      </HistItem>
    </Histograms>
    <Metadata>
      <MDI key="RepresentationType">ATHEMATIC</MDI>
      <MDI key="STATISTICS_COVARIANCES">6399.755418095964</MDI>
      <MDI key="STATISTICS_MAXIMUM">276</MDI>
      <MDI key="STATISTICS_MEAN">100.96394485684</MDI>
      <MDI key="STATISTICS_MINIMUM">4</MDI>
      <MDI key="STATISTICS_SKIPFACTORX">1</MDI>
      <MDI key="STATISTICS_SKIPFACTORY">1</MDI>
      <MDI key="STATISTICS_STDDEV">79.998471348495</MDI>
    </Metadata>
  </PAMRasterBand>
</PAMDataset>
