<PAMDataset>
  <Metadata>
    <MDI key="DataType">Generic</MDI>
  </Metadata>
  <Metadata domain="Esri">
    <MDI key="PyramidResamplingType">NEAREST</MDI>
  </Metadata>
  <PAMRasterBand band="1">
    <Histograms>
      <HistItem>
        <HistMin>3</HistMin>
        <HistMax>223</HistMax>
        <BucketCount>256</BucketCount>
        <IncludeOutOfRange>1</IncludeOutOfRange>
        <Approximate>0</Approximate>
        <HistCounts>27|99|306|401|424|274|131|0|82|48|26|8|7|4|0|12|13|10|9|12|7|0|7|14|10|11|5|8|11|0|7|4|4|9|8|10|0|7|8|8|9|6|12|0|8|4|13|3|9|9|0|10|8|7|6|3|8|11|0|8|8|8|10|13|4|0|8|6|8|8|5|5|0|3|6|11|6|8|8|8|0|4|7|11|3|3|7|0|12|7|7|9|7|6|0|5|8|10|7|12|10|0|4|6|7|6|9|10|4|0|4|3|6|17|5|5|0|9|8|8|5|12|8|0|5|4|6|5|4|11|4|0|9|7|5|7|4|5|0|9|5|3|9|5|4|0|6|9|3|3|4|1|0|1|2|3|4|1|1|1|0|1|4|2|1|0|1|0|1|0|2|4|1|1|0|1|1|1|0|1|1|1|0|2|1|3|4|3|0|0|2|0|1|1|1|2|0|0|0|1|2|3|1|0|0|1|0|1|0|3|2|0|2|1|1|2|0|0|0|0|0|1|2|1|0|0|4|1|1|1|2|0|2|0|2|0|0|2|2|1|0|3|1|4|2|5|1|0|0|1|2|0|2|1|0|2</HistCounts>
      </HistItem>
    </Histograms>
    <Metadata>
      <MDI key="RepresentationType">ATHEMATIC</MDI>
      <MDI key="STATISTICS_COVARIANCES">2176.210596904262</MDI>
      <MDI key="STATISTICS_MAXIMUM">223</MDI>
      <MDI key="STATISTICS_MEAN">33.774832096147</MDI>
      <MDI key="STATISTICS_MINIMUM">3</MDI>
      <MDI key="STATISTICS_SKIPFACTORX">1</MDI>
      <MDI key="STATISTICS_SKIPFACTORY">1</MDI>
      <MDI key="STATISTICS_STDDEV">46.649872421093</MDI>
    </Metadata>
  </PAMRasterBand>
</PAMDataset>
