<PAMDataset>
  <Metadata>
    <MDI key="DataType">Generic</MDI>
  </Metadata>
  <Metadata domain="Esri">
    <MDI key="PyramidResamplingType">NEAREST</MDI>
  </Metadata>
  <PAMRasterBand band="1">
    <Histograms>
      <HistItem>
        <HistMin>1</HistMin>
        <HistMax>79</HistMax>
        <BucketCount>256</BucketCount>
        <IncludeOutOfRange>1</IncludeOutOfRange>
        <Approximate>0</Approximate>
        <HistCounts>30|0|0|278|0|0|275|0|0|366|0|0|0|529|0|0|387|0|0|248|0|0|216|0|0|0|179|0|0|103|0|0|73|0|0|24|0|0|0|3|0|0|1|0|0|5|0|0|0|1|0|0|4|0|0|7|0|0|2|0|0|0|1|0|0|2|0|0|2|0|0|6|0|0|0|2|0|0|4|0|0|2|0|0|0|8|0|0|4|0|0|2|0|0|7|0|0|0|3|0|0|1|0|0|3|0|0|3|0|0|0|2|0|0|4|0|0|1|0|0|3|0|0|0|3|0|0|2|0|0|4|0|0|0|1|0|0|3|0|0|1|0|0|5|0|0|0|1|0|0|3|0|0|4|0|0|2|0|0|0|2|0|0|3|0|0|0|0|0|0|1|0|0|0|0|0|0|0|0|0|0|0|0|0|0|0|0|0|0|0|0|0|0|0|0|0|0|0|0|0|0|0|0|0|0|0|0|0|0|0|0|0|1|0|0|1|0|0|0|0|0|0|0|0|0|0|0|0|0|0|0|0|0|0|0|0|0|0|0|0|0|0|0|0|0|0|0|0|0|0|0|0|0|0|0|1</HistCounts>
      </HistItem>
    </Histograms>
    <Metadata>
      <MDI key="RepresentationType">ATHEMATIC</MDI>
      <MDI key="STATISTICS_COVARIANCES">41.64828411336814</MDI>
      <MDI key="STATISTICS_MAXIMUM">79</MDI>
      <MDI key="STATISTICS_MEAN">6.6952986921174</MDI>
      <MDI key="STATISTICS_MINIMUM">1</MDI>
      <MDI key="STATISTICS_SKIPFACTORX">1</MDI>
      <MDI key="STATISTICS_SKIPFACTORY">1</MDI>
      <MDI key="STATISTICS_STDDEV">6.4535481801384</MDI>
    </Metadata>
  </PAMRasterBand>
</PAMDataset>
