<PAMDataset>
  <Metadata>
    <MDI key="DataType">Generic</MDI>
  </Metadata>
  <Metadata domain="Esri">
    <MDI key="PyramidResamplingType">NEAREST</MDI>
  </Metadata>
  <PAMRasterBand band="1">
    <Histograms>
      <HistItem>
        <HistMin>3</HistMin>
        <HistMax>125</HistMax>
        <BucketCount>256</BucketCount>
        <IncludeOutOfRange>1</IncludeOutOfRange>
        <Approximate>0</Approximate>
        <HistCounts>45|0|304|0|373|0|539|0|409|0|206|0|114|0|29|0|7|0|13|0|7|0|9|0|0|7|0|5|0|5|0|7|0|6|0|3|0|9|0|8|0|6|0|8|0|8|0|0|2|0|7|0|3|0|6|0|6|0|7|0|6|0|10|0|6|0|10|0|6|0|0|4|0|11|0|9|0|11|0|8|0|11|0|9|0|7|0|5|0|4|0|9|0|0|10|0|9|0|16|0|11|0|17|0|7|0|12|0|12|0|5|0|6|0|8|0|0|3|0|10|0|8|0|9|0|5|0|9|0|2|0|2|0|10|0|8|0|2|0|0|5|0|5|0|9|0|4|0|1|0|8|0|8|0|6|0|7|0|5|0|10|0|0|8|0|5|0|5|0|4|0|8|0|2|0|6|0|6|0|2|0|2|0|5|0|0|13|0|8|0|11|0|7|0|6|0|11|0|9|0|12|0|11|0|8|0|7|0|0|14|0|4|0|9|0|9|0|15|0|8|0|9|0|9|0|9|0|9|0|9|0|0|9|0|10|0|5|0|1|0|2|0|2|0|2|0|1|0|1|0|0|0|2|0|0|1</HistCounts>
      </HistItem>
    </Histograms>
    <Metadata>
      <MDI key="RepresentationType">ATHEMATIC</MDI>
      <MDI key="STATISTICS_COVARIANCES">1011.974048586497</MDI>
      <MDI key="STATISTICS_MAXIMUM">125</MDI>
      <MDI key="STATISTICS_MEAN">23.105337575115</MDI>
      <MDI key="STATISTICS_MINIMUM">3</MDI>
      <MDI key="STATISTICS_SKIPFACTORX">1</MDI>
      <MDI key="STATISTICS_SKIPFACTORY">1</MDI>
      <MDI key="STATISTICS_STDDEV">31.811539550712</MDI>
    </Metadata>
  </PAMRasterBand>
</PAMDataset>
