<PAMDataset>
  <Metadata>
    <MDI key="DataType">Generic</MDI>
  </Metadata>
  <Metadata domain="Esri">
    <MDI key="PyramidResamplingType">NEAREST</MDI>
  </Metadata>
  <PAMRasterBand band="1">
    <Histograms>
      <HistItem>
        <HistMin>1</HistMin>
        <HistMax>66</HistMax>
        <BucketCount>256</BucketCount>
        <IncludeOutOfRange>1</IncludeOutOfRange>
        <Approximate>0</Approximate>
        <HistCounts>213|0|0|788|0|0|0|450|0|0|0|437|0|0|0|296|0|0|0|127|0|0|0|71|0|0|0|83|0|0|0|78|0|0|0|40|0|0|0|39|0|0|0|23|0|0|0|25|0|0|0|5|0|0|7|0|0|0|11|0|0|0|9|0|0|0|6|0|0|0|3|0|0|0|0|0|0|0|2|0|0|0|4|0|0|0|4|0|0|0|5|0|0|0|4|0|0|0|5|0|0|0|4|0|0|2|0|0|0|2|0|0|0|1|0|0|0|5|0|0|0|0|0|0|0|3|0|0|0|2|0|0|0|1|0|0|0|4|0|0|0|2|0|0|0|0|0|0|0|1|0|0|0|3|0|0|0|0|0|0|1|0|0|0|1|0|0|0|2|0|0|0|4|0|0|0|0|0|0|0|4|0|0|0|0|0|0|0|2|0|0|0|2|0|0|0|5|0|0|0|3|0|0|0|3|0|0|4|0|0|0|6|0|0|0|4|0|0|0|1|0|0|0|3|0|0|0|6|0|0|0|4|0|0|0|2|0|0|0|0|0|0|0|1|0|0|0|2|0|0|0|2|0|0|0|2</HistCounts>
      </HistItem>
    </Histograms>
    <Metadata>
      <MDI key="RepresentationType">ATHEMATIC</MDI>
      <MDI key="STATISTICS_COVARIANCES">75.99964901807546</MDI>
      <MDI key="STATISTICS_MAXIMUM">66</MDI>
      <MDI key="STATISTICS_MEAN">5.7009544008483</MDI>
      <MDI key="STATISTICS_MINIMUM">1</MDI>
      <MDI key="STATISTICS_SKIPFACTORX">1</MDI>
      <MDI key="STATISTICS_SKIPFACTORY">1</MDI>
      <MDI key="STATISTICS_STDDEV">8.7177777568642</MDI>
    </Metadata>
  </PAMRasterBand>
</PAMDataset>
