<PAMDataset>
  <Metadata>
    <MDI key="DataType">Generic</MDI>
  </Metadata>
  <Metadata domain="Esri">
    <MDI key="PyramidResamplingType">NEAREST</MDI>
  </Metadata>
  <PAMRasterBand band="1">
    <Histograms>
      <HistItem>
        <HistMin>0</HistMin>
        <HistMax>168</HistMax>
        <BucketCount>256</BucketCount>
        <IncludeOutOfRange>1</IncludeOutOfRange>
        <Approximate>0</Approximate>
        <HistCounts>4|851|0|251|425|0|319|226|0|25|16|0|16|12|0|6|11|0|16|12|0|9|4|0|12|10|0|11|10|0|5|6|0|3|11|0|12|9|0|6|6|0|8|0|5|4|0|7|6|0|5|5|0|6|7|0|7|5|0|3|6|0|7|7|0|11|6|0|4|6|0|6|5|0|7|4|0|3|8|0|9|7|0|5|0|2|7|0|4|4|0|3|0|0|4|2|0|1|5|0|4|3|0|4|1|0|3|1|0|2|3|0|2|8|0|4|6|0|4|5|0|7|3|0|7|5|0|8|0|5|7|0|7|12|0|6|6|0|5|9|0|6|5|0|8|6|0|6|4|0|3|2|0|5|6|0|3|5|0|5|1|0|5|1|0|3|4|0|3|0|1|5|0|2|2|0|0|5|0|3|6|0|0|1|0|1|0|0|4|0|0|0|1|0|4|2|0|3|2|0|3|4|0|4|1|0|0|2|0|3|2|0|1|0|4|0|0|2|5|0|2|1|0|2|1|0|2|3|0|1|1|0|0|2|0|1|3|0|2|1|0|1|2|0|0|1|0|0|3|0|1|2|0|0|0|1</HistCounts>
      </HistItem>
    </Histograms>
    <Metadata>
      <MDI key="RepresentationType">ATHEMATIC</MDI>
      <MDI key="STATISTICS_COVARIANCES">1173.2719144964</MDI>
      <MDI key="STATISTICS_MAXIMUM">168</MDI>
      <MDI key="STATISTICS_MEAN">18.082007776599</MDI>
      <MDI key="STATISTICS_MINIMUM">0</MDI>
      <MDI key="STATISTICS_SKIPFACTORX">1</MDI>
      <MDI key="STATISTICS_SKIPFACTORY">1</MDI>
      <MDI key="STATISTICS_STDDEV">34.253057009505</MDI>
    </Metadata>
  </PAMRasterBand>
</PAMDataset>
