<PAMDataset>
  <Metadata>
    <MDI key="DataType">Generic</MDI>
  </Metadata>
  <Metadata domain="Esri">
    <MDI key="PyramidResamplingType">NEAREST</MDI>
  </Metadata>
  <PAMRasterBand band="1">
    <Histograms>
      <HistItem>
        <HistMin>3</HistMin>
        <HistMax>228</HistMax>
        <BucketCount>256</BucketCount>
        <IncludeOutOfRange>1</IncludeOutOfRange>
        <Approximate>0</Approximate>
        <HistCounts>4|183|275|112|86|59|28|20|0|25|21|16|14|21|21|14|0|17|16|21|15|25|11|19|20|0|27|16|10|24|26|19|19|0|20|18|21|14|21|16|23|13|0|11|17|25|26|15|17|16|0|18|21|20|17|14|18|16|18|0|11|15|17|26|24|12|15|0|23|12|13|25|17|10|11|19|0|19|25|16|19|17|21|14|0|12|15|13|20|9|7|12|10|0|11|16|20|12|12|8|8|0|11|8|19|6|8|10|6|2|0|9|10|2|12|5|4|7|0|4|7|13|4|5|8|7|5|0|7|10|10|14|14|17|5|0|10|7|10|6|3|9|3|8|0|2|8|4|1|4|3|8|0|2|5|10|2|4|4|7|2|0|3|4|3|5|6|4|2|0|8|8|5|7|6|4|4|5|0|5|5|10|8|3|7|10|0|8|6|11|7|8|7|6|4|0|3|4|5|2|1|3|2|0|7|2|3|3|2|2|2|3|0|1|0|3|3|3|2|1|0|1|2|2|1|3|5|2|2|0|2|3|4|2|1|5|3|0|1|1|1|1|1|3|0|1|0|0|2|3|0|1|2|1|0|1</HistCounts>
      </HistItem>
    </Histograms>
    <Metadata>
      <MDI key="RepresentationType">ATHEMATIC</MDI>
      <MDI key="STATISTICS_COVARIANCES">3000.889770926813</MDI>
      <MDI key="STATISTICS_MAXIMUM">228</MDI>
      <MDI key="STATISTICS_MEAN">59.10250972075</MDI>
      <MDI key="STATISTICS_MINIMUM">3</MDI>
      <MDI key="STATISTICS_SKIPFACTORX">1</MDI>
      <MDI key="STATISTICS_SKIPFACTORY">1</MDI>
      <MDI key="STATISTICS_STDDEV">54.780377608472</MDI>
    </Metadata>
  </PAMRasterBand>
</PAMDataset>
