<PAMDataset>
  <Metadata>
    <MDI key="DataType">Generic</MDI>
  </Metadata>
  <Metadata domain="Esri">
    <MDI key="PyramidResamplingType">NEAREST</MDI>
  </Metadata>
  <PAMRasterBand band="1">
    <Histograms>
      <HistItem>
        <HistMin>0</HistMin>
        <HistMax>58</HistMax>
        <BucketCount>256</BucketCount>
        <IncludeOutOfRange>1</IncludeOutOfRange>
        <Approximate>0</Approximate>
        <HistCounts>14|0|0|0|237|0|0|0|278|0|0|0|0|584|0|0|0|478|0|0|0|243|0|0|0|0|386|0|0|0|248|0|0|0|0|42|0|0|0|8|0|0|0|10|0|0|0|0|7|0|0|0|5|0|0|0|0|6|0|0|0|11|0|0|0|11|0|0|0|0|8|0|0|0|12|0|0|0|0|12|0|0|0|15|0|0|0|15|0|0|0|0|12|0|0|0|12|0|0|0|0|14|0|0|0|9|0|0|0|6|0|0|0|0|9|0|0|0|13|0|0|0|0|10|0|0|0|12|0|0|0|13|0|0|0|0|15|0|0|0|11|0|0|0|0|7|0|0|0|7|0|0|0|3|0|0|0|0|14|0|0|0|4|0|0|0|0|3|0|0|0|1|0|0|0|5|0|0|0|0|7|0|0|0|4|0|0|0|0|1|0|0|0|0|0|0|0|0|0|0|0|0|1|0|0|0|0|0|0|0|0|0|0|0|0|2|0|0|0|0|0|0|0|0|0|0|0|0|0|0|0|0|0|2|0|0|0|0|0|0|0|0|0|0|0|0|1|0|0|0|0|0|0|0|0|1</HistCounts>
      </HistItem>
    </Histograms>
    <Metadata>
      <MDI key="RepresentationType">ATHEMATIC</MDI>
      <MDI key="STATISTICS_COVARIANCES">56.41992662377884</MDI>
      <MDI key="STATISTICS_MAXIMUM">58</MDI>
      <MDI key="STATISTICS_MEAN">6.3499469777306</MDI>
      <MDI key="STATISTICS_MINIMUM">0</MDI>
      <MDI key="STATISTICS_SKIPFACTORX">1</MDI>
      <MDI key="STATISTICS_SKIPFACTORY">1</MDI>
      <MDI key="STATISTICS_STDDEV">7.5113198989112</MDI>
    </Metadata>
  </PAMRasterBand>
</PAMDataset>
