<PAMDataset>
  <Metadata>
    <MDI key="DataType">Generic</MDI>
  </Metadata>
  <Metadata domain="Esri">
    <MDI key="PyramidResamplingType">NEAREST</MDI>
  </Metadata>
  <PAMRasterBand band="1">
    <Histograms>
      <HistItem>
        <HistMin>1</HistMin>
        <HistMax>186</HistMax>
        <BucketCount>256</BucketCount>
        <IncludeOutOfRange>1</IncludeOutOfRange>
        <Approximate>0</Approximate>
        <HistCounts>466|465|430|0|292|251|209|0|85|5|0|10|9|5|0|6|7|5|0|4|5|0|10|6|9|0|10|8|8|0|9|9|0|10|10|15|0|7|5|8|0|2|3|0|6|5|3|0|3|3|0|3|7|6|0|3|5|11|0|3|6|0|8|5|3|0|6|5|4|0|4|3|0|4|1|6|0|6|7|3|0|2|3|0|2|9|2|0|0|2|3|0|0|2|0|3|2|2|0|4|3|0|3|8|6|0|2|1|5|0|2|3|0|5|4|5|0|1|2|1|0|3|4|0|3|2|2|0|3|2|2|0|3|7|0|3|1|3|0|0|5|4|0|4|3|0|4|3|6|0|4|3|0|6|5|5|0|6|7|8|0|1|1|0|7|2|4|0|3|2|6|0|6|2|0|5|7|4|0|4|5|1|0|2|2|0|5|3|0|0|0|0|1|0|1|2|0|2|2|1|0|1|2|0|3|2|1|0|1|1|4|0|1|2|0|1|0|1|0|2|1|0|0|2|0|0|0|3|0|0|0|1|0|0|1|0|0|0|1|0|0|1|2|1|0|0|0|0|0|1|1|0|0|0|0|1</HistCounts>
      </HistItem>
    </Histograms>
    <Metadata>
      <MDI key="RepresentationType">ATHEMATIC</MDI>
      <MDI key="STATISTICS_COVARIANCES">1251.531988102614</MDI>
      <MDI key="STATISTICS_MAXIMUM">186</MDI>
      <MDI key="STATISTICS_MEAN">18.160127253446</MDI>
      <MDI key="STATISTICS_MINIMUM">1</MDI>
      <MDI key="STATISTICS_SKIPFACTORX">1</MDI>
      <MDI key="STATISTICS_SKIPFACTORY">1</MDI>
      <MDI key="STATISTICS_STDDEV">35.37699800863</MDI>
    </Metadata>
  </PAMRasterBand>
</PAMDataset>
