<PAMDataset>
  <Metadata>
    <MDI key="DataType">Generic</MDI>
  </Metadata>
  <Metadata domain="Esri">
    <MDI key="PyramidResamplingType">NEAREST</MDI>
  </Metadata>
  <PAMRasterBand band="1">
    <Histograms>
      <HistItem>
        <HistMin>5</HistMin>
        <HistMax>370</HistMax>
        <BucketCount>256</BucketCount>
        <IncludeOutOfRange>1</IncludeOutOfRange>
        <Approximate>0</Approximate>
        <HistCounts>111|180|389|176|174|56|85|17|7|15|12|22|8|22|11|10|18|10|19|5|18|10|5|14|10|19|9|22|10|11|11|8|14|8|14|6|8|16|7|22|4|13|7|8|14|7|9|5|12|6|8|10|12|8|2|15|4|14|5|6|10|7|11|4|11|5|4|16|2|17|9|6|6|1|14|2|9|4|5|1|4|11|5|8|4|7|3|7|8|4|6|5|5|2|6|6|4|10|2|5|3|3|7|3|5|4|7|7|7|5|2|8|5|6|7|8|2|5|9|5|6|4|9|5|5|11|3|8|4|5|6|3|6|3|12|4|16|1|6|13|5|10|7|8|4|2|7|5|3|7|4|5|2|8|1|6|6|5|4|7|5|2|9|0|8|4|4|9|4|5|3|4|4|6|8|6|7|3|9|4|6|6|3|4|5|12|0|6|2|0|1|4|14|5|11|4|8|7|3|7|7|8|5|2|15|6|7|3|7|2|7|7|6|10|1|6|4|5|2|1|8|4|1|0|5|1|7|9|2|11|5|10|3|2|4|2|4|1|7|2|2|7|3|1|5|8|6|6|5|2|6|2|6|0|0|1</HistCounts>
      </HistItem>
    </Histograms>
    <Metadata>
      <MDI key="RepresentationType">ATHEMATIC</MDI>
      <MDI key="STATISTICS_COVARIANCES">11944.89423694679</MDI>
      <MDI key="STATISTICS_MAXIMUM">370</MDI>
      <MDI key="STATISTICS_MEAN">97.471191233652</MDI>
      <MDI key="STATISTICS_MINIMUM">5</MDI>
      <MDI key="STATISTICS_SKIPFACTORX">1</MDI>
      <MDI key="STATISTICS_SKIPFACTORY">1</MDI>
      <MDI key="STATISTICS_STDDEV">109.29269983373</MDI>
    </Metadata>
  </PAMRasterBand>
</PAMDataset>
