<PAMDataset>
  <Metadata>
    <MDI key="DataType">Generic</MDI>
  </Metadata>
  <Metadata domain="Esri">
    <MDI key="PyramidResamplingType">NEAREST</MDI>
  </Metadata>
  <PAMRasterBand band="1">
    <Histograms>
      <HistItem>
        <HistMin>2</HistMin>
        <HistMax>112</HistMax>
        <BucketCount>256</BucketCount>
        <IncludeOutOfRange>1</IncludeOutOfRange>
        <Approximate>0</Approximate>
        <HistCounts>25|0|116|0|179|0|229|0|0|381|0|498|0|531|0|0|397|0|102|0|33|0|0|2|0|2|0|4|0|0|4|0|3|0|2|0|0|1|0|2|0|1|0|0|3|0|4|0|1|0|0|6|0|1|0|2|0|2|0|0|3|0|1|0|2|0|0|4|0|2|0|3|0|0|6|0|0|0|1|0|0|1|0|0|0|3|0|0|0|0|2|0|2|0|0|0|0|1|0|7|0|0|3|0|1|0|3|0|5|0|0|8|0|4|0|6|0|0|0|0|1|0|2|0|0|1|0|3|0|3|0|0|1|0|1|0|3|0|0|2|0|3|0|5|0|0|3|0|3|0|0|0|0|3|0|3|0|1|0|7|0|0|1|0|1|0|5|0|0|5|0|2|0|5|0|0|2|0|4|0|3|0|0|3|0|6|0|4|0|0|5|0|6|0|3|0|0|4|0|7|0|5|0|0|5|0|9|0|5|0|4|0|0|8|0|8|0|5|0|0|4|0|6|0|3|0|0|5|0|4|0|3|0|0|11|0|4|0|7|0|0|4|0|3|0|8|0|0|1|0|4|0|1|0|0|2</HistCounts>
      </HistItem>
    </Histograms>
    <Metadata>
      <MDI key="RepresentationType">ATHEMATIC</MDI>
      <MDI key="STATISTICS_COVARIANCES">520.9923806423967</MDI>
      <MDI key="STATISTICS_MAXIMUM">112</MDI>
      <MDI key="STATISTICS_MEAN">14.458819370802</MDI>
      <MDI key="STATISTICS_MINIMUM">2</MDI>
      <MDI key="STATISTICS_SKIPFACTORX">1</MDI>
      <MDI key="STATISTICS_SKIPFACTORY">1</MDI>
      <MDI key="STATISTICS_STDDEV">22.825257515358</MDI>
    </Metadata>
  </PAMRasterBand>
</PAMDataset>
