<PAMDataset>
  <Metadata>
    <MDI key="DataType">Generic</MDI>
  </Metadata>
  <Metadata domain="Esri">
    <MDI key="PyramidResamplingType">NEAREST</MDI>
  </Metadata>
  <PAMRasterBand band="1">
    <Histograms>
      <HistItem>
        <HistMin>0</HistMin>
        <HistMax>171</HistMax>
        <BucketCount>256</BucketCount>
        <IncludeOutOfRange>1</IncludeOutOfRange>
        <Approximate>0</Approximate>
        <HistCounts>61|331|428|0|344|266|0|163|183|0|255|192|0|116|50|0|10|5|0|1|5|0|3|4|0|2|5|0|2|2|0|2|3|0|1|3|0|3|0|0|2|2|0|3|2|0|0|1|0|4|4|0|1|3|0|2|3|0|2|3|0|0|4|0|1|5|0|3|2|0|5|4|0|1|1|0|0|5|0|5|2|0|4|2|0|1|2|1|0|3|3|0|6|5|0|3|1|0|1|1|0|2|2|0|3|1|0|8|1|0|3|2|0|2|4|0|2|2|0|8|4|0|6|4|0|7|3|0|3|5|0|2|3|0|3|2|0|6|4|0|3|2|0|2|3|0|1|4|0|3|6|0|4|2|0|1|1|0|3|1|0|7|3|0|2|7|0|2|1|0|5|3|2|0|0|2|0|3|2|0|3|5|0|3|3|0|4|1|0|0|4|0|4|2|0|0|5|0|4|6|0|2|3|0|4|1|0|0|3|0|3|5|0|2|2|0|3|2|0|1|2|0|9|3|0|3|0|0|2|3|0|0|4|0|1|4|0|0|0|0|0|3|0|2|2|0|1|1|0|0|1|0|0|0|0|3</HistCounts>
      </HistItem>
    </Histograms>
    <Metadata>
      <MDI key="RepresentationType">ATHEMATIC</MDI>
      <MDI key="STATISTICS_COVARIANCES">1196.512789091364</MDI>
      <MDI key="STATISTICS_MAXIMUM">171</MDI>
      <MDI key="STATISTICS_MEAN">17.02545068929</MDI>
      <MDI key="STATISTICS_MINIMUM">0</MDI>
      <MDI key="STATISTICS_SKIPFACTORX">1</MDI>
      <MDI key="STATISTICS_SKIPFACTORY">1</MDI>
      <MDI key="STATISTICS_STDDEV">34.590645976786</MDI>
    </Metadata>
  </PAMRasterBand>
</PAMDataset>
