<PAMDataset>
  <Metadata>
    <MDI key="DataType">Generic</MDI>
  </Metadata>
  <Metadata domain="Esri">
    <MDI key="PyramidResamplingType">NEAREST</MDI>
  </Metadata>
  <PAMRasterBand band="1">
    <Histograms>
      <HistItem>
        <HistMin>2</HistMin>
        <HistMax>86</HistMax>
        <BucketCount>256</BucketCount>
        <IncludeOutOfRange>1</IncludeOutOfRange>
        <Approximate>0</Approximate>
        <HistCounts>10|0|0|95|0|0|200|0|0|343|0|0|574|0|0|487|0|0|336|0|0|279|0|0|54|0|0|2|0|0|3|0|0|6|0|0|2|0|0|5|0|0|10|0|0|6|0|0|8|0|0|5|0|0|6|0|0|7|0|0|9|0|0|11|0|0|7|0|0|9|0|0|4|0|0|6|0|0|11|0|0|6|0|0|0|7|0|0|6|0|0|5|0|0|5|0|0|6|0|0|8|0|0|10|0|0|14|0|0|10|0|0|6|0|0|10|0|0|5|0|0|11|0|0|5|0|0|17|0|0|6|0|0|5|0|0|9|0|0|5|0|0|15|0|0|4|0|0|12|0|0|5|0|0|9|0|0|6|0|0|8|0|0|14|0|0|6|0|0|0|9|0|0|7|0|0|9|0|0|7|0|0|5|0|0|4|0|0|8|0|0|3|0|0|5|0|0|7|0|0|11|0|0|6|0|0|3|0|0|5|0|0|2|0|0|1|0|0|0|0|0|0|0|0|0|0|0|2|0|0|0|0|0|1|0|0|0|0|0|2|0|0|0|0|0|0|0|0|1|0|0|0|0|0|0|1</HistCounts>
      </HistItem>
    </Histograms>
    <Metadata>
      <MDI key="RepresentationType">ATHEMATIC</MDI>
      <MDI key="STATISTICS_COVARIANCES">221.5092605230829</MDI>
      <MDI key="STATISTICS_MAXIMUM">86</MDI>
      <MDI key="STATISTICS_MEAN">12.214209968187</MDI>
      <MDI key="STATISTICS_MINIMUM">2</MDI>
      <MDI key="STATISTICS_SKIPFACTORX">1</MDI>
      <MDI key="STATISTICS_SKIPFACTORY">1</MDI>
      <MDI key="STATISTICS_STDDEV">14.883187176243</MDI>
    </Metadata>
  </PAMRasterBand>
</PAMDataset>
