<PAMDataset>
  <Metadata>
    <MDI key="DataType">Generic</MDI>
  </Metadata>
  <Metadata domain="Esri">
    <MDI key="PyramidResamplingType">NEAREST</MDI>
  </Metadata>
  <PAMRasterBand band="1">
    <Histograms>
      <HistItem>
        <HistMin>0</HistMin>
        <HistMax>94</HistMax>
        <BucketCount>256</BucketCount>
        <IncludeOutOfRange>1</IncludeOutOfRange>
        <Approximate>0</Approximate>
        <HistCounts>56|0|389|0|0|510|0|0|477|0|232|0|0|267|0|0|252|0|124|0|0|110|0|0|105|0|0|42|0|3|0|0|2|0|0|4|0|3|0|0|5|0|0|5|0|0|6|0|4|0|0|4|0|0|2|0|7|0|0|3|0|0|3|0|0|1|0|3|0|0|2|0|0|1|0|2|0|0|4|0|0|4|0|0|4|0|2|0|0|3|0|0|6|0|2|0|0|2|0|0|0|0|0|2|0|1|0|0|2|0|0|6|0|2|0|0|3|0|0|1|0|0|2|0|2|0|0|5|0|0|4|0|3|0|0|3|0|0|2|0|0|6|0|2|0|0|1|0|0|3|0|5|0|0|6|0|0|1|0|0|4|0|1|0|0|3|0|0|2|0|3|0|0|4|0|0|1|0|0|0|0|4|0|0|6|0|0|3|0|7|0|0|1|0|0|4|0|0|4|0|5|0|0|0|0|0|4|0|4|0|0|6|0|0|7|0|0|6|0|1|0|0|3|0|0|2|0|5|0|0|1|0|0|2|0|0|5|0|4|0|0|2|0|0|2|0|1|0|0|3|0|0|3|0|0|3</HistCounts>
      </HistItem>
    </Histograms>
    <Metadata>
      <MDI key="RepresentationType">ATHEMATIC</MDI>
      <MDI key="STATISTICS_COVARIANCES">262.5577057781512</MDI>
      <MDI key="STATISTICS_MAXIMUM">94</MDI>
      <MDI key="STATISTICS_MEAN">8.3404029692471</MDI>
      <MDI key="STATISTICS_MINIMUM">0</MDI>
      <MDI key="STATISTICS_SKIPFACTORX">1</MDI>
      <MDI key="STATISTICS_SKIPFACTORY">1</MDI>
      <MDI key="STATISTICS_STDDEV">16.203632487135</MDI>
    </Metadata>
  </PAMRasterBand>
</PAMDataset>
