<PAMDataset>
  <Metadata>
    <MDI key="DataType">Generic</MDI>
  </Metadata>
  <Metadata domain="Esri">
    <MDI key="PyramidResamplingType">NEAREST</MDI>
  </Metadata>
  <PAMRasterBand band="1">
    <Histograms>
      <HistItem>
        <HistMin>0</HistMin>
        <HistMax>143</HistMax>
        <BucketCount>256</BucketCount>
        <IncludeOutOfRange>1</IncludeOutOfRange>
        <Approximate>0</Approximate>
        <HistCounts>90|898|0|369|0|183|0|137|151|0|237|0|254|0|143|0|48|19|0|16|0|4|0|2|4|0|4|0|1|0|6|0|6|1|0|3|0|3|0|2|0|4|5|0|1|0|4|0|1|4|0|4|0|10|0|2|0|5|0|0|2|0|4|0|4|3|0|5|0|8|0|5|0|5|3|0|5|0|2|0|4|0|0|1|0|4|0|3|0|0|3|0|2|0|6|0|2|0|1|7|0|2|0|4|0|1|2|0|3|0|2|0|4|0|4|3|0|2|0|2|0|5|0|2|2|0|3|0|0|0|3|1|0|3|0|6|0|3|0|2|1|0|2|0|1|0|3|0|1|1|0|0|0|3|0|3|0|0|1|0|1|0|0|0|1|1|0|1|0|0|0|1|0|0|1|0|0|0|2|0|1|0|0|0|0|0|0|1|0|0|0|0|0|0|2|0|1|1|0|0|0|1|0|0|0|2|2|0|0|0|0|0|3|0|0|1|0|2|0|3|0|3|2|0|0|0|1|0|0|0|5|3|0|1|0|0|0|3|1|0|0|0|3|0|1|0|2|0|0|0|0|0|0|0|0|1</HistCounts>
      </HistItem>
    </Histograms>
    <Metadata>
      <MDI key="RepresentationType">ATHEMATIC</MDI>
      <MDI key="STATISTICS_COVARIANCES">420.6263399934899</MDI>
      <MDI key="STATISTICS_MAXIMUM">143</MDI>
      <MDI key="STATISTICS_MEAN">9.0721102863203</MDI>
      <MDI key="STATISTICS_MINIMUM">0</MDI>
      <MDI key="STATISTICS_SKIPFACTORX">1</MDI>
      <MDI key="STATISTICS_SKIPFACTORY">1</MDI>
      <MDI key="STATISTICS_STDDEV">20.509176970164</MDI>
    </Metadata>
  </PAMRasterBand>
</PAMDataset>
