<PAMDataset>
  <Metadata>
    <MDI key="DataType">Generic</MDI>
  </Metadata>
  <Metadata domain="Esri">
    <MDI key="PyramidResamplingType">NEAREST</MDI>
  </Metadata>
  <PAMRasterBand band="1">
    <Histograms>
      <HistItem>
        <HistMin>2</HistMin>
        <HistMax>100</HistMax>
        <BucketCount>256</BucketCount>
        <IncludeOutOfRange>1</IncludeOutOfRange>
        <Approximate>0</Approximate>
        <HistCounts>44|0|197|0|0|299|0|371|0|0|407|0|0|375|0|345|0|0|323|0|209|0|0|29|0|0|8|0|1|0|0|0|0|5|0|0|5|0|0|3|0|2|0|0|6|0|3|0|0|3|0|0|2|0|3|0|0|1|0|1|0|0|3|0|0|4|0|3|0|0|2|0|3|0|0|4|0|0|3|0|2|0|0|3|0|2|0|0|2|0|0|0|0|5|0|0|2|0|2|0|0|3|0|0|3|0|3|0|0|3|0|4|0|0|5|0|0|3|0|2|0|0|3|0|1|0|0|1|0|0|1|0|3|0|0|3|0|1|0|0|7|0|0|2|0|2|0|0|3|0|7|0|0|1|0|0|0|0|1|0|0|1|0|2|0|0|2|0|0|1|0|1|0|0|5|0|4|0|0|3|0|0|1|0|4|0|0|2|0|3|0|0|2|0|0|3|0|2|0|0|1|0|2|0|0|5|0|0|0|0|1|0|0|3|0|1|0|0|0|0|0|5|0|4|0|0|1|0|4|0|0|1|0|0|3|0|5|0|0|2|0|1|0|0|3|0|0|0|0|1|0|0|4|0|0|2</HistCounts>
      </HistItem>
    </Histograms>
    <Metadata>
      <MDI key="RepresentationType">ATHEMATIC</MDI>
      <MDI key="STATISTICS_COVARIANCES">221.308908341221</MDI>
      <MDI key="STATISTICS_MAXIMUM">100</MDI>
      <MDI key="STATISTICS_MEAN">10.274655355249</MDI>
      <MDI key="STATISTICS_MINIMUM">2</MDI>
      <MDI key="STATISTICS_SKIPFACTORX">1</MDI>
      <MDI key="STATISTICS_SKIPFACTORY">1</MDI>
      <MDI key="STATISTICS_STDDEV">14.876454831082</MDI>
    </Metadata>
  </PAMRasterBand>
</PAMDataset>
