<PAMDataset>
  <Metadata>
    <MDI key="DataType">Generic</MDI>
  </Metadata>
  <Metadata domain="Esri">
    <MDI key="PyramidResamplingType">NEAREST</MDI>
  </Metadata>
  <PAMRasterBand band="1">
    <Histograms>
      <HistItem>
        <HistMin>0</HistMin>
        <HistMax>63</HistMax>
        <BucketCount>256</BucketCount>
        <IncludeOutOfRange>1</IncludeOutOfRange>
        <Approximate>0</Approximate>
        <HistCounts>5|0|0|0|267|0|0|0|502|0|0|0|681|0|0|0|401|0|0|0|289|0|0|0|181|0|0|0|128|0|0|0|75|0|0|0|5|0|0|0|9|0|0|0|4|0|0|0|12|0|0|0|8|0|0|0|8|0|0|0|5|0|0|0|7|0|0|0|6|0|0|0|12|0|0|0|9|0|0|0|10|0|0|0|0|9|0|0|0|10|0|0|0|8|0|0|0|7|0|0|0|3|0|0|0|4|0|0|0|3|0|0|0|7|0|0|0|4|0|0|0|2|0|0|0|5|0|0|0|3|0|0|0|7|0|0|0|6|0|0|0|5|0|0|0|6|0|0|0|5|0|0|0|8|0|0|0|4|0|0|0|6|0|0|0|4|0|0|0|0|4|0|0|0|3|0|0|0|4|0|0|0|7|0|0|0|3|0|0|0|5|0|0|0|6|0|0|0|4|0|0|0|4|0|0|0|6|0|0|0|6|0|0|0|8|0|0|0|4|0|0|0|2|0|0|0|4|0|0|0|6|0|0|0|3|0|0|0|1|0|0|0|5|0|0|0|0|0|0|0|2|0|0|0|0|2</HistCounts>
      </HistItem>
    </Histograms>
    <Metadata>
      <MDI key="RepresentationType">ATHEMATIC</MDI>
      <MDI key="STATISTICS_COVARIANCES">102.5029263492929</MDI>
      <MDI key="STATISTICS_MAXIMUM">63</MDI>
      <MDI key="STATISTICS_MEAN">6.5185577942736</MDI>
      <MDI key="STATISTICS_MINIMUM">0</MDI>
      <MDI key="STATISTICS_SKIPFACTORX">1</MDI>
      <MDI key="STATISTICS_SKIPFACTORY">1</MDI>
      <MDI key="STATISTICS_STDDEV">10.124372886717</MDI>
    </Metadata>
  </PAMRasterBand>
</PAMDataset>
