<PAMDataset>
  <Metadata>
    <MDI key="DataType">Generic</MDI>
  </Metadata>
  <Metadata domain="Esri">
    <MDI key="PyramidResamplingType">NEAREST</MDI>
  </Metadata>
  <PAMRasterBand band="1">
    <Histograms>
      <HistItem>
        <HistMin>6</HistMin>
        <HistMax>456</HistMax>
        <BucketCount>256</BucketCount>
        <IncludeOutOfRange>1</IncludeOutOfRange>
        <Approximate>0</Approximate>
        <HistCounts>75|400|314|110|10|5|11|8|4|7|11|6|5|3|9|2|5|9|6|9|8|2|11|11|10|7|6|8|13|1|8|13|12|6|8|10|9|9|5|15|11|8|3|11|11|11|6|9|12|7|8|11|15|12|18|8|21|11|18|8|20|14|16|10|18|12|13|19|20|14|20|29|13|17|17|21|12|13|24|13|10|23|30|26|13|21|34|24|30|7|12|20|12|12|14|18|16|8|13|11|8|1|12|7|9|12|5|10|11|8|9|11|8|9|5|14|3|6|3|7|7|9|6|6|8|17|10|4|14|6|6|3|3|5|6|3|6|4|4|4|1|7|8|11|0|11|7|10|6|8|9|3|9|8|8|5|2|3|4|4|4|3|3|4|3|2|5|5|1|5|4|1|4|4|2|9|4|6|3|3|7|2|0|3|1|7|1|5|3|5|1|2|3|8|0|2|5|3|5|1|6|6|2|4|8|7|6|2|3|3|4|7|4|3|7|4|1|6|1|7|1|6|1|3|3|1|0|5|4|3|5|3|7|1|4|4|4|1|1|7|9|3|1|4|2|0|2|1|3|0|2|2|0|2|0|2</HistCounts>
      </HistItem>
    </Histograms>
    <Metadata>
      <MDI key="RepresentationType">ATHEMATIC</MDI>
      <MDI key="STATISTICS_COVARIANCES">13927.57841621154</MDI>
      <MDI key="STATISTICS_MAXIMUM">456</MDI>
      <MDI key="STATISTICS_MEAN">127.00919052669</MDI>
      <MDI key="STATISTICS_MINIMUM">6</MDI>
      <MDI key="STATISTICS_SKIPFACTORX">1</MDI>
      <MDI key="STATISTICS_SKIPFACTORY">1</MDI>
      <MDI key="STATISTICS_STDDEV">118.01516180649</MDI>
    </Metadata>
  </PAMRasterBand>
</PAMDataset>
