<PAMDataset>
  <Metadata>
    <MDI key="DataType">Generic</MDI>
  </Metadata>
  <Metadata domain="Esri">
    <MDI key="PyramidResamplingType">NEAREST</MDI>
  </Metadata>
  <PAMRasterBand band="1">
    <Histograms>
      <HistItem>
        <HistMin>3</HistMin>
        <HistMax>203</HistMax>
        <BucketCount>256</BucketCount>
        <IncludeOutOfRange>1</IncludeOutOfRange>
        <Approximate>0</Approximate>
        <HistCounts>3|75|198|162|0|172|207|206|165|0|113|124|65|0|58|37|32|8|0|10|10|11|6|0|8|5|1|0|8|8|11|9|0|10|9|14|11|0|9|4|8|0|9|8|5|11|0|9|7|10|0|4|6|7|14|0|13|15|16|9|0|6|11|17|0|11|9|14|13|0|10|10|10|10|0|16|7|7|0|11|12|12|8|0|16|15|12|12|0|9|17|13|0|11|5|5|12|0|14|3|7|0|11|5|10|6|0|8|2|7|9|0|8|9|6|0|10|4|5|8|0|7|10|7|7|0|8|6|9|0|6|8|7|5|0|6|10|3|5|0|5|6|5|0|1|6|3|4|0|5|7|2|0|5|7|4|4|0|4|6|7|7|0|12|10|5|0|13|4|9|8|0|10|5|11|3|0|7|7|3|0|7|6|4|3|0|8|6|3|8|0|2|5|5|0|3|7|3|3|0|1|4|6|0|4|2|0|5|0|0|4|2|2|0|5|2|3|0|1|1|1|0|0|3|1|5|1|0|0|3|0|0|2|1|3|2|0|2|0|3|1|0|3|2|1|0|1|0|0|0|0|2|2|1|0|2</HistCounts>
      </HistItem>
    </Histograms>
    <Metadata>
      <MDI key="RepresentationType">ATHEMATIC</MDI>
      <MDI key="STATISTICS_COVARIANCES">2368.626418239457</MDI>
      <MDI key="STATISTICS_MAXIMUM">203</MDI>
      <MDI key="STATISTICS_MEAN">42.137504418522</MDI>
      <MDI key="STATISTICS_MINIMUM">3</MDI>
      <MDI key="STATISTICS_SKIPFACTORX">1</MDI>
      <MDI key="STATISTICS_SKIPFACTORY">1</MDI>
      <MDI key="STATISTICS_STDDEV">48.668536224541</MDI>
    </Metadata>
  </PAMRasterBand>
</PAMDataset>
