<PAMDataset>
  <Metadata>
    <MDI key="DataType">Generic</MDI>
  </Metadata>
  <Metadata domain="Esri">
    <MDI key="PyramidResamplingType">NEAREST</MDI>
  </Metadata>
  <PAMRasterBand band="1">
    <Histograms>
      <HistItem>
        <HistMin>1</HistMin>
        <HistMax>14</HistMax>
        <BucketCount>256</BucketCount>
        <IncludeOutOfRange>1</IncludeOutOfRange>
        <Approximate>0</Approximate>
        <HistCounts>4|0|0|0|0|0|0|0|0|0|0|0|0|0|0|0|0|0|0|207|0|0|0|0|0|0|0|0|0|0|0|0|0|0|0|0|0|0|0|460|0|0|0|0|0|0|0|0|0|0|0|0|0|0|0|0|0|0|807|0|0|0|0|0|0|0|0|0|0|0|0|0|0|0|0|0|0|0|716|0|0|0|0|0|0|0|0|0|0|0|0|0|0|0|0|0|0|0|531|0|0|0|0|0|0|0|0|0|0|0|0|0|0|0|0|0|0|95|0|0|0|0|0|0|0|0|0|0|0|0|0|0|0|0|0|0|0|0|0|0|0|0|0|0|0|0|0|0|0|0|0|0|0|0|0|0|3|0|0|0|0|0|0|0|0|0|0|0|0|0|0|0|0|0|0|0|2|0|0|0|0|0|0|0|0|0|0|0|0|0|0|0|0|0|0|0|1|0|0|0|0|0|0|0|0|0|0|0|0|0|0|0|0|0|0|2|0|0|0|0|0|0|0|0|0|0|0|0|0|0|0|0|0|0|0|0|0|0|0|0|0|0|0|0|0|0|0|0|0|0|0|0|0|0|0|1</HistCounts>
      </HistItem>
    </Histograms>
    <Metadata>
      <MDI key="RepresentationType">ATHEMATIC</MDI>
      <MDI key="STATISTICS_COVARIANCES">1.733420478845341</MDI>
      <MDI key="STATISTICS_MAXIMUM">14</MDI>
      <MDI key="STATISTICS_MEAN">4.4372569812655</MDI>
      <MDI key="STATISTICS_MINIMUM">1</MDI>
      <MDI key="STATISTICS_SKIPFACTORX">1</MDI>
      <MDI key="STATISTICS_SKIPFACTORY">1</MDI>
      <MDI key="STATISTICS_STDDEV">1.3165942726768</MDI>
    </Metadata>
  </PAMRasterBand>
</PAMDataset>
