<PAMDataset>
  <Metadata>
    <MDI key="DataType">Generic</MDI>
  </Metadata>
  <Metadata domain="Esri">
    <MDI key="PyramidResamplingType">NEAREST</MDI>
  </Metadata>
  <PAMRasterBand band="1">
    <Histograms>
      <HistItem>
        <HistMin>1</HistMin>
        <HistMax>75</HistMax>
        <BucketCount>256</BucketCount>
        <IncludeOutOfRange>1</IncludeOutOfRange>
        <Approximate>0</Approximate>
        <HistCounts>13|0|0|174|0|0|390|0|0|0|443|0|0|642|0|0|0|415|0|0|308|0|0|0|253|0|0|36|0|0|0|11|0|0|3|0|0|3|0|0|0|2|0|0|1|0|0|0|2|0|0|4|0|0|0|6|0|0|4|0|0|0|5|0|0|4|0|0|3|0|0|0|2|0|0|2|0|0|0|3|0|0|4|0|0|0|5|0|0|2|0|0|0|5|0|0|4|0|0|4|0|0|0|4|0|0|4|0|0|0|2|0|0|2|0|0|0|0|0|0|4|0|0|0|3|0|0|4|0|0|2|0|0|0|1|0|0|1|0|0|0|1|0|0|1|0|0|0|2|0|0|3|0|0|0|1|0|0|3|0|0|3|0|0|0|0|0|0|4|0|0|0|3|0|0|3|0|0|0|3|0|0|0|0|0|0|3|0|0|3|0|0|0|0|0|0|2|0|0|1|0|0|0|1|0|0|1|0|0|0|0|0|0|3|0|0|0|1|0|0|1|0|0|1|0|0|0|2|0|0|1|0|0|0|0|0|0|0|0|0|0|0|0|0|1|0|0|0|0|0|0|0|0|0|0|1</HistCounts>
      </HistItem>
    </Histograms>
    <Metadata>
      <MDI key="RepresentationType">ATHEMATIC</MDI>
      <MDI key="STATISTICS_COVARIANCES">59.84449625844272</MDI>
      <MDI key="STATISTICS_MAXIMUM">75</MDI>
      <MDI key="STATISTICS_MEAN">6.6012725344645</MDI>
      <MDI key="STATISTICS_MINIMUM">1</MDI>
      <MDI key="STATISTICS_SKIPFACTORX">1</MDI>
      <MDI key="STATISTICS_SKIPFACTORY">1</MDI>
      <MDI key="STATISTICS_STDDEV">7.735922456853</MDI>
    </Metadata>
  </PAMRasterBand>
</PAMDataset>
