<PAMDataset>
  <Metadata>
    <MDI key="DataType">Generic</MDI>
  </Metadata>
  <Metadata domain="Esri">
    <MDI key="PyramidResamplingType">NEAREST</MDI>
  </Metadata>
  <PAMRasterBand band="1">
    <Histograms>
      <HistItem>
        <HistMin>2</HistMin>
        <HistMax>124</HistMax>
        <BucketCount>256</BucketCount>
        <IncludeOutOfRange>1</IncludeOutOfRange>
        <Approximate>0</Approximate>
        <HistCounts>73|0|323|0|461|0|455|0|438|0|317|0|203|0|151|0|80|0|73|0|61|0|47|0|0|7|0|6|0|5|0|5|0|9|0|7|0|2|0|4|0|8|0|4|0|2|0|0|8|0|6|0|1|0|1|0|4|0|5|0|2|0|2|0|0|0|2|0|3|0|0|2|0|1|0|0|0|1|0|1|0|3|0|0|0|4|0|2|0|1|0|1|0|0|1|0|0|0|3|0|0|0|0|0|0|0|1|0|0|0|0|0|1|0|1|0|0|3|0|1|0|0|0|0|0|0|0|0|0|2|0|2|0|1|0|1|0|1|0|0|3|0|2|0|0|0|0|0|0|0|1|0|0|0|0|0|1|0|0|0|0|0|0|0|0|0|0|1|0|1|0|2|0|0|0|0|0|0|0|1|0|0|0|0|0|0|1|0|0|0|1|0|0|0|0|0|0|0|1|0|0|0|0|0|0|0|0|0|0|1|0|0|0|0|0|0|0|1|0|0|0|0|0|0|0|1|0|0|0|0|0|0|0|0|0|0|0|0|1|0|0|0|0|0|0|0|0|0|0|0|0|0|0|0|0|1</HistCounts>
      </HistItem>
    </Histograms>
    <Metadata>
      <MDI key="RepresentationType">ATHEMATIC</MDI>
      <MDI key="STATISTICS_COVARIANCES">87.20406824048554</MDI>
      <MDI key="STATISTICS_MAXIMUM">124</MDI>
      <MDI key="STATISTICS_MEAN">7.6161187698833</MDI>
      <MDI key="STATISTICS_MINIMUM">2</MDI>
      <MDI key="STATISTICS_SKIPFACTORX">1</MDI>
      <MDI key="STATISTICS_SKIPFACTORY">1</MDI>
      <MDI key="STATISTICS_STDDEV">9.3383118517474</MDI>
    </Metadata>
  </PAMRasterBand>
</PAMDataset>
