<PAMDataset>
  <Metadata>
    <MDI key="DataType">Generic</MDI>
  </Metadata>
  <Metadata domain="Esri">
    <MDI key="PyramidResamplingType">NEAREST</MDI>
  </Metadata>
  <PAMRasterBand band="1">
    <Histograms>
      <HistItem>
        <HistMin>1</HistMin>
        <HistMax>200</HistMax>
        <BucketCount>256</BucketCount>
        <IncludeOutOfRange>1</IncludeOutOfRange>
        <Approximate>0</Approximate>
        <HistCounts>598|398|323|353|0|252|160|124|75|0|46|10|5|0|4|5|6|4|0|5|4|11|0|9|4|3|3|0|6|6|6|0|6|5|10|6|0|6|9|4|0|7|2|2|2|0|6|7|3|3|0|7|3|12|0|5|3|4|4|0|1|1|5|0|6|4|7|2|0|6|4|5|0|5|5|2|0|0|4|1|0|0|5|5|4|2|0|4|3|2|3|0|6|0|2|0|2|2|1|2|0|4|1|1|0|3|4|2|3|0|0|2|6|0|2|3|3|3|0|3|2|0|0|3|1|1|2|0|2|1|1|1|0|1|5|5|0|1|3|0|5|0|1|1|2|0|0|1|2|1|0|0|3|2|0|4|2|2|1|0|2|2|2|0|1|5|4|3|0|1|2|1|1|0|1|3|2|0|5|0|2|2|0|1|1|1|0|0|1|3|0|0|0|3|0|0|2|2|1|0|0|2|1|2|0|1|1|1|5|0|3|2|1|1|0|1|1|1|0|1|2|1|2|0|0|1|0|0|3|1|0|0|0|0|0|0|0|1|1|1|0|0|0|0|0|0|1|0|1|0|0|1|1|0|0|1</HistCounts>
      </HistItem>
    </Histograms>
    <Metadata>
      <MDI key="RepresentationType">ATHEMATIC</MDI>
      <MDI key="STATISTICS_COVARIANCES">1136.424623131908</MDI>
      <MDI key="STATISTICS_MAXIMUM">200</MDI>
      <MDI key="STATISTICS_MEAN">15.641215977377</MDI>
      <MDI key="STATISTICS_MINIMUM">1</MDI>
      <MDI key="STATISTICS_SKIPFACTORX">1</MDI>
      <MDI key="STATISTICS_SKIPFACTORY">1</MDI>
      <MDI key="STATISTICS_STDDEV">33.710897690983</MDI>
    </Metadata>
  </PAMRasterBand>
</PAMDataset>
