<PAMDataset>
  <Metadata>
    <MDI key="DataType">Generic</MDI>
  </Metadata>
  <Metadata domain="Esri">
    <MDI key="PyramidResamplingType">NEAREST</MDI>
  </Metadata>
  <PAMRasterBand band="1">
    <Histograms>
      <HistItem>
        <HistMin>1</HistMin>
        <HistMax>84</HistMax>
        <BucketCount>256</BucketCount>
        <IncludeOutOfRange>1</IncludeOutOfRange>
        <Approximate>0</Approximate>
        <HistCounts>182|0|0|598|0|0|669|0|0|537|0|0|323|0|0|339|0|0|19|0|0|5|0|0|6|0|0|5|0|0|3|0|0|7|0|0|1|0|0|8|0|0|0|4|0|0|4|0|0|5|0|0|8|0|0|3|0|0|2|0|0|3|0|0|3|0|0|3|0|0|3|0|0|0|0|0|5|0|0|1|0|0|0|0|0|0|2|0|0|1|0|0|3|0|0|2|0|0|2|0|0|1|0|0|2|0|0|1|0|0|4|0|0|0|0|0|1|0|0|3|0|0|1|0|0|1|0|0|0|2|0|0|2|0|0|1|0|0|0|0|0|0|0|0|1|0|0|3|0|0|2|0|0|3|0|0|1|0|0|2|0|0|0|0|0|0|0|0|2|0|0|0|1|0|0|3|0|0|3|0|0|1|0|0|2|0|0|2|0|0|1|0|0|2|0|0|4|0|0|0|0|0|1|0|0|2|0|0|0|0|0|0|0|0|0|1|0|0|1|0|0|2|0|0|2|0|0|1|0|0|1|0|0|1|0|0|1|0|0|2|0|0|0|0|0|1|0|0|2|0|0|2|0|0|0|1</HistCounts>
      </HistItem>
    </Histograms>
    <Metadata>
      <MDI key="RepresentationType">ATHEMATIC</MDI>
      <MDI key="STATISTICS_COVARIANCES">88.49468577368248</MDI>
      <MDI key="STATISTICS_MAXIMUM">84</MDI>
      <MDI key="STATISTICS_MEAN">5.3446447507953</MDI>
      <MDI key="STATISTICS_MINIMUM">1</MDI>
      <MDI key="STATISTICS_SKIPFACTORX">1</MDI>
      <MDI key="STATISTICS_SKIPFACTORY">1</MDI>
      <MDI key="STATISTICS_STDDEV">9.4071614089311</MDI>
    </Metadata>
  </PAMRasterBand>
</PAMDataset>
