<PAMDataset>
  <Metadata>
    <MDI key="DataType">Generic</MDI>
  </Metadata>
  <Metadata domain="Esri">
    <MDI key="PyramidResamplingType">NEAREST</MDI>
  </Metadata>
  <PAMRasterBand band="1">
    <Histograms>
      <HistItem>
        <HistMin>4</HistMin>
        <HistMax>118</HistMax>
        <BucketCount>256</BucketCount>
        <IncludeOutOfRange>1</IncludeOutOfRange>
        <Approximate>0</Approximate>
        <HistCounts>5|0|59|0|153|0|209|0|203|0|0|245|0|274|0|398|0|371|0|0|133|0|63|0|12|0|5|0|0|11|0|13|0|5|0|12|0|0|7|0|11|0|9|0|8|0|11|0|0|10|0|14|0|7|0|14|0|0|10|0|7|0|10|0|13|0|0|8|0|7|0|7|0|16|0|0|11|0|10|0|5|0|12|0|0|12|0|14|0|9|0|8|0|17|0|0|3|0|9|0|7|0|10|0|0|16|0|6|0|8|0|7|0|0|8|0|8|0|8|0|14|0|0|11|0|5|0|9|0|8|0|9|0|0|4|0|7|0|3|0|7|0|0|9|0|7|0|10|0|4|0|0|12|0|15|0|14|0|6|0|0|16|0|11|0|11|0|11|0|0|10|0|7|0|5|0|4|0|5|0|0|5|0|3|0|4|0|6|0|0|5|0|2|0|6|0|6|0|0|3|0|1|0|3|0|4|0|0|5|0|2|0|4|0|2|0|1|0|0|1|0|0|0|2|0|0|0|0|0|0|0|0|0|0|0|0|0|0|0|0|0|1|0|0|0|0|0|0|0|0|0|0|0|0|0|1</HistCounts>
      </HistItem>
    </Histograms>
    <Metadata>
      <MDI key="RepresentationType">ATHEMATIC</MDI>
      <MDI key="STATISTICS_COVARIANCES">485.4085349604506</MDI>
      <MDI key="STATISTICS_MAXIMUM">118</MDI>
      <MDI key="STATISTICS_MEAN">20.615765288088</MDI>
      <MDI key="STATISTICS_MINIMUM">4</MDI>
      <MDI key="STATISTICS_SKIPFACTORX">1</MDI>
      <MDI key="STATISTICS_SKIPFACTORY">1</MDI>
      <MDI key="STATISTICS_STDDEV">22.031988901605</MDI>
    </Metadata>
  </PAMRasterBand>
</PAMDataset>
