<PAMDataset>
  <Metadata>
    <MDI key="DataType">Generic</MDI>
  </Metadata>
  <Metadata domain="Esri">
    <MDI key="PyramidResamplingType">NEAREST</MDI>
  </Metadata>
  <PAMRasterBand band="1">
    <Histograms>
      <HistItem>
        <HistMin>1</HistMin>
        <HistMax>113</HistMax>
        <BucketCount>256</BucketCount>
        <IncludeOutOfRange>1</IncludeOutOfRange>
        <Approximate>0</Approximate>
        <HistCounts>19|0|176|0|273|0|391|0|0|486|0|414|0|243|0|136|0|0|59|0|14|0|6|0|0|8|0|6|0|8|0|8|0|0|10|0|6|0|8|0|7|0|0|9|0|7|0|12|0|0|9|0|10|0|9|0|8|0|0|8|0|8|0|14|0|0|12|0|10|0|5|0|5|0|0|8|0|20|0|5|0|8|0|0|6|0|5|0|11|0|0|13|0|10|0|5|0|10|0|0|3|0|6|0|10|0|0|6|0|6|0|4|0|8|0|0|6|0|8|0|7|0|5|0|0|4|0|6|0|3|0|0|2|0|7|0|10|0|9|0|0|2|0|4|0|3|0|8|0|0|7|0|5|0|7|0|0|5|0|5|0|1|0|8|0|0|9|0|7|0|8|0|0|8|0|7|0|4|0|4|0|0|1|0|10|0|6|0|7|0|0|5|0|3|0|8|0|0|5|0|4|0|2|0|10|0|0|5|0|2|0|10|0|0|2|0|7|0|3|0|4|0|0|5|0|2|0|3|0|2|0|0|2|0|0|0|0|0|0|0|0|2|0|0|0|1|0|0|0|0|0|0|0|0|0|1</HistCounts>
      </HistItem>
    </Histograms>
    <Metadata>
      <MDI key="RepresentationType">ATHEMATIC</MDI>
      <MDI key="STATISTICS_COVARIANCES">517.6137736406589</MDI>
      <MDI key="STATISTICS_MAXIMUM">113</MDI>
      <MDI key="STATISTICS_MEAN">15.149522799576</MDI>
      <MDI key="STATISTICS_MINIMUM">1</MDI>
      <MDI key="STATISTICS_SKIPFACTORX">1</MDI>
      <MDI key="STATISTICS_SKIPFACTORY">1</MDI>
      <MDI key="STATISTICS_STDDEV">22.751126865293</MDI>
    </Metadata>
  </PAMRasterBand>
</PAMDataset>
