<PAMDataset>
  <Metadata>
    <MDI key="DataType">Generic</MDI>
  </Metadata>
  <Metadata domain="Esri">
    <MDI key="PyramidResamplingType">NEAREST</MDI>
  </Metadata>
  <PAMRasterBand band="1">
    <Histograms>
      <HistItem>
        <HistMin>5</HistMin>
        <HistMax>483</HistMax>
        <BucketCount>256</BucketCount>
        <IncludeOutOfRange>1</IncludeOutOfRange>
        <Approximate>0</Approximate>
        <HistCounts>43|171|441|264|12|6|10|2|7|10|6|7|5|13|9|5|10|8|9|10|6|19|9|4|12|7|7|12|13|15|5|9|11|9|22|20|18|13|16|6|16|20|15|23|11|20|19|15|15|16|19|16|23|13|22|5|14|16|9|21|18|20|21|12|14|13|16|17|15|16|13|8|11|19|12|14|18|19|23|11|20|13|15|18|24|22|29|16|17|19|19|22|25|32|29|13|30|28|37|45|24|33|44|17|24|21|11|15|15|16|9|6|9|4|3|12|9|4|2|2|6|9|7|5|2|5|4|0|1|5|6|4|0|1|2|1|4|1|4|2|2|1|2|2|4|0|0|5|3|4|2|1|0|4|2|1|0|1|1|1|3|2|0|0|1|1|2|0|1|0|1|1|3|0|2|0|1|0|0|1|1|2|0|0|1|0|1|0|1|0|1|0|0|0|1|2|0|2|0|1|1|2|2|0|0|2|0|1|0|0|2|0|0|0|1|0|0|1|0|0|1|0|0|0|1|0|0|0|1|1|0|0|0|0|0|1|0|0|0|0|0|0|0|0|0|0|0|0|2|0|0|0|0|0|0|1</HistCounts>
      </HistItem>
    </Histograms>
    <Metadata>
      <MDI key="RepresentationType">ATHEMATIC</MDI>
      <MDI key="STATISTICS_COVARIANCES">7563.492168403345</MDI>
      <MDI key="STATISTICS_MAXIMUM">483</MDI>
      <MDI key="STATISTICS_MEAN">101.82856132909</MDI>
      <MDI key="STATISTICS_MINIMUM">5</MDI>
      <MDI key="STATISTICS_SKIPFACTORX">1</MDI>
      <MDI key="STATISTICS_SKIPFACTORY">1</MDI>
      <MDI key="STATISTICS_STDDEV">86.96834003477</MDI>
    </Metadata>
  </PAMRasterBand>
</PAMDataset>
