<PAMDataset>
  <Metadata>
    <MDI key="DataType">Generic</MDI>
  </Metadata>
  <Metadata domain="Esri">
    <MDI key="PyramidResamplingType">NEAREST</MDI>
  </Metadata>
  <PAMRasterBand band="1">
    <Histograms>
      <HistItem>
        <HistMin>4</HistMin>
        <HistMax>492</HistMax>
        <BucketCount>256</BucketCount>
        <IncludeOutOfRange>1</IncludeOutOfRange>
        <Approximate>0</Approximate>
        <HistCounts>67|187|296|332|259|75|14|18|8|10|4|5|6|10|4|6|12|10|10|10|11|8|14|3|6|3|9|8|6|9|9|4|13|9|3|7|13|5|7|11|8|8|5|5|3|8|6|8|6|9|9|11|11|9|7|12|8|5|14|6|6|10|12|10|6|5|10|10|12|8|11|7|12|11|10|8|8|5|7|6|6|2|11|8|10|12|8|6|6|9|6|12|5|10|9|17|9|5|10|12|9|4|11|9|9|12|14|10|11|10|4|17|13|18|16|4|16|13|10|11|11|7|10|11|11|7|6|5|8|10|6|6|11|17|13|11|14|6|14|6|14|11|15|11|7|8|8|8|5|7|5|7|7|7|5|4|10|4|4|3|8|4|1|3|4|8|5|5|3|3|4|7|2|4|4|3|3|7|3|1|2|4|4|0|2|1|4|5|2|2|4|3|5|2|2|2|4|2|3|1|6|0|2|4|1|5|3|5|1|2|3|4|1|3|1|3|3|3|4|3|1|1|0|1|1|1|4|1|2|2|3|1|1|3|2|4|2|2|2|1|3|2|1|1|1|1|3|1|3|2|3|2|3|4|2|2</HistCounts>
      </HistItem>
    </Histograms>
    <Metadata>
      <MDI key="RepresentationType">ATHEMATIC</MDI>
      <MDI key="STATISTICS_COVARIANCES">16451.69241909041</MDI>
      <MDI key="STATISTICS_MAXIMUM">492</MDI>
      <MDI key="STATISTICS_MEAN">118.9586426299</MDI>
      <MDI key="STATISTICS_MINIMUM">4</MDI>
      <MDI key="STATISTICS_SKIPFACTORX">1</MDI>
      <MDI key="STATISTICS_SKIPFACTORY">1</MDI>
      <MDI key="STATISTICS_STDDEV">128.26415095065</MDI>
    </Metadata>
  </PAMRasterBand>
</PAMDataset>
