<PAMDataset>
  <Metadata>
    <MDI key="DataType">Generic</MDI>
  </Metadata>
  <Metadata domain="Esri">
    <MDI key="PyramidResamplingType">NEAREST</MDI>
  </Metadata>
  <PAMRasterBand band="1">
    <Histograms>
      <HistItem>
        <HistMin>1</HistMin>
        <HistMax>129</HistMax>
        <BucketCount>256</BucketCount>
        <IncludeOutOfRange>1</IncludeOutOfRange>
        <Approximate>0</Approximate>
        <HistCounts>1|66|0|128|0|224|0|383|0|451|0|446|0|283|0|85|0|58|0|28|0|6|0|13|0|14|0|3|0|4|0|11|0|10|0|12|0|6|0|10|0|8|0|4|0|9|0|2|0|6|0|4|0|6|0|10|0|14|0|6|0|5|0|6|0|10|0|7|0|6|0|7|0|9|0|5|0|7|0|7|0|11|0|8|0|6|0|6|0|9|0|8|0|8|0|7|0|14|0|6|0|6|0|9|0|10|0|11|0|5|0|10|0|9|0|4|0|6|0|8|0|5|0|4|0|4|0|7|0|3|0|6|0|4|0|8|0|5|0|7|0|7|0|9|0|4|0|4|0|7|0|5|0|4|0|1|0|4|0|2|0|6|0|5|0|7|0|5|0|4|0|7|0|5|0|7|0|8|0|5|0|8|0|7|0|3|0|2|0|7|0|5|0|7|0|8|0|6|0|7|0|3|0|6|0|7|0|1|0|5|0|3|0|2|0|7|0|5|0|3|0|5|0|7|0|3|0|3|0|1|0|0|0|2|0|0|0|0|0|0|0|2|0|0|0|2|0|0|0|1|0|0|0|0|0|1</HistCounts>
      </HistItem>
    </Histograms>
    <Metadata>
      <MDI key="RepresentationType">ATHEMATIC</MDI>
      <MDI key="STATISTICS_COVARIANCES">724.8593462436685</MDI>
      <MDI key="STATISTICS_MAXIMUM">129</MDI>
      <MDI key="STATISTICS_MEAN">18.66065747614</MDI>
      <MDI key="STATISTICS_MINIMUM">1</MDI>
      <MDI key="STATISTICS_SKIPFACTORX">1</MDI>
      <MDI key="STATISTICS_SKIPFACTORY">1</MDI>
      <MDI key="STATISTICS_STDDEV">26.923212034296</MDI>
    </Metadata>
  </PAMRasterBand>
</PAMDataset>
