<PAMDataset>
  <Metadata>
    <MDI key="DataType">Generic</MDI>
  </Metadata>
  <Metadata domain="Esri">
    <MDI key="PyramidResamplingType">NEAREST</MDI>
  </Metadata>
  <PAMRasterBand band="1">
    <Histograms>
      <HistItem>
        <HistMin>2</HistMin>
        <HistMax>117</HistMax>
        <BucketCount>256</BucketCount>
        <IncludeOutOfRange>1</IncludeOutOfRange>
        <Approximate>0</Approximate>
        <HistCounts>5|0|153|0|289|0|571|0|544|0|0|368|0|56|0|15|0|17|0|19|0|0|13|0|13|0|22|0|31|0|0|24|0|17|0|21|0|13|0|12|0|0|13|0|15|0|28|0|22|0|0|19|0|28|0|17|0|11|0|8|0|0|7|0|9|0|4|0|7|0|4|0|0|6|0|9|0|3|0|8|0|0|7|0|7|0|5|0|7|0|22|0|0|5|0|8|0|3|0|8|0|0|10|0|8|0|9|0|3|0|7|0|0|5|0|6|0|6|0|7|0|8|0|0|3|0|8|0|6|0|8|0|0|10|0|11|0|5|0|5|0|7|0|0|10|0|7|0|6|0|4|0|0|4|0|8|0|6|0|3|0|3|0|0|3|0|8|0|5|0|7|0|4|0|0|5|0|5|0|4|0|6|0|0|2|0|5|0|8|0|4|0|0|0|0|5|0|6|0|3|0|2|0|0|3|0|4|0|3|0|3|0|3|0|0|3|0|3|0|5|0|2|0|2|0|0|3|0|2|0|3|0|4|0|0|2|0|2|0|4|0|7|0|2|0|0|6|0|2|0|1|0|1|0|0|1</HistCounts>
      </HistItem>
    </Histograms>
    <Metadata>
      <MDI key="RepresentationType">ATHEMATIC</MDI>
      <MDI key="STATISTICS_COVARIANCES">575.2940733552223</MDI>
      <MDI key="STATISTICS_MAXIMUM">117</MDI>
      <MDI key="STATISTICS_MEAN">17.084835630965</MDI>
      <MDI key="STATISTICS_MINIMUM">2</MDI>
      <MDI key="STATISTICS_SKIPFACTORX">1</MDI>
      <MDI key="STATISTICS_SKIPFACTORY">1</MDI>
      <MDI key="STATISTICS_STDDEV">23.985288686093</MDI>
    </Metadata>
  </PAMRasterBand>
</PAMDataset>
