<PAMDataset>
  <Metadata>
    <MDI key="DataType">Generic</MDI>
  </Metadata>
  <Metadata domain="Esri">
    <MDI key="PyramidResamplingType">NEAREST</MDI>
  </Metadata>
  <PAMRasterBand band="1">
    <Histograms>
      <HistItem>
        <HistMin>1</HistMin>
        <HistMax>38</HistMax>
        <BucketCount>256</BucketCount>
        <IncludeOutOfRange>1</IncludeOutOfRange>
        <Approximate>0</Approximate>
        <HistCounts>2|0|0|0|0|0|265|0|0|0|0|0|0|559|0|0|0|0|0|0|552|0|0|0|0|0|0|531|0|0|0|0|0|0|422|0|0|0|0|0|0|302|0|0|0|0|0|0|87|0|0|0|0|0|0|20|0|0|0|0|0|0|5|0|0|0|0|0|4|0|0|0|0|0|0|3|0|0|0|0|0|0|5|0|0|0|0|0|0|4|0|0|0|0|0|0|6|0|0|0|0|0|0|1|0|0|0|0|0|0|6|0|0|0|0|0|0|2|0|0|0|0|0|0|0|0|0|0|0|0|3|0|0|0|0|0|0|4|0|0|0|0|0|0|3|0|0|0|0|0|0|3|0|0|0|0|0|0|2|0|0|0|0|0|0|4|0|0|0|0|0|0|6|0|0|0|0|0|0|2|0|0|0|0|0|0|0|0|0|0|0|0|5|0|0|0|0|0|0|2|0|0|0|0|0|0|3|0|0|0|0|0|0|6|0|0|0|0|0|0|4|0|0|0|0|0|0|5|0|0|0|0|0|0|0|0|0|0|0|0|0|0|0|0|0|0|0|0|0|0|0|0|0|0|0|1</HistCounts>
      </HistItem>
    </Histograms>
    <Metadata>
      <MDI key="RepresentationType">ATHEMATIC</MDI>
      <MDI key="STATISTICS_COVARIANCES">13.8957883668991</MDI>
      <MDI key="STATISTICS_MAXIMUM">38</MDI>
      <MDI key="STATISTICS_MEAN">5.1452810180276</MDI>
      <MDI key="STATISTICS_MINIMUM">1</MDI>
      <MDI key="STATISTICS_SKIPFACTORX">1</MDI>
      <MDI key="STATISTICS_SKIPFACTORY">1</MDI>
      <MDI key="STATISTICS_STDDEV">3.7277055096801</MDI>
    </Metadata>
  </PAMRasterBand>
</PAMDataset>
