<PAMDataset>
  <Metadata>
    <MDI key="DataType">Generic</MDI>
  </Metadata>
  <Metadata domain="Esri">
    <MDI key="PyramidResamplingType">NEAREST</MDI>
  </Metadata>
  <PAMRasterBand band="1">
    <Histograms>
      <HistItem>
        <HistMin>3</HistMin>
        <HistMax>92</HistMax>
        <BucketCount>256</BucketCount>
        <IncludeOutOfRange>1</IncludeOutOfRange>
        <Approximate>0</Approximate>
        <HistCounts>54|0|139|0|0|445|0|0|434|0|0|429|0|0|355|0|0|308|0|0|242|0|151|0|0|96|0|0|16|0|0|6|0|0|5|0|0|4|0|0|4|0|5|0|0|6|0|0|6|0|0|9|0|0|9|0|0|8|0|0|7|0|0|10|0|1|0|0|3|0|0|4|0|0|1|0|0|3|0|0|2|0|0|3|0|0|0|0|3|0|0|1|0|0|2|0|0|2|0|0|0|0|0|0|0|0|1|0|2|0|0|4|0|0|0|0|0|1|0|0|2|0|0|1|0|0|1|0|1|0|0|0|0|0|1|0|0|0|0|0|2|0|0|0|0|0|1|0|1|0|0|2|0|0|1|0|0|0|0|0|0|0|0|1|0|0|3|0|0|1|0|0|0|0|1|0|0|1|0|0|2|0|0|1|0|0|2|0|0|2|0|1|0|0|2|0|0|2|0|0|0|0|0|1|0|0|0|0|0|2|0|0|2|0|2|0|0|0|0|0|1|0|0|1|0|0|1|0|0|1|0|0|0|0|2|0|0|0|0|0|0|0|0|1|0|0|0|0|0|0|0|0|1|0|0|1</HistCounts>
      </HistItem>
    </Histograms>
    <Metadata>
      <MDI key="RepresentationType">ATHEMATIC</MDI>
      <MDI key="STATISTICS_COVARIANCES">78.95801366229652</MDI>
      <MDI key="STATISTICS_MAXIMUM">92</MDI>
      <MDI key="STATISTICS_MEAN">9.0311063980205</MDI>
      <MDI key="STATISTICS_MINIMUM">3</MDI>
      <MDI key="STATISTICS_SKIPFACTORX">1</MDI>
      <MDI key="STATISTICS_SKIPFACTORY">1</MDI>
      <MDI key="STATISTICS_STDDEV">8.885832187381</MDI>
    </Metadata>
  </PAMRasterBand>
</PAMDataset>
