<PAMDataset>
  <Metadata>
    <MDI key="DataType">Generic</MDI>
  </Metadata>
  <Metadata domain="Esri">
    <MDI key="PyramidResamplingType">NEAREST</MDI>
  </Metadata>
  <PAMRasterBand band="1">
    <Histograms>
      <HistItem>
        <HistMin>3</HistMin>
        <HistMax>315</HistMax>
        <BucketCount>256</BucketCount>
        <IncludeOutOfRange>1</IncludeOutOfRange>
        <Approximate>0</Approximate>
        <HistCounts>220|320|127|120|227|56|32|22|29|14|13|15|9|19|8|9|12|26|16|11|13|17|25|8|15|9|26|7|19|6|14|24|12|19|10|20|11|12|13|14|22|16|18|5|22|12|12|13|18|18|8|10|5|21|13|8|5|4|14|7|13|7|18|13|6|7|6|14|6|7|8|13|7|6|8|9|11|3|9|8|20|9|10|10|9|17|7|7|14|12|3|8|4|9|3|2|4|2|12|2|4|8|9|4|4|7|1|7|5|3|5|9|4|2|1|5|7|2|3|4|9|6|6|4|3|7|4|4|2|7|2|7|7|5|5|8|11|5|8|3|6|1|4|11|8|2|8|11|4|3|4|4|16|5|2|7|12|4|4|5|5|13|3|4|7|9|5|3|3|2|6|6|7|3|7|1|1|2|7|4|2|3|3|2|1|0|4|5|2|2|3|4|5|2|2|4|5|1|1|2|2|2|2|4|1|7|1|5|3|3|2|0|2|1|1|1|1|1|2|4|5|3|3|6|2|4|6|3|7|3|4|1|8|4|2|5|2|5|3|4|2|10|3|1|1|2|3|1|3|0|4|1|0|0|0|1</HistCounts>
      </HistItem>
    </Histograms>
    <Metadata>
      <MDI key="RepresentationType">ATHEMATIC</MDI>
      <MDI key="STATISTICS_COVARIANCES">6750.799018100584</MDI>
      <MDI key="STATISTICS_MAXIMUM">315</MDI>
      <MDI key="STATISTICS_MEAN">71.63768115942</MDI>
      <MDI key="STATISTICS_MINIMUM">3</MDI>
      <MDI key="STATISTICS_SKIPFACTORX">1</MDI>
      <MDI key="STATISTICS_SKIPFACTORY">1</MDI>
      <MDI key="STATISTICS_STDDEV">82.163246151187</MDI>
    </Metadata>
  </PAMRasterBand>
</PAMDataset>
