<PAMDataset>
  <Metadata>
    <MDI key="DataType">Generic</MDI>
  </Metadata>
  <Metadata domain="Esri">
    <MDI key="PyramidResamplingType">NEAREST</MDI>
  </Metadata>
  <PAMRasterBand band="1">
    <Histograms>
      <HistItem>
        <HistMin>1</HistMin>
        <HistMax>61</HistMax>
        <BucketCount>256</BucketCount>
        <IncludeOutOfRange>1</IncludeOutOfRange>
        <Approximate>0</Approximate>
        <HistCounts>18|0|0|0|190|0|0|0|265|0|0|0|310|0|0|0|0|425|0|0|0|482|0|0|0|325|0|0|0|245|0|0|0|0|129|0|0|0|113|0|0|0|89|0|0|0|81|0|0|0|0|26|0|0|0|6|0|0|0|5|0|0|0|6|0|0|0|0|8|0|0|0|6|0|0|0|3|0|0|0|2|0|0|0|0|4|0|0|0|4|0|0|0|6|0|0|0|5|0|0|0|0|1|0|0|0|3|0|0|0|4|0|0|0|2|0|0|0|0|4|0|0|0|2|0|0|0|2|0|0|0|1|0|0|0|0|4|0|0|0|2|0|0|0|0|0|0|0|1|0|0|0|0|1|0|0|0|3|0|0|0|3|0|0|0|2|0|0|0|0|3|0|0|0|2|0|0|0|4|0|0|0|0|0|0|0|0|4|0|0|0|2|0|0|0|3|0|0|0|1|0|0|0|0|0|0|0|0|2|0|0|0|3|0|0|0|1|0|0|0|0|4|0|0|0|2|0|0|0|2|0|0|0|3|0|0|0|0|3|0|0|0|0|0|0|0|1|0|0|0|0|0|0|0|0|1</HistCounts>
      </HistItem>
    </Histograms>
    <Metadata>
      <MDI key="RepresentationType">ATHEMATIC</MDI>
      <MDI key="STATISTICS_COVARIANCES">44.95362563827955</MDI>
      <MDI key="STATISTICS_MAXIMUM">61</MDI>
      <MDI key="STATISTICS_MEAN">7.2272887946271</MDI>
      <MDI key="STATISTICS_MINIMUM">1</MDI>
      <MDI key="STATISTICS_SKIPFACTORX">1</MDI>
      <MDI key="STATISTICS_SKIPFACTORY">1</MDI>
      <MDI key="STATISTICS_STDDEV">6.7047465006725</MDI>
    </Metadata>
  </PAMRasterBand>
</PAMDataset>
