<PAMDataset>
  <Metadata>
    <MDI key="DataType">Generic</MDI>
  </Metadata>
  <Metadata domain="Esri">
    <MDI key="PyramidResamplingType">NEAREST</MDI>
  </Metadata>
  <PAMRasterBand band="1">
    <Histograms>
      <HistItem>
        <HistMin>2</HistMin>
        <HistMax>115</HistMax>
        <BucketCount>256</BucketCount>
        <IncludeOutOfRange>1</IncludeOutOfRange>
        <Approximate>0</Approximate>
        <HistCounts>75|0|249|0|314|0|336|0|0|476|0|456|0|304|0|224|0|0|96|0|7|0|2|0|5|0|0|1|0|1|0|1|0|4|0|0|4|0|7|0|4|0|2|0|0|1|0|2|0|2|0|1|0|0|1|0|2|0|3|0|4|0|0|4|0|3|0|5|0|2|0|0|5|0|1|0|5|0|8|0|0|4|0|3|0|4|0|0|3|0|10|0|6|0|2|0|0|2|0|4|0|2|0|2|0|0|4|0|5|0|2|0|4|0|0|0|0|3|0|2|0|2|0|0|5|0|1|0|4|0|0|0|0|4|0|0|0|1|0|2|0|0|1|0|1|0|4|0|2|0|0|1|0|3|0|2|0|2|0|0|5|0|0|0|2|0|1|0|0|3|0|2|0|6|0|0|2|0|1|0|6|0|2|0|0|0|0|1|0|2|0|1|0|0|3|0|2|0|2|0|4|0|0|5|0|4|0|3|0|3|0|0|2|0|4|0|2|0|4|0|0|5|0|0|0|1|0|3|0|0|4|0|3|0|3|0|3|0|0|3|0|4|0|5|0|1|0|0|3|0|2|0|1|0|0|2</HistCounts>
      </HistItem>
    </Histograms>
    <Metadata>
      <MDI key="RepresentationType">ATHEMATIC</MDI>
      <MDI key="STATISTICS_COVARIANCES">382.9256963266391</MDI>
      <MDI key="STATISTICS_MAXIMUM">115</MDI>
      <MDI key="STATISTICS_MEAN">11.782255213857</MDI>
      <MDI key="STATISTICS_MINIMUM">2</MDI>
      <MDI key="STATISTICS_SKIPFACTORX">1</MDI>
      <MDI key="STATISTICS_SKIPFACTORY">1</MDI>
      <MDI key="STATISTICS_STDDEV">19.568487328525</MDI>
    </Metadata>
  </PAMRasterBand>
</PAMDataset>
