<PAMDataset>
  <Metadata>
    <MDI key="DataType">Generic</MDI>
  </Metadata>
  <Metadata domain="Esri">
    <MDI key="PyramidResamplingType">NEAREST</MDI>
  </Metadata>
  <PAMRasterBand band="1">
    <Histograms>
      <HistItem>
        <HistMin>2</HistMin>
        <HistMax>73</HistMax>
        <BucketCount>256</BucketCount>
        <IncludeOutOfRange>1</IncludeOutOfRange>
        <Approximate>0</Approximate>
        <HistCounts>64|0|0|198|0|0|0|393|0|0|550|0|0|0|613|0|0|390|0|0|0|139|0|0|0|59|0|0|15|0|0|0|6|0|0|6|0|0|0|9|0|0|0|9|0|0|12|0|0|0|5|0|0|6|0|0|0|10|0|0|0|14|0|0|8|0|0|0|9|0|0|12|0|0|0|10|0|0|0|5|0|0|9|0|0|0|6|0|0|10|0|0|0|4|0|0|5|0|0|0|5|0|0|0|7|0|0|4|0|0|0|4|0|0|4|0|0|0|12|0|0|0|7|0|0|7|0|0|0|5|0|0|3|0|0|0|6|0|0|0|1|0|0|5|0|0|0|6|0|0|8|0|0|0|6|0|0|0|6|0|0|6|0|0|0|6|0|0|5|0|0|0|6|0|0|12|0|0|0|6|0|0|0|9|0|0|7|0|0|0|6|0|0|6|0|0|0|7|0|0|0|9|0|0|6|0|0|0|6|0|0|5|0|0|0|4|0|0|0|7|0|0|6|0|0|0|6|0|0|5|0|0|0|4|0|0|0|4|0|0|5|0|0|0|3|0|0|3|0|0|0|5|0|0|0|3</HistCounts>
      </HistItem>
    </Histograms>
    <Metadata>
      <MDI key="RepresentationType">ATHEMATIC</MDI>
      <MDI key="STATISTICS_COVARIANCES">187.0119513845037</MDI>
      <MDI key="STATISTICS_MAXIMUM">73</MDI>
      <MDI key="STATISTICS_MEAN">10.297985153765</MDI>
      <MDI key="STATISTICS_MINIMUM">2</MDI>
      <MDI key="STATISTICS_SKIPFACTORX">1</MDI>
      <MDI key="STATISTICS_SKIPFACTORY">1</MDI>
      <MDI key="STATISTICS_STDDEV">13.675231310091</MDI>
    </Metadata>
  </PAMRasterBand>
</PAMDataset>
