<PAMDataset>
  <Metadata>
    <MDI key="DataType">Generic</MDI>
  </Metadata>
  <Metadata domain="Esri">
    <MDI key="PyramidResamplingType">NEAREST</MDI>
  </Metadata>
  <PAMRasterBand band="1">
    <Histograms>
      <HistItem>
        <HistMin>0</HistMin>
        <HistMax>49</HistMax>
        <BucketCount>256</BucketCount>
        <IncludeOutOfRange>1</IncludeOutOfRange>
        <Approximate>0</Approximate>
        <HistCounts>22|0|0|0|0|1049|0|0|0|0|702|0|0|0|0|453|0|0|0|0|260|0|0|0|0|0|84|0|0|0|0|10|0|0|0|0|5|0|0|0|0|10|0|0|0|0|11|0|0|0|0|0|12|0|0|0|0|7|0|0|0|0|16|0|0|0|0|11|0|0|0|0|17|0|0|0|0|0|5|0|0|0|0|5|0|0|0|0|12|0|0|0|0|8|0|0|0|0|10|0|0|0|0|0|8|0|0|0|0|5|0|0|0|0|4|0|0|0|0|6|0|0|0|0|6|0|0|0|0|0|3|0|0|0|0|3|0|0|0|0|5|0|0|0|0|4|0|0|0|0|3|0|0|0|0|0|3|0|0|0|0|5|0|0|0|0|4|0|0|0|0|6|0|0|0|0|3|0|0|0|0|0|4|0|0|0|0|7|0|0|0|0|5|0|0|0|0|0|0|0|0|0|8|0|0|0|0|0|7|0|0|0|0|5|0|0|0|0|4|0|0|0|0|1|0|0|0|0|3|0|0|0|0|0|1|0|0|0|0|1|0|0|0|0|2|0|0|0|0|2|0|0|0|0|0|2</HistCounts>
      </HistItem>
    </Histograms>
    <Metadata>
      <MDI key="RepresentationType">ATHEMATIC</MDI>
      <MDI key="STATISTICS_COVARIANCES">45.96988255104862</MDI>
      <MDI key="STATISTICS_MAXIMUM">49</MDI>
      <MDI key="STATISTICS_MEAN">3.852951572994</MDI>
      <MDI key="STATISTICS_MINIMUM">0</MDI>
      <MDI key="STATISTICS_SKIPFACTORX">1</MDI>
      <MDI key="STATISTICS_SKIPFACTORY">1</MDI>
      <MDI key="STATISTICS_STDDEV">6.7801093317917</MDI>
    </Metadata>
  </PAMRasterBand>
</PAMDataset>
