<PAMDataset>
  <Metadata>
    <MDI key="DataType">Generic</MDI>
  </Metadata>
  <Metadata domain="Esri">
    <MDI key="PyramidResamplingType">NEAREST</MDI>
  </Metadata>
  <PAMRasterBand band="1">
    <Histograms>
      <HistItem>
        <HistMin>1</HistMin>
        <HistMax>138</HistMax>
        <BucketCount>256</BucketCount>
        <IncludeOutOfRange>1</IncludeOutOfRange>
        <Approximate>0</Approximate>
        <HistCounts>2|91|0|228|0|281|0|424|0|463|0|285|0|193|108|0|64|0|32|0|10|0|4|0|12|0|9|3|0|7|0|7|0|12|0|12|0|6|0|7|8|0|8|0|11|0|2|0|4|0|13|0|5|8|0|7|0|6|0|8|0|9|0|10|0|10|0|13|10|0|9|0|11|0|6|0|12|0|5|0|5|8|0|10|0|3|0|3|0|7|0|7|0|6|6|0|4|0|3|0|5|0|11|0|9|0|4|5|0|8|0|7|0|6|0|7|0|6|0|1|5|0|9|0|3|0|9|0|5|0|10|0|5|0|4|2|0|9|0|4|0|7|0|5|0|7|0|10|4|0|9|0|11|0|3|0|8|0|8|0|9|2|0|10|0|6|0|5|0|3|0|6|0|6|6|0|4|0|6|0|4|0|5|0|2|0|4|6|0|9|0|5|0|4|0|5|0|1|0|4|0|1|6|0|2|0|0|0|1|0|0|0|0|0|0|0|0|1|0|0|0|0|0|0|0|0|0|0|0|0|0|0|1|0|0|0|0|0|0|0|0|0|0|1|0|0|0|0|0|0|0|0|0|0|0|1</HistCounts>
      </HistItem>
    </Histograms>
    <Metadata>
      <MDI key="RepresentationType">ATHEMATIC</MDI>
      <MDI key="STATISTICS_COVARIANCES">660.1422331749909</MDI>
      <MDI key="STATISTICS_MAXIMUM">138</MDI>
      <MDI key="STATISTICS_MEAN">17.601272534464</MDI>
      <MDI key="STATISTICS_MINIMUM">1</MDI>
      <MDI key="STATISTICS_SKIPFACTORX">1</MDI>
      <MDI key="STATISTICS_SKIPFACTORY">1</MDI>
      <MDI key="STATISTICS_STDDEV">25.69323321762</MDI>
    </Metadata>
  </PAMRasterBand>
</PAMDataset>
