<PAMDataset>
  <Metadata>
    <MDI key="DataType">Generic</MDI>
  </Metadata>
  <Metadata domain="Esri">
    <MDI key="PyramidResamplingType">NEAREST</MDI>
  </Metadata>
  <PAMRasterBand band="1">
    <Histograms>
      <HistItem>
        <HistMin>1</HistMin>
        <HistMax>109</HistMax>
        <BucketCount>256</BucketCount>
        <IncludeOutOfRange>1</IncludeOutOfRange>
        <Approximate>0</Approximate>
        <HistCounts>826|0|553|0|377|0|0|285|0|283|0|15|0|0|19|0|17|0|6|0|0|10|0|7|0|8|0|0|10|0|13|0|0|10|0|7|0|8|0|0|10|0|8|0|6|0|0|9|0|8|0|5|0|0|8|0|9|0|0|2|0|4|0|5|0|0|5|0|8|0|4|0|0|6|0|8|0|6|0|0|5|0|5|0|0|7|0|7|0|4|0|0|8|0|6|0|3|0|0|1|0|6|0|4|0|0|4|0|6|0|5|0|0|7|0|7|0|0|5|0|9|0|3|0|0|10|0|10|0|1|0|0|5|0|5|0|7|0|0|8|0|7|0|0|7|0|6|0|5|0|0|4|0|6|0|6|0|0|6|0|2|0|6|0|0|9|0|3|0|0|4|0|2|0|1|0|0|1|0|4|0|0|0|0|1|0|3|0|2|0|0|2|0|0|0|3|0|0|0|0|4|0|0|3|0|0|0|3|0|0|0|0|2|0|1|0|0|0|0|1|0|2|0|0|1|0|0|0|0|1|0|0|0|2|0|0|1|0|1|0|1|0|0|0|0|1|0|0|0|0|1|0|0|0|0|1</HistCounts>
      </HistItem>
    </Histograms>
    <Metadata>
      <MDI key="RepresentationType">ATHEMATIC</MDI>
      <MDI key="STATISTICS_COVARIANCES">316.467559920664</MDI>
      <MDI key="STATISTICS_MAXIMUM">109</MDI>
      <MDI key="STATISTICS_MEAN">9.0586779780841</MDI>
      <MDI key="STATISTICS_MINIMUM">1</MDI>
      <MDI key="STATISTICS_SKIPFACTORX">1</MDI>
      <MDI key="STATISTICS_SKIPFACTORY">1</MDI>
      <MDI key="STATISTICS_STDDEV">17.789535123793</MDI>
    </Metadata>
  </PAMRasterBand>
</PAMDataset>
