<PAMDataset>
  <Metadata>
    <MDI key="DataType">Generic</MDI>
  </Metadata>
  <Metadata domain="Esri">
    <MDI key="PyramidResamplingType">NEAREST</MDI>
  </Metadata>
  <PAMRasterBand band="1">
    <Histograms>
      <HistItem>
        <HistMin>2</HistMin>
        <HistMax>266</HistMax>
        <BucketCount>256</BucketCount>
        <IncludeOutOfRange>1</IncludeOutOfRange>
        <Approximate>0</Approximate>
        <HistCounts>551|390|331|248|99|51|31|10|3|5|3|7|6|7|7|4|4|1|3|5|4|4|8|1|8|6|3|7|13|3|3|7|4|8|6|1|7|4|5|10|5|4|5|8|6|6|6|5|4|6|4|8|5|6|6|5|7|5|7|3|6|6|6|8|3|4|5|3|5|8|2|3|3|4|3|5|7|9|3|5|3|3|3|10|6|14|6|4|9|5|6|5|8|4|4|6|3|10|5|4|4|3|4|2|1|3|7|6|9|3|4|1|2|10|3|5|5|5|5|2|3|4|5|4|6|4|5|5|6|5|11|10|9|6|9|7|11|4|8|9|7|8|11|10|10|5|9|4|8|13|7|11|13|8|9|17|11|11|17|11|11|10|14|4|5|10|7|10|7|5|7|6|8|8|2|0|6|4|7|2|1|1|3|2|1|2|0|1|2|0|1|1|2|0|1|1|0|2|1|1|0|3|1|1|1|1|1|1|0|1|1|0|1|0|0|1|2|2|1|0|0|1|2|1|1|2|3|2|4|3|0|1|0|2|2|0|1|0|1|0|0|0|1|0|2|0|1|0|0|0|0|0|1|1|2|1</HistCounts>
      </HistItem>
    </Histograms>
    <Metadata>
      <MDI key="RepresentationType">ATHEMATIC</MDI>
      <MDI key="STATISTICS_COVARIANCES">4297.663530078195</MDI>
      <MDI key="STATISTICS_MAXIMUM">266</MDI>
      <MDI key="STATISTICS_MEAN">48.34181689643</MDI>
      <MDI key="STATISTICS_MINIMUM">2</MDI>
      <MDI key="STATISTICS_SKIPFACTORX">1</MDI>
      <MDI key="STATISTICS_SKIPFACTORY">1</MDI>
      <MDI key="STATISTICS_STDDEV">65.556567406158</MDI>
    </Metadata>
  </PAMRasterBand>
</PAMDataset>
