<PAMDataset>
  <Metadata>
    <MDI key="DataType">Generic</MDI>
  </Metadata>
  <Metadata domain="Esri">
    <MDI key="PyramidResamplingType">NEAREST</MDI>
  </Metadata>
  <PAMRasterBand band="1">
    <Histograms>
      <HistItem>
        <HistMin>4</HistMin>
        <HistMax>289</HistMax>
        <BucketCount>256</BucketCount>
        <IncludeOutOfRange>1</IncludeOutOfRange>
        <Approximate>0</Approximate>
        <HistCounts>108|106|111|174|300|310|187|145|33|11|10|8|16|16|8|11|5|17|11|12|7|12|9|11|7|13|6|7|12|13|6|13|9|8|26|9|8|17|5|9|8|9|21|7|15|7|21|11|9|10|11|13|12|16|8|4|7|5|11|17|9|10|1|11|9|1|7|5|12|8|3|9|9|5|8|6|6|6|9|6|9|6|6|1|8|9|5|2|9|5|3|7|8|7|7|7|6|6|2|10|3|6|12|8|3|3|6|8|5|2|10|7|8|6|6|5|7|4|5|8|2|9|4|2|6|4|2|11|6|1|4|6|10|5|5|3|9|5|5|6|5|6|7|8|10|5|8|5|7|10|7|7|6|7|4|6|3|5|8|9|4|8|7|8|5|7|11|2|6|8|15|2|6|2|4|3|6|5|12|4|2|2|2|0|3|1|1|5|1|2|2|1|0|0|2|1|1|0|2|0|1|0|0|0|1|2|1|0|2|1|1|0|0|0|1|1|0|0|0|1|1|1|0|0|0|1|0|0|1|0|0|2|0|0|0|2|0|0|0|1|1|0|0|0|0|0|1|1|0|0|0|0|0|0|0|1</HistCounts>
      </HistItem>
    </Histograms>
    <Metadata>
      <MDI key="RepresentationType">ATHEMATIC</MDI>
      <MDI key="STATISTICS_COVARIANCES">3982.171925645832</MDI>
      <MDI key="STATISTICS_MAXIMUM">289</MDI>
      <MDI key="STATISTICS_MEAN">53.673382820785</MDI>
      <MDI key="STATISTICS_MINIMUM">4</MDI>
      <MDI key="STATISTICS_SKIPFACTORX">1</MDI>
      <MDI key="STATISTICS_SKIPFACTORY">1</MDI>
      <MDI key="STATISTICS_STDDEV">63.104452502544</MDI>
    </Metadata>
  </PAMRasterBand>
</PAMDataset>
