<PAMDataset>
  <Metadata>
    <MDI key="DataType">Generic</MDI>
  </Metadata>
  <Metadata domain="Esri">
    <MDI key="PyramidResamplingType">NEAREST</MDI>
  </Metadata>
  <PAMRasterBand band="1">
    <Histograms>
      <HistItem>
        <HistMin>4</HistMin>
        <HistMax>270</HistMax>
        <BucketCount>256</BucketCount>
        <IncludeOutOfRange>1</IncludeOutOfRange>
        <Approximate>0</Approximate>
        <HistCounts>121|182|289|412|371|251|124|27|13|4|4|6|3|2|5|5|8|7|5|5|8|5|9|9|7|7|2|9|7|7|4|4|3|6|3|2|8|5|5|8|11|6|7|3|8|4|11|2|7|8|5|9|5|3|3|1|7|3|4|6|5|3|3|7|4|6|4|2|5|10|6|3|7|3|5|5|4|6|6|8|2|4|4|4|6|3|3|4|7|2|5|3|8|7|4|9|2|7|5|7|7|3|7|7|8|8|9|1|11|10|8|8|9|4|8|22|7|7|3|4|9|5|7|3|7|5|6|4|4|7|6|8|10|6|5|4|7|0|10|4|2|4|1|2|1|1|2|1|2|4|3|5|2|2|2|3|8|1|3|2|1|1|6|5|2|1|3|2|4|2|2|3|5|6|0|3|4|5|3|1|2|0|2|1|3|3|1|2|3|3|6|4|4|5|3|1|1|1|2|4|2|5|2|5|3|3|3|1|7|3|1|2|2|0|1|1|3|1|2|4|4|1|2|3|2|1|1|3|1|2|3|3|1|2|4|2|4|0|1|0|3|2|3|1|1|0|2|3|6|2|1|5|4|0|1|2</HistCounts>
      </HistItem>
    </Histograms>
    <Metadata>
      <MDI key="RepresentationType">ATHEMATIC</MDI>
      <MDI key="STATISTICS_COVARIANCES">4483.341974888285</MDI>
      <MDI key="STATISTICS_MAXIMUM">270</MDI>
      <MDI key="STATISTICS_MEAN">48.616118769883</MDI>
      <MDI key="STATISTICS_MINIMUM">4</MDI>
      <MDI key="STATISTICS_SKIPFACTORX">1</MDI>
      <MDI key="STATISTICS_SKIPFACTORY">1</MDI>
      <MDI key="STATISTICS_STDDEV">66.957762618596</MDI>
    </Metadata>
  </PAMRasterBand>
</PAMDataset>
