<PAMDataset>
  <Metadata>
    <MDI key="DataType">Generic</MDI>
  </Metadata>
  <Metadata domain="Esri">
    <MDI key="PyramidResamplingType">NEAREST</MDI>
  </Metadata>
  <PAMRasterBand band="1">
    <Histograms>
      <HistItem>
        <HistMin>1</HistMin>
        <HistMax>186</HistMax>
        <BucketCount>256</BucketCount>
        <IncludeOutOfRange>1</IncludeOutOfRange>
        <Approximate>0</Approximate>
        <HistCounts>470|610|441|0|366|255|78|0|18|17|0|14|10|16|0|17|8|11|0|7|11|0|9|11|17|0|6|8|7|0|15|10|0|8|14|9|0|8|13|9|0|10|11|0|6|6|4|0|5|6|0|6|6|2|0|6|5|2|0|3|3|0|2|5|3|0|2|4|3|0|1|4|0|3|3|4|0|3|4|2|0|4|2|0|2|2|2|0|3|5|4|0|2|3|0|4|5|2|0|5|3|0|6|6|6|0|3|5|4|0|4|7|0|1|6|1|0|3|5|5|0|1|4|0|2|0|3|0|4|1|1|0|4|0|0|3|2|1|0|0|1|1|0|0|1|0|0|0|4|0|2|0|0|2|1|1|0|0|1|2|0|2|0|0|3|0|1|0|1|0|1|0|0|1|0|2|0|0|0|1|2|1|0|0|0|0|1|0|0|0|2|0|2|0|0|2|0|1|0|5|0|2|4|0|1|0|2|0|1|0|1|0|1|1|0|0|1|0|0|4|0|0|0|0|1|0|2|0|1|0|0|0|1|0|1|0|0|0|1|1|0|0|0|1|0|0|2|0|0|1|1|0|0|0|0|1</HistCounts>
      </HistItem>
    </Histograms>
    <Metadata>
      <MDI key="RepresentationType">ATHEMATIC</MDI>
      <MDI key="STATISTICS_COVARIANCES">796.4901440075851</MDI>
      <MDI key="STATISTICS_MAXIMUM">186</MDI>
      <MDI key="STATISTICS_MEAN">13.305408271474</MDI>
      <MDI key="STATISTICS_MINIMUM">1</MDI>
      <MDI key="STATISTICS_SKIPFACTORX">1</MDI>
      <MDI key="STATISTICS_SKIPFACTORY">1</MDI>
      <MDI key="STATISTICS_STDDEV">28.222156969438</MDI>
    </Metadata>
  </PAMRasterBand>
</PAMDataset>
