<PAMDataset>
  <Metadata>
    <MDI key="DataType">Generic</MDI>
  </Metadata>
  <Metadata domain="Esri">
    <MDI key="PyramidResamplingType">NEAREST</MDI>
  </Metadata>
  <PAMRasterBand band="1">
    <Histograms>
      <HistItem>
        <HistMin>1</HistMin>
        <HistMax>14</HistMax>
        <BucketCount>256</BucketCount>
        <IncludeOutOfRange>1</IncludeOutOfRange>
        <Approximate>0</Approximate>
        <HistCounts>141|0|0|0|0|0|0|0|0|0|0|0|0|0|0|0|0|0|0|404|0|0|0|0|0|0|0|0|0|0|0|0|0|0|0|0|0|0|0|515|0|0|0|0|0|0|0|0|0|0|0|0|0|0|0|0|0|0|391|0|0|0|0|0|0|0|0|0|0|0|0|0|0|0|0|0|0|0|359|0|0|0|0|0|0|0|0|0|0|0|0|0|0|0|0|0|0|0|341|0|0|0|0|0|0|0|0|0|0|0|0|0|0|0|0|0|0|175|0|0|0|0|0|0|0|0|0|0|0|0|0|0|0|0|0|0|0|78|0|0|0|0|0|0|0|0|0|0|0|0|0|0|0|0|0|0|89|0|0|0|0|0|0|0|0|0|0|0|0|0|0|0|0|0|0|0|102|0|0|0|0|0|0|0|0|0|0|0|0|0|0|0|0|0|0|0|75|0|0|0|0|0|0|0|0|0|0|0|0|0|0|0|0|0|0|74|0|0|0|0|0|0|0|0|0|0|0|0|0|0|0|0|0|0|0|63|0|0|0|0|0|0|0|0|0|0|0|0|0|0|0|0|0|0|0|22</HistCounts>
      </HistItem>
    </Histograms>
    <Metadata>
      <MDI key="RepresentationType">ATHEMATIC</MDI>
      <MDI key="STATISTICS_COVARIANCES">9.255786327004152</MDI>
      <MDI key="STATISTICS_MAXIMUM">14</MDI>
      <MDI key="STATISTICS_MEAN">5.0933191940615</MDI>
      <MDI key="STATISTICS_MINIMUM">1</MDI>
      <MDI key="STATISTICS_SKIPFACTORX">1</MDI>
      <MDI key="STATISTICS_SKIPFACTORY">1</MDI>
      <MDI key="STATISTICS_STDDEV">3.0423323827294</MDI>
    </Metadata>
  </PAMRasterBand>
</PAMDataset>
