<PAMDataset>
  <Metadata>
    <MDI key="DataType">Generic</MDI>
  </Metadata>
  <Metadata domain="Esri">
    <MDI key="PyramidResamplingType">NEAREST</MDI>
  </Metadata>
  <PAMRasterBand band="1">
    <Histograms>
      <HistItem>
        <HistMin>3</HistMin>
        <HistMax>595</HistMax>
        <BucketCount>256</BucketCount>
        <IncludeOutOfRange>1</IncludeOutOfRange>
        <Approximate>0</Approximate>
        <HistCounts>22|21|171|278|95|22|22|9|6|13|5|3|13|10|6|15|10|9|10|11|13|15|5|8|18|5|8|12|5|9|3|9|3|12|9|7|11|18|8|11|14|7|3|8|13|9|12|8|2|11|12|11|5|7|8|12|7|9|8|6|10|13|9|5|8|14|3|3|11|5|3|11|8|10|16|8|7|7|5|8|10|13|6|9|8|4|6|10|9|5|16|10|14|13|5|8|10|8|10|9|12|7|14|18|15|6|8|8|15|6|10|15|11|4|9|11|14|9|16|4|18|9|6|10|7|9|3|15|10|7|13|6|6|16|10|12|16|4|14|16|9|11|9|28|20|13|19|23|16|20|22|20|19|16|18|14|17|19|28|14|13|20|12|17|28|10|13|25|12|8|12|6|8|10|11|14|5|9|5|9|17|11|5|9|6|8|12|9|6|9|3|6|8|2|3|5|6|5|7|5|6|4|5|3|3|3|3|4|5|2|3|12|3|5|14|5|6|11|6|4|11|5|5|3|5|6|3|8|3|7|5|5|5|3|4|2|2|0|2|2|2|2|4|1|0|2|0|0|2|0|0|0|0|0|0|1</HistCounts>
      </HistItem>
    </Histograms>
    <Metadata>
      <MDI key="RepresentationType">ATHEMATIC</MDI>
      <MDI key="STATISTICS_COVARIANCES">27940.84304583303</MDI>
      <MDI key="STATISTICS_MAXIMUM">595</MDI>
      <MDI key="STATISTICS_MEAN">219.2704135737</MDI>
      <MDI key="STATISTICS_MINIMUM">3</MDI>
      <MDI key="STATISTICS_SKIPFACTORX">1</MDI>
      <MDI key="STATISTICS_SKIPFACTORY">1</MDI>
      <MDI key="STATISTICS_STDDEV">167.1551466328</MDI>
    </Metadata>
  </PAMRasterBand>
</PAMDataset>
