<PAMDataset>
  <Metadata>
    <MDI key="DataType">Generic</MDI>
  </Metadata>
  <Metadata domain="Esri">
    <MDI key="PyramidResamplingType">NEAREST</MDI>
  </Metadata>
  <PAMRasterBand band="1">
    <Histograms>
      <HistItem>
        <HistMin>1</HistMin>
        <HistMax>269</HistMax>
        <BucketCount>256</BucketCount>
        <IncludeOutOfRange>1</IncludeOutOfRange>
        <Approximate>0</Approximate>
        <HistCounts>815|361|358|244|120|54|17|6|5|6|4|5|6|13|13|4|7|4|6|11|4|8|7|7|3|4|7|9|6|5|10|9|6|6|4|13|13|8|7|13|9|6|7|8|10|11|11|18|10|7|11|12|8|9|11|8|7|9|14|7|6|12|8|1|8|10|2|4|6|5|7|7|4|5|4|1|6|2|7|4|3|5|10|3|2|2|4|3|6|7|7|2|4|3|4|2|2|4|6|2|2|2|4|4|4|1|2|6|2|1|0|2|1|4|3|3|3|7|5|3|3|7|7|2|1|7|3|3|3|4|3|4|1|3|2|4|4|5|4|1|3|2|3|4|0|2|3|3|1|2|0|2|2|1|2|1|3|0|0|0|0|1|0|4|1|1|1|0|2|1|0|0|0|0|3|1|4|0|1|0|1|1|0|0|1|0|2|0|0|1|0|0|1|1|1|1|0|0|0|0|3|1|0|2|0|0|2|3|0|6|0|1|0|2|1|1|1|1|1|0|0|0|2|1|2|0|0|1|0|0|2|0|1|0|0|0|2|0|0|0|1|1|0|0|0|1|0|0|2|0|1|1|0|0|0|1</HistCounts>
      </HistItem>
    </Histograms>
    <Metadata>
      <MDI key="RepresentationType">ATHEMATIC</MDI>
      <MDI key="STATISTICS_COVARIANCES">2283.467473425115</MDI>
      <MDI key="STATISTICS_MAXIMUM">269</MDI>
      <MDI key="STATISTICS_MEAN">27.0901378579</MDI>
      <MDI key="STATISTICS_MINIMUM">1</MDI>
      <MDI key="STATISTICS_SKIPFACTORX">1</MDI>
      <MDI key="STATISTICS_SKIPFACTORY">1</MDI>
      <MDI key="STATISTICS_STDDEV">47.785640870717</MDI>
    </Metadata>
  </PAMRasterBand>
</PAMDataset>
