<PAMDataset>
  <Metadata>
    <MDI key="DataType">Generic</MDI>
  </Metadata>
  <Metadata domain="Esri">
    <MDI key="PyramidResamplingType">NEAREST</MDI>
  </Metadata>
  <PAMRasterBand band="1">
    <Histograms>
      <HistItem>
        <HistMin>0</HistMin>
        <HistMax>33</HistMax>
        <BucketCount>256</BucketCount>
        <IncludeOutOfRange>1</IncludeOutOfRange>
        <Approximate>0</Approximate>
        <HistCounts>6|0|0|0|0|0|0|1278|0|0|0|0|0|0|0|593|0|0|0|0|0|0|0|85|0|0|0|0|0|0|75|0|0|0|0|0|0|0|183|0|0|0|0|0|0|0|206|0|0|0|0|0|0|0|225|0|0|0|0|0|0|43|0|0|0|0|0|0|0|8|0|0|0|0|0|0|0|8|0|0|0|0|0|0|0|8|0|0|0|0|0|0|7|0|0|0|0|0|0|0|8|0|0|0|0|0|0|0|3|0|0|0|0|0|0|10|0|0|0|0|0|0|0|7|0|0|0|0|0|0|0|4|0|0|0|0|0|0|0|6|0|0|0|0|0|0|4|0|0|0|0|0|0|0|7|0|0|0|0|0|0|0|7|0|0|0|0|0|0|0|2|0|0|0|0|0|0|7|0|0|0|0|0|0|0|3|0|0|0|0|0|0|0|10|0|0|0|0|0|0|5|0|0|0|0|0|0|0|10|0|0|0|0|0|0|0|2|0|0|0|0|0|0|0|2|0|0|0|0|0|0|3|0|0|0|0|0|0|0|1|0|0|0|0|0|0|0|2|0|0|0|0|0|0|0|1</HistCounts>
      </HistItem>
    </Histograms>
    <Metadata>
      <MDI key="RepresentationType">ATHEMATIC</MDI>
      <MDI key="STATISTICS_COVARIANCES">18.3454879573702</MDI>
      <MDI key="STATISTICS_MAXIMUM">33</MDI>
      <MDI key="STATISTICS_MEAN">3.4001413927183</MDI>
      <MDI key="STATISTICS_MINIMUM">0</MDI>
      <MDI key="STATISTICS_SKIPFACTORX">1</MDI>
      <MDI key="STATISTICS_SKIPFACTORY">1</MDI>
      <MDI key="STATISTICS_STDDEV">4.2831633120125</MDI>
    </Metadata>
  </PAMRasterBand>
</PAMDataset>
