<PAMDataset>
  <Metadata>
    <MDI key="DataType">Generic</MDI>
  </Metadata>
  <Metadata domain="Esri">
    <MDI key="PyramidResamplingType">NEAREST</MDI>
  </Metadata>
  <PAMRasterBand band="1">
    <Histograms>
      <HistItem>
        <HistMin>1</HistMin>
        <HistMax>164</HistMax>
        <BucketCount>256</BucketCount>
        <IncludeOutOfRange>1</IncludeOutOfRange>
        <Approximate>0</Approximate>
        <HistCounts>7|156|0|224|259|0|317|381|0|419|326|0|159|0|44|22|0|16|8|0|3|4|0|4|0|4|3|0|3|2|0|3|2|0|2|3|0|4|0|4|3|0|4|4|0|3|2|0|4|0|3|1|0|7|5|0|3|3|0|1|0|3|4|0|3|4|0|5|4|0|2|1|0|5|0|4|4|0|4|7|0|9|4|0|3|0|5|5|0|3|0|0|8|4|0|4|6|0|4|0|4|1|0|4|2|0|4|2|0|3|0|7|5|0|7|4|0|3|3|0|6|0|5|1|0|4|5|0|4|1|0|6|7|0|2|0|3|4|0|1|1|0|4|2|0|1|0|3|2|0|7|2|0|3|3|0|5|0|5|3|0|2|1|0|5|2|0|1|2|0|2|0|2|6|0|4|2|0|0|2|0|5|0|6|2|0|2|3|0|2|3|0|3|3|0|3|0|4|3|0|3|2|0|1|3|0|6|0|7|2|0|1|2|0|3|1|0|2|0|3|1|0|7|2|0|1|1|0|4|5|0|1|0|2|2|0|5|5|0|1|0|0|4|0|1|4|0|3|2|0|2|2|0|0|0|2</HistCounts>
      </HistItem>
    </Histograms>
    <Metadata>
      <MDI key="RepresentationType">ATHEMATIC</MDI>
      <MDI key="STATISTICS_COVARIANCES">1168.383458501888</MDI>
      <MDI key="STATISTICS_MAXIMUM">164</MDI>
      <MDI key="STATISTICS_MEAN">19.402615765288</MDI>
      <MDI key="STATISTICS_MINIMUM">1</MDI>
      <MDI key="STATISTICS_SKIPFACTORX">1</MDI>
      <MDI key="STATISTICS_SKIPFACTORY">1</MDI>
      <MDI key="STATISTICS_STDDEV">34.181624573766</MDI>
    </Metadata>
  </PAMRasterBand>
</PAMDataset>
