<PAMDataset>
  <Metadata>
    <MDI key="DataType">Generic</MDI>
  </Metadata>
  <Metadata domain="Esri">
    <MDI key="PyramidResamplingType">NEAREST</MDI>
  </Metadata>
  <PAMRasterBand band="1">
    <Histograms>
      <HistItem>
        <HistMin>2</HistMin>
        <HistMax>677</HistMax>
        <BucketCount>256</BucketCount>
        <IncludeOutOfRange>1</IncludeOutOfRange>
        <Approximate>0</Approximate>
        <HistCounts>718|219|103|49|23|16|14|20|10|13|18|16|17|10|11|22|13|12|17|7|12|17|5|26|21|7|26|15|19|20|22|10|16|14|25|16|13|35|20|11|19|21|14|13|14|8|14|23|8|13|9|17|10|9|16|7|11|6|10|7|12|11|9|12|15|9|11|9|13|10|9|15|10|5|9|14|10|9|14|3|12|7|5|6|2|11|8|3|9|10|9|10|4|6|11|4|6|5|7|5|5|7|10|7|7|8|5|5|10|8|1|8|8|7|6|8|1|3|4|5|8|5|6|4|7|6|11|5|2|6|1|6|6|3|0|3|7|4|2|3|3|2|6|2|6|1|1|0|2|3|4|4|7|3|6|2|2|4|2|4|10|3|4|2|1|3|2|5|6|3|8|9|4|4|4|6|6|10|1|11|4|3|3|3|6|5|4|6|3|1|4|2|4|5|4|1|5|6|1|4|4|0|3|1|3|3|1|0|1|3|0|1|1|4|0|1|3|3|2|0|1|5|3|0|3|2|1|2|1|4|1|2|2|3|2|2|4|3|2|0|0|2|4|1|1|1|0|1|1|0|1|1|0|2|2|1</HistCounts>
      </HistItem>
    </Histograms>
    <Metadata>
      <MDI key="RepresentationType">ATHEMATIC</MDI>
      <MDI key="STATISTICS_COVARIANCES">27285.41138106385</MDI>
      <MDI key="STATISTICS_MAXIMUM">677</MDI>
      <MDI key="STATISTICS_MEAN">134.7377165076</MDI>
      <MDI key="STATISTICS_MINIMUM">2</MDI>
      <MDI key="STATISTICS_SKIPFACTORX">1</MDI>
      <MDI key="STATISTICS_SKIPFACTORY">1</MDI>
      <MDI key="STATISTICS_STDDEV">165.18296334993</MDI>
    </Metadata>
  </PAMRasterBand>
</PAMDataset>
