<PAMDataset>
  <Metadata>
    <MDI key="DataType">Generic</MDI>
  </Metadata>
  <Metadata domain="Esri">
    <MDI key="PyramidResamplingType">NEAREST</MDI>
  </Metadata>
  <PAMRasterBand band="1">
    <Histograms>
      <HistItem>
        <HistMin>1</HistMin>
        <HistMax>253</HistMax>
        <BucketCount>256</BucketCount>
        <IncludeOutOfRange>1</IncludeOutOfRange>
        <Approximate>0</Approximate>
        <HistCounts>80|557|671|494|131|40|38|31|32|33|48|28|6|2|3|3|2|6|3|4|3|3|2|4|3|3|2|4|2|4|3|2|4|4|6|2|4|4|4|3|2|4|2|3|2|1|5|3|6|1|2|0|2|2|3|4|0|6|0|2|3|2|3|2|1|1|2|5|1|2|7|3|2|2|1|4|7|1|1|9|6|5|3|4|0|5|2|0|5|4|4|3|4|4|1|3|3|3|4|2|3|1|4|4|3|5|6|3|2|1|1|6|3|1|8|5|4|4|2|3|1|1|2|5|5|6|3|3|4|2|1|3|0|4|3|2|3|3|6|5|1|5|2|3|5|1|1|3|3|2|3|6|7|3|3|5|2|0|5|4|4|2|2|1|2|2|1|6|0|0|6|4|1|5|4|0|3|2|3|3|2|3|1|1|2|4|0|5|1|2|4|2|3|2|2|2|2|1|2|0|1|4|0|2|1|4|1|1|2|3|1|2|0|5|1|2|1|1|2|2|1|5|1|1|1|4|4|3|0|2|2|2|2|1|2|2|3|1|1|0|2|1|2|1|2|1|1|2|0|1|0|0|2|0|0|1</HistCounts>
      </HistItem>
    </Histograms>
    <Metadata>
      <MDI key="RepresentationType">ATHEMATIC</MDI>
      <MDI key="STATISTICS_COVARIANCES">3272.21501867653</MDI>
      <MDI key="STATISTICS_MAXIMUM">253</MDI>
      <MDI key="STATISTICS_MEAN">29.967833156592</MDI>
      <MDI key="STATISTICS_MINIMUM">1</MDI>
      <MDI key="STATISTICS_SKIPFACTORX">1</MDI>
      <MDI key="STATISTICS_SKIPFACTORY">1</MDI>
      <MDI key="STATISTICS_STDDEV">57.203278041355</MDI>
    </Metadata>
  </PAMRasterBand>
</PAMDataset>
