<PAMDataset>
  <Metadata>
    <MDI key="DataType">Generic</MDI>
  </Metadata>
  <Metadata domain="Esri">
    <MDI key="PyramidResamplingType">NEAREST</MDI>
  </Metadata>
  <PAMRasterBand band="1">
    <Histograms>
      <HistItem>
        <HistMin>2</HistMin>
        <HistMax>48</HistMax>
        <BucketCount>256</BucketCount>
        <IncludeOutOfRange>1</IncludeOutOfRange>
        <Approximate>0</Approximate>
        <HistCounts>1|0|0|0|0|155|0|0|0|0|0|151|0|0|0|0|233|0|0|0|0|0|278|0|0|0|0|296|0|0|0|0|0|324|0|0|0|0|553|0|0|0|0|0|376|0|0|0|0|254|0|0|0|0|0|115|0|0|0|0|6|0|0|0|0|0|6|0|0|0|0|0|2|0|0|0|0|2|0|0|0|0|0|5|0|0|0|0|4|0|0|0|0|0|2|0|0|0|0|6|0|0|0|0|0|3|0|0|0|0|1|0|0|0|0|0|4|0|0|0|0|3|0|0|0|0|0|4|0|0|0|0|0|1|0|0|0|0|4|0|0|0|0|0|2|0|0|0|0|5|0|0|0|0|0|4|0|0|0|0|1|0|0|0|0|0|2|0|0|0|0|3|0|0|0|0|0|2|0|0|0|0|3|0|0|0|0|0|5|0|0|0|0|0|2|0|0|0|0|2|0|0|0|0|0|3|0|0|0|0|1|0|0|0|0|0|0|0|0|0|0|0|0|0|0|0|0|1|0|0|0|0|1|0|0|0|0|0|0|0|0|0|0|0|0|0|0|0|0|2|0|0|0|0|0|1</HistCounts>
      </HistItem>
    </Histograms>
    <Metadata>
      <MDI key="RepresentationType">ATHEMATIC</MDI>
      <MDI key="STATISTICS_COVARIANCES">19.00571870548663</MDI>
      <MDI key="STATISTICS_MAXIMUM">48</MDI>
      <MDI key="STATISTICS_MEAN">8.4499823259102</MDI>
      <MDI key="STATISTICS_MINIMUM">2</MDI>
      <MDI key="STATISTICS_SKIPFACTORX">1</MDI>
      <MDI key="STATISTICS_SKIPFACTORY">1</MDI>
      <MDI key="STATISTICS_STDDEV">4.3595548746961</MDI>
    </Metadata>
  </PAMRasterBand>
</PAMDataset>
