<PAMDataset>
  <Metadata>
    <MDI key="DataType">Generic</MDI>
  </Metadata>
  <Metadata domain="Esri">
    <MDI key="PyramidResamplingType">NEAREST</MDI>
  </Metadata>
  <PAMRasterBand band="1">
    <Histograms>
      <HistItem>
        <HistMin>1</HistMin>
        <HistMax>224</HistMax>
        <BucketCount>256</BucketCount>
        <IncludeOutOfRange>1</IncludeOutOfRange>
        <Approximate>0</Approximate>
        <HistCounts>129|654|610|230|170|159|81|0|31|14|9|13|7|5|5|0|6|6|7|6|3|4|4|0|6|9|4|8|6|9|10|0|9|8|9|7|7|4|9|0|5|5|8|7|9|8|6|0|4|7|7|5|9|11|8|0|7|3|5|4|4|3|4|0|4|5|6|6|5|1|6|0|4|3|4|2|3|4|3|0|6|0|7|2|5|8|4|0|8|4|6|2|5|3|4|0|3|5|7|1|5|4|3|0|4|5|8|5|0|11|4|0|2|3|0|8|1|2|2|0|4|4|1|3|5|4|3|0|4|1|1|3|4|3|4|0|0|0|4|2|2|5|2|0|3|4|4|3|3|3|3|0|1|1|1|0|3|5|3|0|4|2|3|1|5|4|1|0|2|3|5|5|2|3|3|0|3|3|3|2|2|2|2|0|6|0|1|1|3|1|2|0|0|2|2|1|1|2|0|0|2|3|0|0|0|2|1|0|1|1|0|0|1|0|1|0|1|2|1|0|1|1|0|0|1|0|1|2|2|1|2|0|3|2|2|4|1|1|1|0|4|1|4|3|1|2|1|0|0|1|0|2|0|0|0|1</HistCounts>
      </HistItem>
    </Histograms>
    <Metadata>
      <MDI key="RepresentationType">ATHEMATIC</MDI>
      <MDI key="STATISTICS_COVARIANCES">2098.066834308027</MDI>
      <MDI key="STATISTICS_MAXIMUM">224</MDI>
      <MDI key="STATISTICS_MEAN">24.700954400848</MDI>
      <MDI key="STATISTICS_MINIMUM">1</MDI>
      <MDI key="STATISTICS_SKIPFACTORX">1</MDI>
      <MDI key="STATISTICS_SKIPFACTORY">1</MDI>
      <MDI key="STATISTICS_STDDEV">45.804659526166</MDI>
    </Metadata>
  </PAMRasterBand>
</PAMDataset>
