<PAMDataset>
  <Metadata>
    <MDI key="DataType">Generic</MDI>
  </Metadata>
  <Metadata domain="Esri">
    <MDI key="PyramidResamplingType">NEAREST</MDI>
  </Metadata>
  <PAMRasterBand band="1">
    <Histograms>
      <HistItem>
        <HistMin>0</HistMin>
        <HistMax>28</HistMax>
        <BucketCount>256</BucketCount>
        <IncludeOutOfRange>1</IncludeOutOfRange>
        <Approximate>0</Approximate>
        <HistCounts>666|0|0|0|0|0|0|0|0|1157|0|0|0|0|0|0|0|0|80|0|0|0|0|0|0|0|0|75|0|0|0|0|0|0|0|0|270|0|0|0|0|0|0|0|0|179|0|0|0|0|0|0|0|0|154|0|0|0|0|0|0|0|0|145|0|0|0|0|0|0|0|0|65|0|0|0|0|0|0|0|0|6|0|0|0|0|0|0|0|0|0|4|0|0|0|0|0|0|0|0|4|0|0|0|0|0|0|0|0|4|0|0|0|0|0|0|0|0|1|0|0|0|0|0|0|0|0|1|0|0|0|0|0|0|0|0|2|0|0|0|0|0|0|0|0|3|0|0|0|0|0|0|0|0|1|0|0|0|0|0|0|0|0|1|0|0|0|0|0|0|0|0|0|3|0|0|0|0|0|0|0|0|0|0|0|0|0|0|0|0|0|0|0|0|0|0|0|0|0|0|3|0|0|0|0|0|0|0|0|1|0|0|0|0|0|0|0|0|1|0|0|0|0|0|0|0|0|1|0|0|0|0|0|0|0|0|0|0|0|0|0|0|0|0|0|1|0|0|0|0|0|0|0|0|0|1</HistCounts>
      </HistItem>
    </Histograms>
    <Metadata>
      <MDI key="RepresentationType">ATHEMATIC</MDI>
      <MDI key="STATISTICS_COVARIANCES">7.956677731096831</MDI>
      <MDI key="STATISTICS_MAXIMUM">28</MDI>
      <MDI key="STATISTICS_MEAN">2.3160127253446</MDI>
      <MDI key="STATISTICS_MINIMUM">0</MDI>
      <MDI key="STATISTICS_SKIPFACTORX">1</MDI>
      <MDI key="STATISTICS_SKIPFACTORY">1</MDI>
      <MDI key="STATISTICS_STDDEV">2.8207583609903</MDI>
    </Metadata>
  </PAMRasterBand>
</PAMDataset>
