<PAMDataset>
  <Metadata>
    <MDI key="DataType">Generic</MDI>
  </Metadata>
  <Metadata domain="Esri">
    <MDI key="PyramidResamplingType">NEAREST</MDI>
  </Metadata>
  <PAMRasterBand band="1">
    <Histograms>
      <HistItem>
        <HistMin>0</HistMin>
        <HistMax>151</HistMax>
        <BucketCount>256</BucketCount>
        <IncludeOutOfRange>1</IncludeOutOfRange>
        <Approximate>0</Approximate>
        <HistCounts>131|1056|0|402|0|288|255|0|227|0|35|5|0|10|0|7|6|0|6|0|4|6|0|8|0|8|0|4|7|0|4|0|11|4|0|6|0|6|4|0|5|0|12|8|0|6|0|8|6|0|3|0|2|0|4|4|0|9|0|4|1|0|4|0|4|5|0|6|0|8|1|0|5|0|4|0|0|3|0|9|0|4|6|0|3|0|9|2|0|3|0|10|5|0|2|0|10|5|0|1|0|4|0|3|3|0|7|0|3|6|0|5|0|2|3|0|3|0|5|4|0|5|0|4|5|0|3|0|2|0|3|3|0|5|0|0|4|0|2|0|3|2|0|0|0|2|1|0|1|0|1|1|0|1|0|0|0|3|1|0|0|0|1|0|0|1|0|0|1|0|0|0|2|2|0|0|0|3|0|2|3|0|2|0|1|0|0|3|0|3|3|0|4|0|1|2|0|0|0|1|1|0|1|0|0|0|0|0|0|0|0|1|2|0|0|0|0|1|0|1|0|1|1|0|0|0|1|0|0|2|0|0|0|0|0|0|0|0|0|0|0|0|0|0|0|0|0|0|0|0|0|0|0|0|0|1</HistCounts>
      </HistItem>
    </Histograms>
    <Metadata>
      <MDI key="RepresentationType">ATHEMATIC</MDI>
      <MDI key="STATISTICS_COVARIANCES">454.211559604681</MDI>
      <MDI key="STATISTICS_MAXIMUM">151</MDI>
      <MDI key="STATISTICS_MEAN">9.4676564156946</MDI>
      <MDI key="STATISTICS_MINIMUM">0</MDI>
      <MDI key="STATISTICS_SKIPFACTORX">1</MDI>
      <MDI key="STATISTICS_SKIPFACTORY">1</MDI>
      <MDI key="STATISTICS_STDDEV">21.312239666555</MDI>
    </Metadata>
  </PAMRasterBand>
</PAMDataset>
