<PAMDataset>
  <Metadata>
    <MDI key="DataType">Generic</MDI>
  </Metadata>
  <Metadata domain="Esri">
    <MDI key="PyramidResamplingType">NEAREST</MDI>
  </Metadata>
  <PAMRasterBand band="1">
    <Histograms>
      <HistItem>
        <HistMin>3</HistMin>
        <HistMax>197</HistMax>
        <BucketCount>256</BucketCount>
        <IncludeOutOfRange>1</IncludeOutOfRange>
        <Approximate>0</Approximate>
        <HistCounts>4|143|295|350|0|379|285|116|0|44|12|10|0|11|6|8|0|9|5|10|0|7|7|11|6|0|6|5|7|0|13|14|8|0|5|10|6|0|13|9|13|0|5|7|8|0|11|3|4|10|0|2|7|9|0|8|8|4|0|8|10|7|0|10|9|8|0|12|8|6|9|0|9|10|5|0|9|6|13|0|6|7|5|0|6|10|6|0|7|7|5|0|4|7|3|4|0|5|7|7|0|8|7|9|0|8|8|3|0|5|6|8|0|3|10|3|4|0|6|3|6|0|4|9|7|0|5|8|8|0|8|8|2|0|7|8|5|0|10|8|3|3|0|5|3|8|0|6|4|5|0|5|4|5|0|3|3|4|0|10|5|5|8|0|7|5|5|0|11|8|10|0|4|5|6|0|5|7|9|0|6|12|10|0|5|5|4|12|0|9|6|2|0|8|7|12|0|7|9|7|0|6|6|7|0|5|5|3|4|0|9|6|7|0|10|5|5|0|8|3|2|0|11|5|6|0|6|4|9|0|7|3|10|3|0|2|2|4|0|2|4|4|0|0|4|3|0|2|2|3|0|1|0|1|0|6</HistCounts>
      </HistItem>
    </Histograms>
    <Metadata>
      <MDI key="RepresentationType">ATHEMATIC</MDI>
      <MDI key="STATISTICS_COVARIANCES">3080.346491405698</MDI>
      <MDI key="STATISTICS_MAXIMUM">197</MDI>
      <MDI key="STATISTICS_MEAN">44.162955107812</MDI>
      <MDI key="STATISTICS_MINIMUM">3</MDI>
      <MDI key="STATISTICS_SKIPFACTORX">1</MDI>
      <MDI key="STATISTICS_SKIPFACTORY">1</MDI>
      <MDI key="STATISTICS_STDDEV">55.500869285136</MDI>
    </Metadata>
  </PAMRasterBand>
</PAMDataset>
