<PAMDataset>
  <Metadata>
    <MDI key="DataType">Generic</MDI>
  </Metadata>
  <Metadata domain="Esri">
    <MDI key="PyramidResamplingType">NEAREST</MDI>
  </Metadata>
  <PAMRasterBand band="1">
    <Histograms>
      <HistItem>
        <HistMin>3</HistMin>
        <HistMax>248</HistMax>
        <BucketCount>256</BucketCount>
        <IncludeOutOfRange>1</IncludeOutOfRange>
        <Approximate>0</Approximate>
        <HistCounts>197|297|187|76|46|50|42|27|12|21|20|15|18|12|16|19|18|9|18|23|22|23|16|21|21|0|15|28|23|19|18|21|12|14|16|15|20|23|16|18|27|24|16|14|20|16|17|14|13|14|0|13|19|21|19|17|19|22|13|21|13|21|19|20|14|16|15|9|11|17|12|13|13|18|11|10|0|9|9|12|7|8|13|7|10|10|8|9|4|6|9|8|4|8|4|7|6|5|10|7|6|0|10|7|5|8|4|6|6|10|10|10|9|4|6|9|13|7|13|9|10|8|7|7|7|4|8|0|4|10|5|5|7|5|3|8|4|4|3|1|2|5|2|3|6|1|4|2|7|2|3|0|0|3|6|5|7|4|5|6|8|3|4|4|6|7|7|5|8|6|4|6|2|6|3|7|6|8|0|4|2|4|4|2|5|2|6|2|4|1|4|3|3|2|3|3|2|1|1|5|1|3|0|0|4|2|3|1|2|0|2|1|1|3|3|1|2|0|1|5|1|4|2|3|4|1|2|1|4|0|2|1|5|0|1|1|2|1|0|1|1|2|0|2|0|2|3|3|1|2|4|1|2|1|0|1</HistCounts>
      </HistItem>
    </Histograms>
    <Metadata>
      <MDI key="RepresentationType">ATHEMATIC</MDI>
      <MDI key="STATISTICS_COVARIANCES">3423.800990998962</MDI>
      <MDI key="STATISTICS_MAXIMUM">248</MDI>
      <MDI key="STATISTICS_MEAN">56.11558854719</MDI>
      <MDI key="STATISTICS_MINIMUM">3</MDI>
      <MDI key="STATISTICS_SKIPFACTORX">1</MDI>
      <MDI key="STATISTICS_SKIPFACTORY">1</MDI>
      <MDI key="STATISTICS_STDDEV">58.513254831696</MDI>
    </Metadata>
  </PAMRasterBand>
</PAMDataset>
