<PAMDataset>
  <Metadata>
    <MDI key="DataType">Generic</MDI>
  </Metadata>
  <Metadata domain="Esri">
    <MDI key="PyramidResamplingType">NEAREST</MDI>
  </Metadata>
  <PAMRasterBand band="1">
    <Histograms>
      <HistItem>
        <HistMin>2</HistMin>
        <HistMax>244</HistMax>
        <BucketCount>256</BucketCount>
        <IncludeOutOfRange>1</IncludeOutOfRange>
        <Approximate>0</Approximate>
        <HistCounts>11|121|219|235|255|231|273|41|8|7|8|7|8|8|10|7|14|16|15|0|9|17|13|12|11|12|11|13|10|16|8|12|10|13|16|15|9|11|12|0|12|13|7|16|15|14|15|14|12|15|13|9|9|11|7|9|12|8|0|12|14|9|9|8|7|15|12|10|7|11|7|5|9|6|11|8|11|8|0|9|11|9|12|11|17|11|9|8|13|8|14|14|12|13|9|10|10|14|0|9|12|19|15|13|10|1|9|5|4|4|8|8|16|4|7|6|12|0|3|5|9|5|2|3|9|5|5|1|4|5|6|2|5|4|5|4|4|0|2|5|3|2|9|8|5|4|4|1|2|4|2|1|4|4|3|5|0|1|3|4|1|0|1|2|2|4|4|3|1|3|1|0|3|2|4|4|0|1|4|1|2|4|2|3|2|2|3|3|1|0|2|1|2|8|0|0|0|5|1|3|1|1|4|2|3|3|3|2|3|3|1|3|3|2|0|0|2|1|3|4|2|2|2|3|3|2|5|2|2|2|0|0|1|0|2|0|2|3|1|1|0|0|2|3|1|1|0|0|1|2|0|0|0|0|0|3</HistCounts>
      </HistItem>
    </Histograms>
    <Metadata>
      <MDI key="RepresentationType">ATHEMATIC</MDI>
      <MDI key="STATISTICS_COVARIANCES">3026.342989586033</MDI>
      <MDI key="STATISTICS_MAXIMUM">244</MDI>
      <MDI key="STATISTICS_MEAN">45.818663838812</MDI>
      <MDI key="STATISTICS_MINIMUM">2</MDI>
      <MDI key="STATISTICS_SKIPFACTORX">1</MDI>
      <MDI key="STATISTICS_SKIPFACTORY">1</MDI>
      <MDI key="STATISTICS_STDDEV">55.01220764145</MDI>
    </Metadata>
  </PAMRasterBand>
</PAMDataset>
