<PAMDataset>
  <Metadata>
    <MDI key="DataType">Generic</MDI>
  </Metadata>
  <Metadata domain="Esri">
    <MDI key="PyramidResamplingType">NEAREST</MDI>
  </Metadata>
  <PAMRasterBand band="1">
    <Histograms>
      <HistItem>
        <HistMin>2</HistMin>
        <HistMax>149</HistMax>
        <BucketCount>256</BucketCount>
        <IncludeOutOfRange>1</IncludeOutOfRange>
        <Approximate>0</Approximate>
        <HistCounts>83|113|0|202|0|368|321|0|328|0|360|0|231|93|0|41|0|17|0|21|19|0|12|0|12|0|13|10|0|14|0|18|8|0|12|0|16|0|5|10|0|9|0|7|0|15|11|0|7|0|7|0|8|13|0|8|0|13|7|0|13|0|5|0|11|9|0|9|0|7|0|9|5|0|7|0|12|0|7|7|0|8|0|9|0|8|7|0|6|0|12|7|0|8|0|5|0|4|3|0|6|0|8|0|4|8|0|4|0|4|0|5|8|0|7|0|3|3|0|5|0|2|0|4|2|0|7|0|3|0|3|6|0|3|0|3|0|3|5|0|7|0|3|3|0|3|0|2|0|3|7|0|5|0|3|0|2|6|0|3|0|4|0|6|1|0|0|0|3|0|6|1|0|4|0|2|2|0|5|0|3|0|3|2|0|1|0|3|0|1|4|0|1|0|0|0|0|0|0|0|0|1|0|0|0|0|0|0|1|1|0|1|0|0|0|1|1|0|0|0|1|0|0|0|0|0|0|0|1|0|0|0|1|0|0|1|0|1|0|0|0|0|0|0|0|0|1|0|0|0|0|0|0|1|0|1</HistCounts>
      </HistItem>
    </Histograms>
    <Metadata>
      <MDI key="RepresentationType">ATHEMATIC</MDI>
      <MDI key="STATISTICS_COVARIANCES">550.8949426604521</MDI>
      <MDI key="STATISTICS_MAXIMUM">149</MDI>
      <MDI key="STATISTICS_MEAN">16.762106751502</MDI>
      <MDI key="STATISTICS_MINIMUM">2</MDI>
      <MDI key="STATISTICS_SKIPFACTORX">1</MDI>
      <MDI key="STATISTICS_SKIPFACTORY">1</MDI>
      <MDI key="STATISTICS_STDDEV">23.471151285364</MDI>
    </Metadata>
  </PAMRasterBand>
</PAMDataset>
