<PAMDataset>
  <Metadata>
    <MDI key="DataType">Generic</MDI>
  </Metadata>
  <Metadata domain="Esri">
    <MDI key="PyramidResamplingType">NEAREST</MDI>
  </Metadata>
  <PAMRasterBand band="1">
    <Histograms>
      <HistItem>
        <HistMin>1</HistMin>
        <HistMax>339</HistMax>
        <BucketCount>256</BucketCount>
        <IncludeOutOfRange>1</IncludeOutOfRange>
        <Approximate>0</Approximate>
        <HistCounts>800|530|347|250|26|40|148|92|12|6|2|7|5|6|2|2|2|3|4|2|3|6|0|3|7|4|6|12|0|3|1|3|2|6|1|2|4|3|1|5|4|1|0|2|3|1|1|1|3|6|3|0|3|3|1|4|5|1|7|0|1|2|4|0|4|3|4|1|4|3|1|3|1|6|0|1|3|0|0|4|2|1|3|0|3|1|6|3|1|3|2|3|3|2|2|3|1|2|5|3|1|4|1|2|2|1|4|4|1|3|3|2|1|2|3|1|3|1|3|1|4|3|7|1|3|5|1|2|2|0|3|3|3|7|3|2|2|2|5|3|0|4|1|5|5|2|3|4|3|5|1|2|3|2|2|1|2|1|2|9|2|1|4|2|3|5|0|2|3|3|4|3|4|2|0|4|1|0|2|1|2|1|4|2|3|4|3|2|1|2|1|1|4|3|3|1|2|1|3|2|0|0|3|3|0|5|1|1|5|4|1|1|0|3|2|1|0|1|1|3|2|3|1|0|4|2|0|5|0|1|1|0|2|3|1|0|4|0|0|1|1|1|0|2|0|2|0|1|0|2|0|1|0|0|0|1</HistCounts>
      </HistItem>
    </Histograms>
    <Metadata>
      <MDI key="RepresentationType">ATHEMATIC</MDI>
      <MDI key="STATISTICS_COVARIANCES">5322.076312569912</MDI>
      <MDI key="STATISTICS_MAXIMUM">339</MDI>
      <MDI key="STATISTICS_MEAN">34.750441852245</MDI>
      <MDI key="STATISTICS_MINIMUM">1</MDI>
      <MDI key="STATISTICS_SKIPFACTORX">1</MDI>
      <MDI key="STATISTICS_SKIPFACTORY">1</MDI>
      <MDI key="STATISTICS_STDDEV">72.95256206995</MDI>
    </Metadata>
  </PAMRasterBand>
</PAMDataset>
