<PAMDataset>
  <Metadata>
    <MDI key="DataType">Generic</MDI>
  </Metadata>
  <Metadata domain="Esri">
    <MDI key="PyramidResamplingType">NEAREST</MDI>
  </Metadata>
  <PAMRasterBand band="1">
    <Histograms>
      <HistItem>
        <HistMin>1</HistMin>
        <HistMax>293</HistMax>
        <BucketCount>256</BucketCount>
        <IncludeOutOfRange>1</IncludeOutOfRange>
        <Approximate>0</Approximate>
        <HistCounts>822|374|289|194|22|16|16|17|14|13|10|14|10|24|9|15|10|14|10|8|23|7|10|7|9|8|8|24|12|12|10|9|11|13|32|13|11|11|6|12|12|20|13|5|8|13|8|12|14|11|10|5|10|1|6|13|6|9|7|5|6|5|13|4|6|6|5|6|16|7|4|7|4|5|9|13|10|7|6|7|5|4|13|2|2|4|7|1|1|6|2|2|3|4|2|1|4|5|2|2|1|3|3|2|3|2|3|2|2|1|4|4|3|5|4|1|2|4|3|1|0|0|3|1|5|0|5|2|3|1|5|3|1|6|3|3|6|3|5|4|3|1|0|4|6|3|1|1|2|2|4|5|1|4|3|0|2|1|0|2|2|2|1|2|0|1|0|2|1|3|0|1|1|3|3|0|4|1|0|2|0|0|3|1|1|3|1|0|0|0|1|3|2|2|1|1|0|0|1|3|1|0|1|0|0|2|2|2|1|1|1|2|1|0|1|2|2|0|1|1|2|2|0|0|3|3|1|1|2|1|2|2|2|0|2|1|1|0|1|1|2|4|0|1|1|0|1|1|0|1|2|0|1|2|0|1</HistCounts>
      </HistItem>
    </Histograms>
    <Metadata>
      <MDI key="RepresentationType">ATHEMATIC</MDI>
      <MDI key="STATISTICS_COVARIANCES">3397.880337162639</MDI>
      <MDI key="STATISTICS_MAXIMUM">293</MDI>
      <MDI key="STATISTICS_MEAN">34.544715447154</MDI>
      <MDI key="STATISTICS_MINIMUM">1</MDI>
      <MDI key="STATISTICS_SKIPFACTORX">1</MDI>
      <MDI key="STATISTICS_SKIPFACTORY">1</MDI>
      <MDI key="STATISTICS_STDDEV">58.29134015583</MDI>
    </Metadata>
  </PAMRasterBand>
</PAMDataset>
