<PAMDataset>
  <Metadata>
    <MDI key="DataType">Generic</MDI>
  </Metadata>
  <Metadata domain="Esri">
    <MDI key="PyramidResamplingType">NEAREST</MDI>
  </Metadata>
  <PAMRasterBand band="1">
    <Histograms>
      <HistItem>
        <HistMin>1</HistMin>
        <HistMax>73</HistMax>
        <BucketCount>256</BucketCount>
        <IncludeOutOfRange>1</IncludeOutOfRange>
        <Approximate>0</Approximate>
        <HistCounts>350|0|0|963|0|0|0|455|0|0|175|0|0|0|129|0|0|183|0|0|0|142|0|0|103|0|0|0|103|0|0|68|0|0|0|10|0|0|4|0|0|0|4|0|0|0|3|0|0|2|0|0|0|6|0|0|4|0|0|0|2|0|0|3|0|0|0|3|0|0|2|0|0|0|5|0|0|2|0|0|0|2|0|0|0|2|0|0|3|0|0|0|5|0|0|2|0|0|0|2|0|0|1|0|0|0|5|0|0|6|0|0|0|6|0|0|3|0|0|0|1|0|0|1|0|0|0|5|0|0|0|2|0|0|3|0|0|0|0|0|0|7|0|0|0|1|0|0|6|0|0|0|3|0|0|4|0|0|0|2|0|0|4|0|0|0|2|0|0|0|4|0|0|1|0|0|0|3|0|0|2|0|0|0|0|0|0|3|0|0|0|1|0|0|1|0|0|0|0|0|0|1|0|0|0|3|0|0|0|0|0|0|0|0|0|0|2|0|0|3|0|0|0|1|0|0|0|0|0|0|0|0|0|1|0|0|0|0|0|0|0|0|0|0|1|0|0|0|0|0|0|2|0|0|0|1</HistCounts>
      </HistItem>
    </Histograms>
    <Metadata>
      <MDI key="RepresentationType">ATHEMATIC</MDI>
      <MDI key="STATISTICS_COVARIANCES">68.5619325604729</MDI>
      <MDI key="STATISTICS_MAXIMUM">73</MDI>
      <MDI key="STATISTICS_MEAN">5.2576882290562</MDI>
      <MDI key="STATISTICS_MINIMUM">1</MDI>
      <MDI key="STATISTICS_SKIPFACTORX">1</MDI>
      <MDI key="STATISTICS_SKIPFACTORY">1</MDI>
      <MDI key="STATISTICS_STDDEV">8.2802133161213</MDI>
    </Metadata>
  </PAMRasterBand>
</PAMDataset>
