<PAMDataset>
  <Metadata>
    <MDI key="DataType">Generic</MDI>
  </Metadata>
  <Metadata domain="Esri">
    <MDI key="PyramidResamplingType">NEAREST</MDI>
  </Metadata>
  <PAMRasterBand band="1">
    <Histograms>
      <HistItem>
        <HistMin>2</HistMin>
        <HistMax>173</HistMax>
        <BucketCount>256</BucketCount>
        <IncludeOutOfRange>1</IncludeOutOfRange>
        <Approximate>0</Approximate>
        <HistCounts>1|72|382|0|342|301|0|322|97|0|11|12|0|14|10|0|12|7|0|12|13|0|10|7|0|12|14|0|6|15|0|6|9|0|9|16|0|10|9|0|12|8|0|11|10|0|6|14|0|8|7|0|8|15|0|7|9|0|10|10|0|15|12|0|6|13|0|8|6|0|18|8|0|10|5|0|12|8|0|14|13|0|9|10|0|19|13|11|0|8|8|0|12|10|0|12|8|0|13|12|0|8|6|0|13|11|0|6|11|0|9|10|0|11|11|0|7|8|0|5|11|0|17|19|0|5|11|0|10|10|0|9|7|0|9|8|0|12|9|0|11|8|0|10|9|0|2|15|0|12|9|0|9|17|0|12|8|0|9|16|0|4|11|0|15|10|0|7|6|0|6|7|5|0|9|7|0|6|6|0|13|7|0|8|7|0|9|10|0|10|7|0|7|5|0|11|10|0|8|3|0|9|2|0|6|2|0|3|5|0|7|2|0|1|2|0|3|1|0|2|2|0|1|2|0|1|0|0|2|0|0|1|0|0|0|0|0|0|1|0|0|0|0|0|0|0|0|0|0|0|0|0|0|0|0|1</HistCounts>
      </HistItem>
    </Histograms>
    <Metadata>
      <MDI key="RepresentationType">ATHEMATIC</MDI>
      <MDI key="STATISTICS_COVARIANCES">1816.780270566065</MDI>
      <MDI key="STATISTICS_MAXIMUM">173</MDI>
      <MDI key="STATISTICS_MEAN">36.701307882644</MDI>
      <MDI key="STATISTICS_MINIMUM">2</MDI>
      <MDI key="STATISTICS_SKIPFACTORX">1</MDI>
      <MDI key="STATISTICS_SKIPFACTORY">1</MDI>
      <MDI key="STATISTICS_STDDEV">42.62370550018</MDI>
    </Metadata>
  </PAMRasterBand>
</PAMDataset>
