<PAMDataset>
  <Metadata>
    <MDI key="DataType">Generic</MDI>
  </Metadata>
  <Metadata domain="Esri">
    <MDI key="PyramidResamplingType">NEAREST</MDI>
  </Metadata>
  <PAMRasterBand band="1">
    <Histograms>
      <HistItem>
        <HistMin>3</HistMin>
        <HistMax>291</HistMax>
        <BucketCount>256</BucketCount>
        <IncludeOutOfRange>1</IncludeOutOfRange>
        <Approximate>0</Approximate>
        <HistCounts>74|124|93|118|105|119|94|150|47|10|6|5|7|8|4|10|6|5|4|5|6|8|7|8|8|7|8|2|7|5|11|5|4|4|4|7|5|7|12|4|11|4|6|6|3|10|12|13|6|5|6|2|5|4|9|11|13|9|4|5|8|16|2|5|5|5|7|6|11|16|5|6|15|11|12|9|8|11|12|10|5|8|5|8|5|27|12|10|10|9|21|7|19|8|12|6|13|10|5|16|23|10|9|11|9|8|11|2|17|16|11|14|12|12|14|19|8|11|13|20|11|10|12|26|13|10|9|11|9|11|17|24|17|15|10|11|18|22|7|23|11|12|5|8|7|13|11|10|6|11|14|8|9|10|10|14|11|9|7|6|7|6|6|6|7|11|9|8|8|8|25|10|12|13|9|8|6|26|4|13|15|9|12|11|12|17|4|5|9|10|5|8|2|6|6|11|3|2|3|8|15|3|4|2|6|0|2|2|2|2|0|0|0|1|2|0|0|1|3|0|0|0|2|0|2|3|1|1|2|1|0|0|2|0|0|1|0|1|0|3|1|0|1|1|2|1|0|3|2|0|1|0|0|0|1|1</HistCounts>
      </HistItem>
    </Histograms>
    <Metadata>
      <MDI key="RepresentationType">ATHEMATIC</MDI>
      <MDI key="STATISTICS_COVARIANCES">5898.259744123189</MDI>
      <MDI key="STATISTICS_MAXIMUM">291</MDI>
      <MDI key="STATISTICS_MEAN">92.23365146695</MDI>
      <MDI key="STATISTICS_MINIMUM">3</MDI>
      <MDI key="STATISTICS_SKIPFACTORX">1</MDI>
      <MDI key="STATISTICS_SKIPFACTORY">1</MDI>
      <MDI key="STATISTICS_STDDEV">76.800128542361</MDI>
    </Metadata>
  </PAMRasterBand>
</PAMDataset>
