<PAMDataset>
  <Metadata>
    <MDI key="DataType">Generic</MDI>
  </Metadata>
  <Metadata domain="Esri">
    <MDI key="PyramidResamplingType">NEAREST</MDI>
  </Metadata>
  <PAMRasterBand band="1">
    <Histograms>
      <HistItem>
        <HistMin>1</HistMin>
        <HistMax>289</HistMax>
        <BucketCount>256</BucketCount>
        <IncludeOutOfRange>1</IncludeOutOfRange>
        <Approximate>0</Approximate>
        <HistCounts>151|398|436|571|238|146|153|72|9|10|5|7|4|11|5|8|9|8|8|8|5|8|6|12|13|7|9|4|8|8|14|2|14|4|9|6|3|5|15|6|5|7|1|0|8|9|9|8|8|3|8|5|3|7|4|2|6|3|6|2|4|9|8|4|1|6|0|6|4|14|6|5|4|4|2|3|7|8|4|4|5|5|5|3|6|6|3|4|6|3|2|3|6|1|3|3|5|1|1|3|2|1|1|0|1|3|2|1|1|0|0|2|2|2|1|2|3|0|0|1|1|2|0|2|1|0|0|0|1|0|1|2|0|0|0|1|1|1|1|1|0|1|0|1|0|2|2|2|1|1|0|0|2|0|1|0|0|1|2|3|1|1|1|0|2|2|1|0|0|2|2|0|2|1|0|0|2|1|3|0|0|1|0|0|1|4|0|1|1|1|0|0|1|1|2|1|2|0|1|1|1|0|1|0|0|1|0|0|3|0|0|0|0|1|1|0|4|2|0|0|0|0|0|0|1|1|1|0|2|1|0|2|0|0|1|1|0|0|0|3|0|1|0|1|0|0|1|0|1|0|1|1|0|0|1|1</HistCounts>
      </HistItem>
    </Histograms>
    <Metadata>
      <MDI key="RepresentationType">ATHEMATIC</MDI>
      <MDI key="STATISTICS_COVARIANCES">2055.351390903379</MDI>
      <MDI key="STATISTICS_MAXIMUM">289</MDI>
      <MDI key="STATISTICS_MEAN">22.856486390951</MDI>
      <MDI key="STATISTICS_MINIMUM">1</MDI>
      <MDI key="STATISTICS_SKIPFACTORX">1</MDI>
      <MDI key="STATISTICS_SKIPFACTORY">1</MDI>
      <MDI key="STATISTICS_STDDEV">45.335983400643</MDI>
    </Metadata>
  </PAMRasterBand>
</PAMDataset>
