<PAMDataset>
  <Metadata>
    <MDI key="DataType">Generic</MDI>
  </Metadata>
  <Metadata domain="Esri">
    <MDI key="PyramidResamplingType">NEAREST</MDI>
  </Metadata>
  <PAMRasterBand band="1">
    <Histograms>
      <HistItem>
        <HistMin>2</HistMin>
        <HistMax>564</HistMax>
        <BucketCount>256</BucketCount>
        <IncludeOutOfRange>1</IncludeOutOfRange>
        <Approximate>0</Approximate>
        <HistCounts>601|25|32|59|227|30|2|6|8|10|5|5|8|4|4|6|2|5|2|5|8|2|4|11|1|2|6|6|7|5|2|5|4|6|6|5|10|9|6|11|6|6|5|15|15|7|6|3|3|6|6|4|7|10|7|7|5|5|17|8|2|3|11|7|8|3|3|5|9|6|15|9|9|13|9|3|6|7|10|7|6|4|6|9|5|5|6|7|10|6|9|5|8|12|5|9|7|15|13|10|8|13|10|8|7|9|3|10|7|6|11|7|21|5|10|10|6|9|14|7|5|6|19|11|14|8|10|9|9|4|11|19|17|18|13|18|13|21|19|15|13|10|10|15|17|15|12|21|4|6|5|13|16|13|10|9|17|15|11|9|11|10|11|8|12|9|11|12|10|9|9|12|10|8|7|15|12|6|10|6|7|4|8|8|7|11|12|0|9|5|7|9|10|5|6|6|8|4|9|4|5|9|7|5|1|12|4|6|3|5|6|4|3|6|1|5|4|4|4|4|6|5|4|5|2|4|3|1|3|7|6|6|1|1|2|5|1|3|2|3|5|2|3|3|4|3|0|2|0|1|0|2|1|2|0|3</HistCounts>
      </HistItem>
    </Histograms>
    <Metadata>
      <MDI key="RepresentationType">ATHEMATIC</MDI>
      <MDI key="STATISTICS_COVARIANCES">27649.99906704802</MDI>
      <MDI key="STATISTICS_MAXIMUM">564</MDI>
      <MDI key="STATISTICS_MEAN">183.05196182397</MDI>
      <MDI key="STATISTICS_MINIMUM">2</MDI>
      <MDI key="STATISTICS_SKIPFACTORX">1</MDI>
      <MDI key="STATISTICS_SKIPFACTORY">1</MDI>
      <MDI key="STATISTICS_STDDEV">166.28288867784</MDI>
    </Metadata>
  </PAMRasterBand>
</PAMDataset>
