<PAMDataset>
  <Metadata>
    <MDI key="DataType">Generic</MDI>
  </Metadata>
  <Metadata domain="Esri">
    <MDI key="PyramidResamplingType">NEAREST</MDI>
  </Metadata>
  <PAMRasterBand band="1">
    <Histograms>
      <HistItem>
        <HistMin>5</HistMin>
        <HistMax>344</HistMax>
        <BucketCount>256</BucketCount>
        <IncludeOutOfRange>1</IncludeOutOfRange>
        <Approximate>0</Approximate>
        <HistCounts>39|105|150|352|200|183|157|18|12|27|9|4|15|10|8|16|9|7|14|9|3|20|10|7|13|12|10|20|7|9|20|12|4|11|5|5|21|1|13|11|10|3|13|5|2|19|4|9|17|6|8|13|3|5|16|5|11|13|10|4|17|4|3|18|8|7|6|7|3|9|7|7|18|8|6|9|12|6|12|6|2|10|5|3|4|7|8|5|17|7|7|18|7|8|10|4|5|9|4|3|8|4|5|14|7|12|7|9|4|10|3|4|4|5|2|13|1|10|6|3|8|12|9|5|12|2|3|9|6|9|14|9|5|13|6|5|8|7|10|7|5|6|12|8|3|12|2|7|17|3|5|12|5|12|14|6|3|12|6|4|15|4|4|9|7|7|8|8|3|3|15|7|7|7|7|7|5|6|2|5|2|8|13|4|3|10|6|2|9|5|6|9|4|5|5|5|3|8|3|2|6|1|6|8|3|6|3|1|1|2|2|2|2|1|0|1|2|1|4|0|0|5|1|0|4|1|1|3|2|0|0|2|1|2|2|1|2|2|1|2|0|1|0|0|0|0|0|0|0|1|0|0|0|0|0|1</HistCounts>
      </HistItem>
    </Histograms>
    <Metadata>
      <MDI key="RepresentationType">ATHEMATIC</MDI>
      <MDI key="STATISTICS_COVARIANCES">7801.537697808566</MDI>
      <MDI key="STATISTICS_MAXIMUM">344</MDI>
      <MDI key="STATISTICS_MEAN">83.894662424885</MDI>
      <MDI key="STATISTICS_MINIMUM">5</MDI>
      <MDI key="STATISTICS_SKIPFACTORX">1</MDI>
      <MDI key="STATISTICS_SKIPFACTORY">1</MDI>
      <MDI key="STATISTICS_STDDEV">88.326313733839</MDI>
    </Metadata>
  </PAMRasterBand>
</PAMDataset>
