<PAMDataset>
  <Metadata>
    <MDI key="DataType">Generic</MDI>
  </Metadata>
  <Metadata domain="Esri">
    <MDI key="PyramidResamplingType">NEAREST</MDI>
  </Metadata>
  <PAMRasterBand band="1">
    <Histograms>
      <HistItem>
        <HistMin>1</HistMin>
        <HistMax>15</HistMax>
        <BucketCount>256</BucketCount>
        <IncludeOutOfRange>1</IncludeOutOfRange>
        <Approximate>0</Approximate>
        <HistCounts>347|0|0|0|0|0|0|0|0|0|0|0|0|0|0|0|0|0|645|0|0|0|0|0|0|0|0|0|0|0|0|0|0|0|0|0|886|0|0|0|0|0|0|0|0|0|0|0|0|0|0|0|0|0|119|0|0|0|0|0|0|0|0|0|0|0|0|0|0|0|0|0|119|0|0|0|0|0|0|0|0|0|0|0|0|0|0|0|0|0|0|162|0|0|0|0|0|0|0|0|0|0|0|0|0|0|0|0|0|139|0|0|0|0|0|0|0|0|0|0|0|0|0|0|0|0|0|121|0|0|0|0|0|0|0|0|0|0|0|0|0|0|0|0|0|89|0|0|0|0|0|0|0|0|0|0|0|0|0|0|0|0|0|84|0|0|0|0|0|0|0|0|0|0|0|0|0|0|0|0|0|0|87|0|0|0|0|0|0|0|0|0|0|0|0|0|0|0|0|0|29|0|0|0|0|0|0|0|0|0|0|0|0|0|0|0|0|0|0|0|0|0|0|0|0|0|0|0|0|0|0|0|0|0|0|0|1|0|0|0|0|0|0|0|0|0|0|0|0|0|0|0|0|0|0|1</HistCounts>
      </HistItem>
    </Histograms>
    <Metadata>
      <MDI key="RepresentationType">ATHEMATIC</MDI>
      <MDI key="STATISTICS_COVARIANCES">7.825544984433288</MDI>
      <MDI key="STATISTICS_MAXIMUM">15</MDI>
      <MDI key="STATISTICS_MEAN">3.9780841286674</MDI>
      <MDI key="STATISTICS_MINIMUM">1</MDI>
      <MDI key="STATISTICS_SKIPFACTORX">1</MDI>
      <MDI key="STATISTICS_SKIPFACTORY">1</MDI>
      <MDI key="STATISTICS_STDDEV">2.7974175563246</MDI>
    </Metadata>
  </PAMRasterBand>
</PAMDataset>
