<PAMDataset>
  <Metadata>
    <MDI key="DataType">Generic</MDI>
  </Metadata>
  <Metadata domain="Esri">
    <MDI key="PyramidResamplingType">NEAREST</MDI>
  </Metadata>
  <PAMRasterBand band="1">
    <Histograms>
      <HistItem>
        <HistMin>2</HistMin>
        <HistMax>188</HistMax>
        <BucketCount>256</BucketCount>
        <IncludeOutOfRange>1</IncludeOutOfRange>
        <Approximate>0</Approximate>
        <HistCounts>3|86|186|0|378|383|318|0|212|118|65|0|33|22|0|10|14|7|0|7|13|8|0|5|9|0|7|7|17|0|7|11|10|0|6|5|0|12|8|9|0|9|6|10|0|9|6|8|0|5|9|0|13|9|13|0|8|7|13|0|9|9|0|7|13|12|0|12|11|12|0|14|7|0|12|11|7|0|12|7|11|0|4|2|0|9|8|10|0|5|7|9|0|10|9|10|0|8|10|0|7|6|6|0|6|7|4|0|3|8|0|4|5|4|0|6|10|7|0|4|9|0|9|8|8|0|7|3|5|0|7|3|6|0|6|10|0|4|8|10|0|6|10|3|0|9|7|0|4|2|9|0|11|5|6|0|7|6|0|9|5|5|0|5|5|6|0|7|5|0|6|1|0|0|2|0|2|0|3|3|2|0|3|0|0|4|6|1|0|3|1|2|0|2|4|0|1|3|2|0|1|4|1|0|2|1|0|2|2|5|0|2|2|2|0|2|4|2|0|1|4|0|4|3|2|0|3|4|1|0|2|3|0|4|3|2|0|3|1|3|0|2|1|0|0|3|2|0|0|1|0|0|1|2|0|1</HistCounts>
      </HistItem>
    </Histograms>
    <Metadata>
      <MDI key="RepresentationType">ATHEMATIC</MDI>
      <MDI key="STATISTICS_COVARIANCES">1823.024881718589</MDI>
      <MDI key="STATISTICS_MAXIMUM">188</MDI>
      <MDI key="STATISTICS_MEAN">31.715093672676</MDI>
      <MDI key="STATISTICS_MINIMUM">2</MDI>
      <MDI key="STATISTICS_SKIPFACTORX">1</MDI>
      <MDI key="STATISTICS_SKIPFACTORY">1</MDI>
      <MDI key="STATISTICS_STDDEV">42.696895457616</MDI>
    </Metadata>
  </PAMRasterBand>
</PAMDataset>
