<PAMDataset>
  <Metadata>
    <MDI key="DataType">Generic</MDI>
  </Metadata>
  <Metadata domain="Esri">
    <MDI key="PyramidResamplingType">NEAREST</MDI>
  </Metadata>
  <PAMRasterBand band="1">
    <Histograms>
      <HistItem>
        <HistMin>5</HistMin>
        <HistMax>165</HistMax>
        <BucketCount>256</BucketCount>
        <IncludeOutOfRange>1</IncludeOutOfRange>
        <Approximate>0</Approximate>
        <HistCounts>23|149|0|327|258|0|270|235|0|231|0|203|133|0|32|13|0|8|0|9|7|0|17|14|0|18|0|20|19|0|12|9|0|15|0|14|16|0|11|15|0|11|0|9|11|0|10|14|0|11|0|14|8|0|12|9|0|12|16|0|9|0|7|10|0|11|7|0|7|0|6|11|0|4|6|0|9|0|10|11|0|9|15|0|5|0|6|4|0|7|5|0|3|0|7|8|0|10|9|0|9|0|7|12|0|8|8|0|11|7|0|10|0|16|10|0|8|10|0|11|0|9|11|0|8|2|0|4|0|11|2|0|4|5|0|7|0|4|4|0|8|4|0|6|0|6|10|0|4|6|0|8|0|5|2|0|3|6|0|9|9|0|4|0|4|3|0|7|4|0|0|0|2|0|0|1|3|0|4|0|4|4|0|4|2|0|4|0|3|3|0|4|3|0|1|0|3|0|0|1|5|0|1|0|3|3|0|2|4|0|2|2|0|0|0|2|0|0|2|1|0|5|0|1|3|0|2|1|0|1|0|4|2|0|0|3|0|0|0|3|1|0|1|2|0|3|0|1|4|0|0|1|0|0|0|1</HistCounts>
      </HistItem>
    </Histograms>
    <Metadata>
      <MDI key="RepresentationType">ATHEMATIC</MDI>
      <MDI key="STATISTICS_COVARIANCES">1149.134924301399</MDI>
      <MDI key="STATISTICS_MAXIMUM">165</MDI>
      <MDI key="STATISTICS_MEAN">28.155531990103</MDI>
      <MDI key="STATISTICS_MINIMUM">5</MDI>
      <MDI key="STATISTICS_SKIPFACTORX">1</MDI>
      <MDI key="STATISTICS_SKIPFACTORY">1</MDI>
      <MDI key="STATISTICS_STDDEV">33.898892670726</MDI>
    </Metadata>
  </PAMRasterBand>
</PAMDataset>
