<PAMDataset>
  <Metadata>
    <MDI key="DataType">Generic</MDI>
  </Metadata>
  <Metadata domain="Esri">
    <MDI key="PyramidResamplingType">NEAREST</MDI>
  </Metadata>
  <PAMRasterBand band="1">
    <Histograms>
      <HistItem>
        <HistMin>1</HistMin>
        <HistMax>32</HistMax>
        <BucketCount>256</BucketCount>
        <IncludeOutOfRange>1</IncludeOutOfRange>
        <Approximate>0</Approximate>
        <HistCounts>482|0|0|0|0|0|0|0|1061|0|0|0|0|0|0|0|350|0|0|0|0|0|0|0|318|0|0|0|0|0|0|0|248|0|0|0|0|0|0|0|0|168|0|0|0|0|0|0|0|109|0|0|0|0|0|0|0|49|0|0|0|0|0|0|0|1|0|0|0|0|0|0|0|0|1|0|0|0|0|0|0|0|3|0|0|0|0|0|0|0|0|0|0|0|0|0|0|0|1|0|0|0|0|0|0|0|1|0|0|0|0|0|0|0|0|1|0|0|0|0|0|0|0|2|0|0|0|0|0|0|0|2|0|0|0|0|0|0|0|0|0|0|0|0|0|0|0|0|3|0|0|0|0|0|0|0|2|0|0|0|0|0|0|0|2|0|0|0|0|0|0|0|1|0|0|0|0|0|0|0|1|0|0|0|0|0|0|0|0|2|0|0|0|0|0|0|0|2|0|0|0|0|0|0|0|2|0|0|0|0|0|0|0|5|0|0|0|0|0|0|0|0|2|0|0|0|0|0|0|0|3|0|0|0|0|0|0|0|2|0|0|0|0|0|0|0|4|0|0|0|0|0|0|0|0|1</HistCounts>
      </HistItem>
    </Histograms>
    <Metadata>
      <MDI key="RepresentationType">ATHEMATIC</MDI>
      <MDI key="STATISTICS_COVARIANCES">9.605546814339052</MDI>
      <MDI key="STATISTICS_MAXIMUM">32</MDI>
      <MDI key="STATISTICS_MEAN">3.2933898904206</MDI>
      <MDI key="STATISTICS_MINIMUM">1</MDI>
      <MDI key="STATISTICS_SKIPFACTORX">1</MDI>
      <MDI key="STATISTICS_SKIPFACTORY">1</MDI>
      <MDI key="STATISTICS_STDDEV">3.0992816610207</MDI>
    </Metadata>
  </PAMRasterBand>
</PAMDataset>
