<PAMDataset>
  <Metadata>
    <MDI key="DataType">Generic</MDI>
  </Metadata>
  <Metadata domain="Esri">
    <MDI key="PyramidResamplingType">NEAREST</MDI>
  </Metadata>
  <PAMRasterBand band="1">
    <Histograms>
      <HistItem>
        <HistMin>4</HistMin>
        <HistMax>271</HistMax>
        <BucketCount>256</BucketCount>
        <IncludeOutOfRange>1</IncludeOutOfRange>
        <Approximate>0</Approximate>
        <HistCounts>237|391|376|160|17|18|15|19|19|16|20|15|24|6|25|19|21|20|8|18|20|30|21|15|19|14|14|18|22|19|23|26|19|23|14|23|12|15|15|22|12|14|35|19|21|14|13|13|17|17|14|12|15|17|12|19|18|18|20|13|28|25|25|38|17|10|15|21|15|20|8|11|10|19|26|12|16|13|14|10|13|12|12|13|6|17|9|6|9|6|10|6|7|3|8|5|10|7|6|6|3|3|6|3|3|1|5|4|2|5|2|1|2|4|2|2|2|2|2|2|2|2|1|1|4|4|1|4|6|1|0|3|2|2|3|1|2|0|0|1|1|1|0|1|0|0|0|1|2|1|1|1|0|2|1|0|2|1|0|1|0|0|0|0|0|1|1|0|1|0|1|0|1|3|0|0|1|2|2|0|0|0|0|0|0|0|0|0|2|3|1|1|1|0|0|0|0|0|0|2|0|0|0|1|0|0|0|2|1|0|0|0|0|0|0|0|0|0|1|0|0|0|0|0|0|0|0|0|0|0|0|0|0|0|0|0|0|0|1|0|0|0|0|0|1|0|0|0|0|0|1|0|0|0|0|1</HistCounts>
      </HistItem>
    </Histograms>
    <Metadata>
      <MDI key="RepresentationType">ATHEMATIC</MDI>
      <MDI key="STATISTICS_COVARIANCES">1593.476391465843</MDI>
      <MDI key="STATISTICS_MAXIMUM">271</MDI>
      <MDI key="STATISTICS_MEAN">38.473312124426</MDI>
      <MDI key="STATISTICS_MINIMUM">4</MDI>
      <MDI key="STATISTICS_SKIPFACTORX">1</MDI>
      <MDI key="STATISTICS_SKIPFACTORY">1</MDI>
      <MDI key="STATISTICS_STDDEV">39.918371603384</MDI>
    </Metadata>
  </PAMRasterBand>
</PAMDataset>
