<PAMDataset>
  <Metadata>
    <MDI key="DataType">Generic</MDI>
  </Metadata>
  <Metadata domain="Esri">
    <MDI key="PyramidResamplingType">NEAREST</MDI>
  </Metadata>
  <PAMRasterBand band="1">
    <Histograms>
      <HistItem>
        <HistMin>1</HistMin>
        <HistMax>104</HistMax>
        <BucketCount>256</BucketCount>
        <IncludeOutOfRange>1</IncludeOutOfRange>
        <Approximate>0</Approximate>
        <HistCounts>384|0|666|0|491|0|0|328|0|193|0|0|242|0|90|0|0|80|0|25|0|0|5|0|10|0|0|4|0|2|0|0|3|0|2|0|0|8|0|9|0|0|6|0|7|0|0|9|0|7|0|3|0|0|1|0|3|0|0|5|0|6|0|0|4|0|7|0|0|5|0|5|0|0|5|0|4|0|0|3|0|3|0|0|1|0|5|0|0|7|0|5|0|0|3|0|4|0|0|8|0|2|0|4|0|0|6|0|5|0|0|2|0|6|0|0|4|0|6|0|0|3|0|3|0|0|4|0|4|0|0|1|0|3|0|0|3|0|4|0|0|4|0|5|0|0|1|0|4|0|0|3|0|1|0|3|0|0|3|0|1|0|0|5|0|4|0|0|2|0|3|0|0|2|0|2|0|0|5|0|5|0|0|1|0|2|0|0|2|0|5|0|0|2|0|1|0|0|1|0|3|0|0|6|0|2|0|1|0|0|1|0|8|0|0|1|0|1|0|0|2|0|3|0|0|3|0|1|0|0|0|0|2|0|0|3|0|0|0|0|1|0|2|0|0|0|0|1|0|0|2|0|0|0|0|1</HistCounts>
      </HistItem>
    </Histograms>
    <Metadata>
      <MDI key="RepresentationType">ATHEMATIC</MDI>
      <MDI key="STATISTICS_COVARIANCES">272.6314022327847</MDI>
      <MDI key="STATISTICS_MAXIMUM">104</MDI>
      <MDI key="STATISTICS_MEAN">8.4358430540827</MDI>
      <MDI key="STATISTICS_MINIMUM">1</MDI>
      <MDI key="STATISTICS_SKIPFACTORX">1</MDI>
      <MDI key="STATISTICS_SKIPFACTORY">1</MDI>
      <MDI key="STATISTICS_STDDEV">16.511553598398</MDI>
    </Metadata>
  </PAMRasterBand>
</PAMDataset>
