<PAMDataset>
  <Metadata>
    <MDI key="DataType">Generic</MDI>
  </Metadata>
  <Metadata domain="Esri">
    <MDI key="PyramidResamplingType">NEAREST</MDI>
  </Metadata>
  <PAMRasterBand band="1">
    <Histograms>
      <HistItem>
        <HistMin>1</HistMin>
        <HistMax>113</HistMax>
        <BucketCount>256</BucketCount>
        <IncludeOutOfRange>1</IncludeOutOfRange>
        <Approximate>0</Approximate>
        <HistCounts>2|0|197|0|431|0|526|0|0|462|0|349|0|171|0|65|0|0|10|0|6|0|5|0|0|6|0|7|0|5|0|5|0|0|6|0|4|0|6|0|7|0|0|6|0|4|0|8|0|0|3|0|4|0|7|0|4|0|0|2|0|6|0|6|0|0|8|0|5|0|5|0|10|0|0|3|0|6|0|5|0|10|0|0|4|0|7|0|15|0|0|7|0|7|0|5|0|8|0|0|9|0|11|0|10|0|0|14|0|7|0|5|0|11|0|0|11|0|17|0|8|0|5|0|0|7|0|9|0|6|0|0|11|0|7|0|9|0|8|0|0|9|0|6|0|6|0|7|0|0|5|0|7|0|8|0|0|5|0|1|0|4|0|5|0|0|8|0|6|0|10|0|0|8|0|8|0|7|0|4|0|0|4|0|3|0|4|0|4|0|0|7|0|6|0|5|0|0|5|0|5|0|4|0|4|0|0|7|0|2|0|6|0|0|4|0|5|0|3|0|4|0|0|9|0|5|0|3|0|5|0|0|3|0|1|0|3|0|0|3|0|1|0|1|0|3|0|0|1|0|1|0|3|0|0|1</HistCounts>
      </HistItem>
    </Histograms>
    <Metadata>
      <MDI key="RepresentationType">ATHEMATIC</MDI>
      <MDI key="STATISTICS_COVARIANCES">605.6144043581758</MDI>
      <MDI key="STATISTICS_MAXIMUM">113</MDI>
      <MDI key="STATISTICS_MEAN">15.791092258749</MDI>
      <MDI key="STATISTICS_MINIMUM">1</MDI>
      <MDI key="STATISTICS_SKIPFACTORX">1</MDI>
      <MDI key="STATISTICS_SKIPFACTORY">1</MDI>
      <MDI key="STATISTICS_STDDEV">24.609234127826</MDI>
    </Metadata>
  </PAMRasterBand>
</PAMDataset>
