<PAMDataset>
  <Metadata>
    <MDI key="DataType">Generic</MDI>
  </Metadata>
  <Metadata domain="Esri">
    <MDI key="PyramidResamplingType">NEAREST</MDI>
  </Metadata>
  <PAMRasterBand band="1">
    <Histograms>
      <HistItem>
        <HistMin>1</HistMin>
        <HistMax>308</HistMax>
        <BucketCount>256</BucketCount>
        <IncludeOutOfRange>1</IncludeOutOfRange>
        <Approximate>0</Approximate>
        <HistCounts>379|410|385|394|369|41|88|104|11|8|5|5|2|5|11|6|2|5|3|9|6|1|2|5|11|1|3|5|9|3|3|3|3|0|9|7|1|5|2|3|2|1|6|3|7|1|4|4|2|11|1|4|1|4|2|3|4|6|7|4|3|1|4|5|3|1|0|3|7|3|3|2|1|3|2|3|3|1|4|2|1|2|4|4|0|3|2|2|2|2|1|3|2|4|0|2|1|3|7|1|3|3|5|1|4|5|2|4|3|1|0|3|2|2|0|2|2|7|2|3|3|1|2|2|6|4|2|5|2|3|3|0|7|3|3|3|3|7|3|3|2|3|7|3|1|5|2|3|1|0|7|4|9|5|5|1|5|2|1|1|2|5|3|1|2|2|5|1|2|2|0|4|2|1|2|3|4|2|1|0|0|5|1|0|2|3|1|3|1|2|3|4|1|1|0|3|3|1|1|0|2|3|2|2|1|5|2|1|1|0|2|1|5|0|1|3|2|3|0|1|2|0|1|1|0|2|0|3|0|1|3|0|1|1|0|0|0|2|0|0|1|0|1|2|0|1|0|0|0|0|0|0|0|2|1|1</HistCounts>
      </HistItem>
    </Histograms>
    <Metadata>
      <MDI key="RepresentationType">ATHEMATIC</MDI>
      <MDI key="STATISTICS_COVARIANCES">4029.581647545154</MDI>
      <MDI key="STATISTICS_MAXIMUM">308</MDI>
      <MDI key="STATISTICS_MEAN">32.488865323436</MDI>
      <MDI key="STATISTICS_MINIMUM">1</MDI>
      <MDI key="STATISTICS_SKIPFACTORX">1</MDI>
      <MDI key="STATISTICS_SKIPFACTORY">1</MDI>
      <MDI key="STATISTICS_STDDEV">63.478985873635</MDI>
    </Metadata>
  </PAMRasterBand>
</PAMDataset>
