<PAMDataset>
  <Metadata>
    <MDI key="DataType">Generic</MDI>
  </Metadata>
  <Metadata domain="Esri">
    <MDI key="PyramidResamplingType">NEAREST</MDI>
  </Metadata>
  <PAMRasterBand band="1">
    <Histograms>
      <HistItem>
        <HistMin>2</HistMin>
        <HistMax>374</HistMax>
        <BucketCount>256</BucketCount>
        <IncludeOutOfRange>1</IncludeOutOfRange>
        <Approximate>0</Approximate>
        <HistCounts>475|360|533|114|186|83|99|14|8|7|13|4|4|9|9|16|7|10|6|9|7|19|5|12|4|3|9|3|6|0|7|4|7|1|8|2|5|11|3|6|3|6|7|12|4|11|6|7|3|3|11|2|11|6|7|3|11|5|7|2|7|6|4|14|3|15|1|8|5|12|4|9|3|4|13|3|10|5|7|7|6|3|4|6|5|3|0|12|8|8|8|8|4|3|3|10|1|2|4|2|7|2|6|1|4|6|11|3|0|7|2|3|3|4|2|2|1|5|7|5|4|4|9|4|1|2|3|2|3|2|6|2|3|2|0|5|4|5|1|4|4|5|3|2|2|2|6|4|2|1|3|1|5|0|3|2|6|2|3|4|1|5|0|3|2|5|3|3|3|1|6|4|2|2|5|1|3|2|5|1|5|0|2|7|3|2|3|5|2|3|1|2|0|4|0|0|3|1|3|3|0|1|3|0|2|2|1|0|0|0|0|2|0|2|0|0|1|3|0|0|0|0|1|0|2|0|1|0|1|1|1|2|0|4|1|4|2|2|2|2|0|5|2|0|5|0|2|0|0|1|2|0|0|0|0|1</HistCounts>
      </HistItem>
    </Histograms>
    <Metadata>
      <MDI key="RepresentationType">ATHEMATIC</MDI>
      <MDI key="STATISTICS_COVARIANCES">6704.975262773977</MDI>
      <MDI key="STATISTICS_MAXIMUM">374</MDI>
      <MDI key="STATISTICS_MEAN">50.391657829622</MDI>
      <MDI key="STATISTICS_MINIMUM">2</MDI>
      <MDI key="STATISTICS_SKIPFACTORX">1</MDI>
      <MDI key="STATISTICS_SKIPFACTORY">1</MDI>
      <MDI key="STATISTICS_STDDEV">81.883913333291</MDI>
    </Metadata>
  </PAMRasterBand>
</PAMDataset>
