<PAMDataset>
  <Metadata>
    <MDI key="DataType">Generic</MDI>
  </Metadata>
  <Metadata domain="Esri">
    <MDI key="PyramidResamplingType">NEAREST</MDI>
  </Metadata>
  <PAMRasterBand band="1">
    <Histograms>
      <HistItem>
        <HistMin>3</HistMin>
        <HistMax>117</HistMax>
        <BucketCount>256</BucketCount>
        <IncludeOutOfRange>1</IncludeOutOfRange>
        <Approximate>0</Approximate>
        <HistCounts>147|0|277|0|272|0|260|0|292|0|0|326|0|191|0|225|0|112|0|0|41|0|13|0|15|0|18|0|0|12|0|14|0|15|0|10|0|0|21|0|16|0|16|0|16|0|27|0|0|13|0|16|0|12|0|16|0|0|10|0|11|0|9|0|10|0|0|6|0|12|0|11|0|6|0|0|11|0|9|0|5|0|6|0|0|9|0|7|0|5|0|12|0|6|0|0|4|0|5|0|12|0|6|0|0|8|0|4|0|6|0|7|0|0|5|0|1|0|7|0|3|0|0|5|0|2|0|4|0|6|0|2|0|0|1|0|2|0|5|0|2|0|0|5|0|2|0|5|0|3|0|0|2|0|5|0|2|0|5|0|0|4|0|7|0|4|0|5|0|0|5|0|8|0|4|0|12|0|4|0|0|8|0|7|0|3|0|7|0|0|11|0|5|0|3|0|4|0|0|8|0|7|0|8|0|5|0|0|5|0|2|0|4|0|2|0|8|0|0|3|0|2|0|2|0|1|0|0|0|0|2|0|1|0|0|0|0|2|0|0|0|1|0|0|0|0|0|0|0|0|0|0|0|0|0|1</HistCounts>
      </HistItem>
    </Histograms>
    <Metadata>
      <MDI key="RepresentationType">ATHEMATIC</MDI>
      <MDI key="STATISTICS_COVARIANCES">487.6248680692941</MDI>
      <MDI key="STATISTICS_MAXIMUM">117</MDI>
      <MDI key="STATISTICS_MEAN">16.689996465182</MDI>
      <MDI key="STATISTICS_MINIMUM">3</MDI>
      <MDI key="STATISTICS_SKIPFACTORX">1</MDI>
      <MDI key="STATISTICS_SKIPFACTORY">1</MDI>
      <MDI key="STATISTICS_STDDEV">22.082229689714</MDI>
    </Metadata>
  </PAMRasterBand>
</PAMDataset>
