<PAMDataset>
  <Metadata>
    <MDI key="DataType">Generic</MDI>
  </Metadata>
  <Metadata domain="Esri">
    <MDI key="PyramidResamplingType">NEAREST</MDI>
  </Metadata>
  <PAMRasterBand band="1">
    <Histograms>
      <HistItem>
        <HistMin>1</HistMin>
        <HistMax>478</HistMax>
        <BucketCount>256</BucketCount>
        <IncludeOutOfRange>1</IncludeOutOfRange>
        <Approximate>0</Approximate>
        <HistCounts>1075|780|59|35|9|11|29|5|3|1|5|2|3|2|1|2|5|0|3|5|3|7|3|2|6|2|1|3|4|8|1|6|7|4|5|3|7|2|3|6|5|3|2|5|6|8|5|10|6|7|7|6|3|4|3|7|4|5|8|6|13|4|5|2|2|7|5|7|6|9|7|4|8|6|8|7|5|3|6|5|7|6|4|4|2|7|6|3|3|5|5|4|1|5|5|4|9|8|5|6|3|3|4|4|5|3|2|6|3|1|6|5|5|2|1|3|5|6|2|2|5|6|3|3|4|6|2|1|3|4|2|2|2|7|3|4|7|3|0|0|9|4|3|0|1|6|1|3|2|2|3|3|4|1|2|1|0|2|5|0|4|3|1|6|4|1|2|2|2|1|1|2|2|4|0|3|3|2|1|2|4|4|3|2|2|2|3|2|9|2|2|2|3|1|0|7|3|4|1|5|1|0|0|2|3|1|4|1|1|1|1|4|2|1|1|4|1|1|4|2|5|3|3|2|0|6|0|0|0|0|3|0|2|1|1|1|0|0|2|1|2|0|1|0|2|3|1|1|2|0|1|3|2|1|0|2</HistCounts>
      </HistItem>
    </Histograms>
    <Metadata>
      <MDI key="RepresentationType">ATHEMATIC</MDI>
      <MDI key="STATISTICS_COVARIANCES">12264.10421863272</MDI>
      <MDI key="STATISTICS_MAXIMUM">478</MDI>
      <MDI key="STATISTICS_MEAN">60.911276069282</MDI>
      <MDI key="STATISTICS_MINIMUM">1</MDI>
      <MDI key="STATISTICS_SKIPFACTORX">1</MDI>
      <MDI key="STATISTICS_SKIPFACTORY">1</MDI>
      <MDI key="STATISTICS_STDDEV">110.74341614124</MDI>
    </Metadata>
  </PAMRasterBand>
</PAMDataset>
