<PAMDataset>
  <Metadata>
    <MDI key="DataType">Generic</MDI>
  </Metadata>
  <Metadata domain="Esri">
    <MDI key="PyramidResamplingType">NEAREST</MDI>
  </Metadata>
  <PAMRasterBand band="1">
    <Histograms>
      <HistItem>
        <HistMin>1</HistMin>
        <HistMax>260</HistMax>
        <BucketCount>256</BucketCount>
        <IncludeOutOfRange>1</IncludeOutOfRange>
        <Approximate>0</Approximate>
        <HistCounts>1137|277|230|187|112|8|10|7|7|6|12|7|9|6|4|8|6|3|4|6|5|6|7|6|7|4|3|7|5|8|6|9|6|5|5|2|5|7|6|2|3|5|4|3|8|12|1|4|7|5|8|3|3|2|11|4|4|9|5|9|5|8|5|12|3|11|6|7|3|9|1|7|5|7|5|7|4|3|3|4|4|0|6|2|5|10|2|3|2|9|6|3|5|8|2|7|0|5|5|2|4|2|2|5|7|5|5|3|7|5|6|3|5|8|4|3|4|6|2|6|4|3|3|0|8|7|5|9|3|3|5|2|3|1|1|9|7|1|1|4|4|4|3|3|3|3|2|2|3|1|4|3|4|4|1|2|0|1|3|1|2|1|5|4|2|3|3|2|3|1|6|3|4|2|4|3|0|2|1|1|2|1|3|0|2|2|1|2|1|1|0|3|1|0|2|0|0|3|1|1|1|1|0|2|0|3|1|1|1|0|0|1|5|1|1|3|3|4|3|1|1|4|3|2|1|3|0|2|2|1|0|2|1|0|3|0|0|1|1|0|0|0|1|0|0|0|0|0|0|0|0|0|0|0|0|1</HistCounts>
      </HistItem>
    </Histograms>
    <Metadata>
      <MDI key="RepresentationType">ATHEMATIC</MDI>
      <MDI key="STATISTICS_COVARIANCES">2970.780054577191</MDI>
      <MDI key="STATISTICS_MAXIMUM">260</MDI>
      <MDI key="STATISTICS_MEAN">31.042064333687</MDI>
      <MDI key="STATISTICS_MINIMUM">1</MDI>
      <MDI key="STATISTICS_SKIPFACTORX">1</MDI>
      <MDI key="STATISTICS_SKIPFACTORY">1</MDI>
      <MDI key="STATISTICS_STDDEV">54.504862669098</MDI>
    </Metadata>
  </PAMRasterBand>
</PAMDataset>
