<PAMDataset>
  <Metadata>
    <MDI key="DataType">Generic</MDI>
  </Metadata>
  <Metadata domain="Esri">
    <MDI key="PyramidResamplingType">NEAREST</MDI>
  </Metadata>
  <PAMRasterBand band="1">
    <Histograms>
      <HistItem>
        <HistMin>1</HistMin>
        <HistMax>257</HistMax>
        <BucketCount>256</BucketCount>
        <IncludeOutOfRange>1</IncludeOutOfRange>
        <Approximate>0</Approximate>
        <HistCounts>1109|661|295|132|60|40|29|13|5|5|1|9|2|1|3|2|3|5|3|4|8|5|2|5|3|5|4|4|0|5|5|2|4|2|4|2|0|1|2|5|2|2|1|6|1|7|4|6|4|0|2|3|4|4|2|4|3|2|2|2|1|1|4|4|2|1|2|3|2|6|2|5|3|3|2|6|2|3|4|4|2|2|1|4|3|1|5|1|5|1|1|6|6|0|1|0|4|4|4|2|1|2|1|3|3|3|4|2|3|2|3|1|2|2|1|3|2|1|5|2|3|1|3|4|2|4|1|1|3|4|2|4|3|1|1|6|3|2|4|3|0|1|3|3|4|0|0|3|2|3|3|3|1|2|1|0|0|3|2|1|0|2|3|2|3|1|5|0|0|2|2|2|0|1|2|1|1|1|2|1|4|0|0|0|3|4|1|2|2|1|1|0|3|0|1|3|1|0|3|2|1|1|0|0|1|0|0|0|0|0|0|0|0|0|0|0|0|0|0|0|0|0|0|1|0|0|0|0|0|0|0|0|0|0|0|0|0|0|0|0|0|0|0|0|0|0|1|0|0|0|0|0|0|0|1|1</HistCounts>
      </HistItem>
    </Histograms>
    <Metadata>
      <MDI key="RepresentationType">ATHEMATIC</MDI>
      <MDI key="STATISTICS_COVARIANCES">1695.715831384681</MDI>
      <MDI key="STATISTICS_MAXIMUM">257</MDI>
      <MDI key="STATISTICS_MEAN">18.549310710498</MDI>
      <MDI key="STATISTICS_MINIMUM">1</MDI>
      <MDI key="STATISTICS_SKIPFACTORX">1</MDI>
      <MDI key="STATISTICS_SKIPFACTORY">1</MDI>
      <MDI key="STATISTICS_STDDEV">41.179070307435</MDI>
    </Metadata>
  </PAMRasterBand>
</PAMDataset>
