<PAMDataset>
  <Metadata>
    <MDI key="DataType">Generic</MDI>
  </Metadata>
  <Metadata domain="Esri">
    <MDI key="PyramidResamplingType">NEAREST</MDI>
  </Metadata>
  <PAMRasterBand band="1">
    <Histograms>
      <HistItem>
        <HistMin>0</HistMin>
        <HistMax>413</HistMax>
        <BucketCount>256</BucketCount>
        <IncludeOutOfRange>1</IncludeOutOfRange>
        <Approximate>0</Approximate>
        <HistCounts>1301|565|41|53|37|5|9|0|3|3|3|0|1|1|4|0|1|3|1|3|2|1|4|1|7|2|1|3|3|5|2|2|2|1|2|2|0|3|3|3|3|3|1|5|2|5|1|2|5|6|3|5|1|3|2|3|6|2|3|5|4|2|5|2|3|3|10|9|5|9|4|9|4|1|12|4|1|9|3|20|13|7|11|8|2|7|3|7|4|4|6|7|0|5|2|9|7|2|3|1|5|5|2|6|9|5|9|9|8|4|3|4|4|1|8|2|5|1|4|1|2|5|5|2|2|4|3|6|0|5|5|3|6|1|0|6|3|3|5|3|7|1|5|4|0|1|4|2|2|1|7|3|3|4|3|1|2|5|3|5|3|3|2|6|2|3|5|7|3|7|2|6|3|2|6|1|1|5|2|6|9|0|6|2|4|5|0|4|5|2|4|1|2|2|2|3|3|1|2|0|1|4|0|4|2|1|1|1|5|1|1|3|2|3|0|2|2|2|2|2|2|2|2|1|3|4|0|2|0|4|2|0|5|2|1|1|0|5|2|0|2|1|2|2|2|1|1|1|1|0|1|1|0|0|1|1</HistCounts>
      </HistItem>
    </Histograms>
    <Metadata>
      <MDI key="RepresentationType">ATHEMATIC</MDI>
      <MDI key="STATISTICS_COVARIANCES">10109.67948250664</MDI>
      <MDI key="STATISTICS_MAXIMUM">413</MDI>
      <MDI key="STATISTICS_MEAN">56.375751148816</MDI>
      <MDI key="STATISTICS_MINIMUM">0</MDI>
      <MDI key="STATISTICS_SKIPFACTORX">1</MDI>
      <MDI key="STATISTICS_SKIPFACTORY">1</MDI>
      <MDI key="STATISTICS_STDDEV">100.54690190407</MDI>
    </Metadata>
  </PAMRasterBand>
</PAMDataset>
