<PAMDataset>
  <Metadata>
    <MDI key="DataType">Generic</MDI>
  </Metadata>
  <Metadata domain="Esri">
    <MDI key="PyramidResamplingType">NEAREST</MDI>
  </Metadata>
  <PAMRasterBand band="1">
    <Histograms>
      <HistItem>
        <HistMin>2</HistMin>
        <HistMax>468</HistMax>
        <BucketCount>256</BucketCount>
        <IncludeOutOfRange>1</IncludeOutOfRange>
        <Approximate>0</Approximate>
        <HistCounts>86|313|382|375|236|42|9|7|9|5|9|6|4|5|2|6|7|4|3|3|6|4|5|2|4|4|4|5|5|14|12|12|7|7|1|7|4|4|11|8|5|8|8|12|16|9|1|10|9|8|17|11|4|12|12|13|11|3|23|14|16|15|15|11|19|15|6|19|9|6|14|15|13|14|12|9|16|13|15|11|11|11|12|7|12|14|5|12|10|13|11|9|4|4|4|8|9|8|2|5|10|5|9|8|5|7|6|6|5|5|1|8|10|10|5|0|10|4|5|4|8|1|2|5|7|3|4|0|6|5|5|3|5|4|4|2|6|2|7|2|2|7|5|6|3|2|3|4|3|7|1|7|5|3|2|6|3|6|3|6|2|4|1|5|4|3|5|4|4|2|3|3|4|3|4|1|5|2|4|1|4|6|2|2|6|0|2|4|6|3|2|1|5|8|0|1|0|0|5|4|5|5|3|0|1|2|2|5|3|3|3|0|9|2|0|5|5|1|2|4|1|1|3|5|5|1|1|7|3|2|3|1|2|5|4|2|2|2|2|2|4|3|2|1|1|2|3|1|1|1|1|1|0|1|0|1</HistCounts>
      </HistItem>
    </Histograms>
    <Metadata>
      <MDI key="RepresentationType">ATHEMATIC</MDI>
      <MDI key="STATISTICS_COVARIANCES">13940.26640653006</MDI>
      <MDI key="STATISTICS_MAXIMUM">468</MDI>
      <MDI key="STATISTICS_MEAN">94.055143160127</MDI>
      <MDI key="STATISTICS_MINIMUM">2</MDI>
      <MDI key="STATISTICS_SKIPFACTORX">1</MDI>
      <MDI key="STATISTICS_SKIPFACTORY">1</MDI>
      <MDI key="STATISTICS_STDDEV">118.06890533299</MDI>
    </Metadata>
  </PAMRasterBand>
</PAMDataset>
