<PAMDataset>
  <Metadata>
    <MDI key="DataType">Generic</MDI>
  </Metadata>
  <Metadata domain="Esri">
    <MDI key="PyramidResamplingType">NEAREST</MDI>
  </Metadata>
  <PAMRasterBand band="1">
    <Histograms>
      <HistItem>
        <HistMin>1</HistMin>
        <HistMax>83</HistMax>
        <BucketCount>256</BucketCount>
        <IncludeOutOfRange>1</IncludeOutOfRange>
        <Approximate>0</Approximate>
        <HistCounts>104|0|0|652|0|0|651|0|0|412|0|0|417|0|0|204|0|0|88|0|0|44|0|0|23|0|0|3|0|0|0|6|0|0|6|0|0|11|0|0|3|0|0|4|0|0|9|0|0|4|0|0|5|0|0|5|0|0|0|4|0|0|4|0|0|7|0|0|3|0|0|4|0|0|9|0|0|7|0|0|7|0|0|5|0|0|0|6|0|0|4|0|0|5|0|0|5|0|0|5|0|0|10|0|0|4|0|0|6|0|0|8|0|0|0|2|0|0|4|0|0|3|0|0|3|0|0|4|0|0|3|0|0|0|0|0|2|0|0|2|0|0|0|0|0|0|3|0|0|0|0|0|0|0|0|0|0|0|2|0|0|0|0|0|2|0|0|0|0|0|0|0|0|0|0|0|0|1|0|0|1|0|0|0|0|0|1|0|0|0|0|0|3|0|0|0|0|0|0|0|0|0|4|0|0|1|0|0|2|0|0|1|0|0|2|0|0|3|0|0|3|0|0|4|0|0|0|2|0|0|2|0|0|2|0|0|4|0|0|1|0|0|3|0|0|2|0|0|2|0|0|0|0|0|0|1</HistCounts>
      </HistItem>
    </Histograms>
    <Metadata>
      <MDI key="RepresentationType">ATHEMATIC</MDI>
      <MDI key="STATISTICS_COVARIANCES">114.5321443445665</MDI>
      <MDI key="STATISTICS_MAXIMUM">83</MDI>
      <MDI key="STATISTICS_MEAN">6.3061152350654</MDI>
      <MDI key="STATISTICS_MINIMUM">1</MDI>
      <MDI key="STATISTICS_SKIPFACTORX">1</MDI>
      <MDI key="STATISTICS_SKIPFACTORY">1</MDI>
      <MDI key="STATISTICS_STDDEV">10.701969180696</MDI>
    </Metadata>
  </PAMRasterBand>
</PAMDataset>
