<PAMDataset>
  <Metadata>
    <MDI key="DataType">Generic</MDI>
  </Metadata>
  <Metadata domain="Esri">
    <MDI key="PyramidResamplingType">NEAREST</MDI>
  </Metadata>
  <PAMRasterBand band="1">
    <Histograms>
      <HistItem>
        <HistMin>1</HistMin>
        <HistMax>295</HistMax>
        <BucketCount>256</BucketCount>
        <IncludeOutOfRange>1</IncludeOutOfRange>
        <Approximate>0</Approximate>
        <HistCounts>1056|286|207|220|221|72|101|20|25|13|7|4|8|5|7|3|6|4|6|14|2|5|6|4|6|4|9|3|7|4|3|7|7|3|0|5|4|6|1|5|6|1|2|4|3|7|7|1|5|2|3|1|4|3|0|1|4|2|6|3|2|0|4|3|4|4|3|2|3|2|4|3|1|2|3|3|2|1|9|1|2|1|3|1|3|4|3|2|4|3|1|6|1|2|2|5|1|1|5|1|4|1|0|2|3|1|1|2|4|1|2|4|3|4|2|0|3|3|3|0|3|0|0|4|6|1|3|0|2|5|5|3|0|1|1|4|2|4|1|5|4|5|1|6|4|3|2|2|4|3|3|2|2|2|3|6|7|1|2|1|1|1|2|4|5|2|1|2|5|2|0|3|3|1|1|2|2|3|0|4|0|0|1|2|1|1|2|0|0|3|0|0|1|1|0|2|1|1|3|0|0|3|0|0|1|1|2|1|2|1|0|1|0|4|2|2|3|2|4|3|1|0|6|3|1|1|3|0|4|1|0|1|1|1|1|2|0|0|1|1|0|0|1|0|0|0|0|0|0|0|0|0|0|0|0|1</HistCounts>
      </HistItem>
    </Histograms>
    <Metadata>
      <MDI key="RepresentationType">ATHEMATIC</MDI>
      <MDI key="STATISTICS_COVARIANCES">3400.719589691126</MDI>
      <MDI key="STATISTICS_MAXIMUM">295</MDI>
      <MDI key="STATISTICS_MEAN">27.666313184871</MDI>
      <MDI key="STATISTICS_MINIMUM">1</MDI>
      <MDI key="STATISTICS_SKIPFACTORX">1</MDI>
      <MDI key="STATISTICS_SKIPFACTORY">1</MDI>
      <MDI key="STATISTICS_STDDEV">58.315689052699</MDI>
    </Metadata>
  </PAMRasterBand>
</PAMDataset>
