<PAMDataset>
  <Metadata>
    <MDI key="DataType">Generic</MDI>
  </Metadata>
  <Metadata domain="Esri">
    <MDI key="PyramidResamplingType">NEAREST</MDI>
  </Metadata>
  <PAMRasterBand band="1">
    <Histograms>
      <HistItem>
        <HistMin>3</HistMin>
        <HistMax>147</HistMax>
        <BucketCount>256</BucketCount>
        <IncludeOutOfRange>1</IncludeOutOfRange>
        <Approximate>0</Approximate>
        <HistCounts>69|854|0|860|0|518|0|167|105|0|90|0|8|0|4|5|0|6|0|2|0|1|0|2|4|0|2|0|3|0|5|3|0|4|0|6|0|9|1|0|3|0|1|0|5|0|4|4|0|2|0|2|0|4|5|0|4|0|3|0|3|0|0|1|0|0|0|4|0|1|1|0|3|0|3|0|4|3|0|2|0|1|0|2|0|1|2|0|1|0|4|0|3|3|0|1|0|1|0|0|0|0|1|0|0|0|1|0|1|0|0|1|0|0|0|0|0|0|1|0|0|0|2|0|0|0|0|1|0|0|0|0|0|0|0|0|0|0|0|1|0|2|0|0|0|0|1|0|0|0|0|0|0|0|0|0|0|2|0|0|0|0|0|0|0|0|1|0|0|0|0|1|0|0|0|0|0|0|0|0|0|0|0|0|0|0|0|0|0|0|0|0|0|0|0|0|0|0|0|0|0|0|0|0|0|0|0|0|0|0|0|0|0|0|0|0|0|0|0|0|0|0|0|0|0|0|1|0|0|0|0|1|0|0|0|0|0|0|0|0|0|0|0|0|0|0|0|0|0|0|0|1|0|0|0|1</HistCounts>
      </HistItem>
    </Histograms>
    <Metadata>
      <MDI key="RepresentationType">ATHEMATIC</MDI>
      <MDI key="STATISTICS_COVARIANCES">96.80693594279904</MDI>
      <MDI key="STATISTICS_MAXIMUM">147</MDI>
      <MDI key="STATISTICS_MEAN">7.0901378579003</MDI>
      <MDI key="STATISTICS_MINIMUM">3</MDI>
      <MDI key="STATISTICS_SKIPFACTORX">1</MDI>
      <MDI key="STATISTICS_SKIPFACTORY">1</MDI>
      <MDI key="STATISTICS_STDDEV">9.8390515774031</MDI>
    </Metadata>
  </PAMRasterBand>
</PAMDataset>
