<PAMDataset>
  <Metadata>
    <MDI key="DataType">Generic</MDI>
  </Metadata>
  <Metadata domain="Esri">
    <MDI key="PyramidResamplingType">NEAREST</MDI>
  </Metadata>
  <PAMRasterBand band="1">
    <Histograms>
      <HistItem>
        <HistMin>1</HistMin>
        <HistMax>210</HistMax>
        <BucketCount>256</BucketCount>
        <IncludeOutOfRange>1</IncludeOutOfRange>
        <Approximate>0</Approximate>
        <HistCounts>211|605|536|500|81|0|60|54|33|4|0|0|1|2|1|5|0|4|2|1|3|6|0|4|1|3|2|0|2|5|1|8|3|0|2|1|8|5|0|5|3|8|9|5|0|4|3|1|6|0|3|4|7|5|8|0|3|5|4|6|0|12|5|14|12|3|0|9|11|5|8|11|0|10|5|11|4|0|6|7|9|8|8|0|5|9|5|4|0|8|6|6|3|9|0|4|6|4|4|0|7|3|5|1|4|0|10|4|4|4|0|4|4|3|5|6|0|5|2|5|5|0|6|2|1|2|2|0|6|2|4|3|2|0|6|2|4|3|0|3|1|2|4|4|0|6|5|1|2|0|2|2|3|1|0|0|4|2|4|3|0|5|0|3|3|5|0|5|2|4|3|0|3|0|0|2|0|0|2|2|4|2|0|1|2|3|6|4|0|3|2|1|2|2|0|3|2|2|1|0|2|0|4|0|3|0|3|4|2|2|0|5|4|1|1|4|0|4|2|2|3|0|4|6|4|7|4|0|3|4|2|1|0|5|0|2|2|1|0|0|3|2|0|0|1|0|1|0|0|0|2|0|0|0|0|1</HistCounts>
      </HistItem>
    </Histograms>
    <Metadata>
      <MDI key="RepresentationType">ATHEMATIC</MDI>
      <MDI key="STATISTICS_COVARIANCES">2216.844484509045</MDI>
      <MDI key="STATISTICS_MAXIMUM">210</MDI>
      <MDI key="STATISTICS_MEAN">26.542241074585</MDI>
      <MDI key="STATISTICS_MINIMUM">1</MDI>
      <MDI key="STATISTICS_SKIPFACTORX">1</MDI>
      <MDI key="STATISTICS_SKIPFACTORY">1</MDI>
      <MDI key="STATISTICS_STDDEV">47.083378006565</MDI>
    </Metadata>
  </PAMRasterBand>
</PAMDataset>
