<PAMDataset>
  <Metadata>
    <MDI key="DataType">Generic</MDI>
  </Metadata>
  <Metadata domain="Esri">
    <MDI key="PyramidResamplingType">NEAREST</MDI>
  </Metadata>
  <PAMRasterBand band="1">
    <Histograms>
      <HistItem>
        <HistMin>2</HistMin>
        <HistMax>42</HistMax>
        <BucketCount>256</BucketCount>
        <IncludeOutOfRange>1</IncludeOutOfRange>
        <Approximate>0</Approximate>
        <HistCounts>204|0|0|0|0|0|801|0|0|0|0|0|837|0|0|0|0|0|0|516|0|0|0|0|0|146|0|0|0|0|0|11|0|0|0|0|0|0|14|0|0|0|0|0|14|0|0|0|0|0|0|12|0|0|0|0|0|16|0|0|0|0|0|13|0|0|0|0|0|0|7|0|0|0|0|0|7|0|0|0|0|0|7|0|0|0|0|0|0|11|0|0|0|0|0|16|0|0|0|0|0|0|16|0|0|0|0|0|13|0|0|0|0|0|12|0|0|0|0|0|0|13|0|0|0|0|0|17|0|0|0|0|0|7|0|0|0|0|0|0|9|0|0|0|0|0|4|0|0|0|0|0|0|10|0|0|0|0|0|9|0|0|0|0|0|13|0|0|0|0|0|0|13|0|0|0|0|0|12|0|0|0|0|0|6|0|0|0|0|0|0|9|0|0|0|0|0|5|0|0|0|0|0|0|4|0|0|0|0|0|6|0|0|0|0|0|7|0|0|0|0|0|0|3|0|0|0|0|0|1|0|0|0|0|0|2|0|0|0|0|0|0|2|0|0|0|0|0|2|0|0|0|0|0|0|2</HistCounts>
      </HistItem>
    </Histograms>
    <Metadata>
      <MDI key="RepresentationType">ATHEMATIC</MDI>
      <MDI key="STATISTICS_COVARIANCES">38.82728714471194</MDI>
      <MDI key="STATISTICS_MAXIMUM">42</MDI>
      <MDI key="STATISTICS_MEAN">5.774832096147</MDI>
      <MDI key="STATISTICS_MINIMUM">2</MDI>
      <MDI key="STATISTICS_SKIPFACTORX">1</MDI>
      <MDI key="STATISTICS_SKIPFACTORY">1</MDI>
      <MDI key="STATISTICS_STDDEV">6.2311545595268</MDI>
    </Metadata>
  </PAMRasterBand>
</PAMDataset>
