<PAMDataset>
  <Metadata>
    <MDI key="DataType">Generic</MDI>
  </Metadata>
  <Metadata domain="Esri">
    <MDI key="PyramidResamplingType">NEAREST</MDI>
  </Metadata>
  <PAMRasterBand band="1">
    <Histograms>
      <HistItem>
        <HistMin>3</HistMin>
        <HistMax>270</HistMax>
        <BucketCount>256</BucketCount>
        <IncludeOutOfRange>1</IncludeOutOfRange>
        <Approximate>0</Approximate>
        <HistCounts>40|68|164|183|152|151|147|125|93|78|27|25|22|17|12|4|3|7|3|6|12|12|3|3|4|10|2|15|5|4|6|12|5|9|9|5|9|6|5|4|3|12|15|6|6|9|6|5|12|14|12|15|5|3|5|3|2|8|5|11|7|10|12|19|4|9|7|9|8|5|11|7|10|9|3|11|0|7|7|5|9|9|7|12|7|14|11|14|12|9|10|8|5|9|11|10|12|8|15|9|6|11|6|11|6|12|21|8|9|7|10|8|7|12|12|8|10|9|6|5|6|6|7|6|8|5|5|16|11|6|7|8|4|6|3|5|12|8|2|6|9|3|6|9|3|4|5|7|14|6|4|1|5|4|8|4|8|4|5|4|8|4|3|6|5|5|7|9|10|5|13|5|3|10|7|6|6|6|8|6|5|8|4|11|9|5|10|3|5|4|4|16|9|9|5|4|4|2|8|2|3|5|2|5|4|6|7|3|5|4|4|2|5|4|1|5|3|7|2|7|3|0|6|1|5|1|3|4|3|1|3|3|0|7|0|2|4|1|2|3|2|0|1|3|0|3|1|1|0|2|0|0|0|1|0|1</HistCounts>
      </HistItem>
    </Histograms>
    <Metadata>
      <MDI key="RepresentationType">ATHEMATIC</MDI>
      <MDI key="STATISTICS_COVARIANCES">5372.784638341127</MDI>
      <MDI key="STATISTICS_MAXIMUM">270</MDI>
      <MDI key="STATISTICS_MEAN">70.996111700247</MDI>
      <MDI key="STATISTICS_MINIMUM">3</MDI>
      <MDI key="STATISTICS_SKIPFACTORX">1</MDI>
      <MDI key="STATISTICS_SKIPFACTORY">1</MDI>
      <MDI key="STATISTICS_STDDEV">73.299281294847</MDI>
    </Metadata>
  </PAMRasterBand>
</PAMDataset>
