<PAMDataset>
  <Metadata>
    <MDI key="DataType">Generic</MDI>
  </Metadata>
  <Metadata domain="Esri">
    <MDI key="PyramidResamplingType">NEAREST</MDI>
  </Metadata>
  <PAMRasterBand band="1">
    <Histograms>
      <HistItem>
        <HistMin>4</HistMin>
        <HistMax>352</HistMax>
        <BucketCount>256</BucketCount>
        <IncludeOutOfRange>1</IncludeOutOfRange>
        <Approximate>0</Approximate>
        <HistCounts>45|150|441|273|244|407|61|14|25|4|7|5|2|12|9|7|13|6|6|11|4|15|4|6|8|5|6|7|5|6|14|4|11|4|3|11|4|5|12|4|2|10|5|11|0|4|12|2|1|11|2|1|8|3|9|5|9|11|7|7|11|5|4|11|7|8|4|7|7|1|8|3|6|3|11|4|9|6|5|10|8|9|15|6|3|10|2|15|5|5|13|3|5|10|5|8|4|4|10|3|1|3|8|5|18|7|7|5|3|8|4|1|7|8|6|7|2|7|3|5|3|4|7|9|2|1|5|4|7|2|1|10|6|2|5|6|4|4|7|6|2|5|11|1|5|6|8|4|6|2|9|2|5|4|3|6|5|8|5|8|2|5|9|1|5|1|5|7|6|1|2|5|9|8|1|10|2|3|7|1|7|6|2|5|3|5|3|4|1|6|3|4|4|3|5|3|3|7|3|2|5|1|1|1|1|3|0|0|6|1|0|2|1|0|2|1|1|2|0|1|2|0|2|2|5|2|0|2|0|1|3|1|2|2|0|1|0|1|3|1|0|0|3|1|0|1|2|0|0|1|0|1|3|0|0|1</HistCounts>
      </HistItem>
    </Histograms>
    <Metadata>
      <MDI key="RepresentationType">ATHEMATIC</MDI>
      <MDI key="STATISTICS_COVARIANCES">7272.473587110269</MDI>
      <MDI key="STATISTICS_MAXIMUM">352</MDI>
      <MDI key="STATISTICS_MEAN">65.217391304348</MDI>
      <MDI key="STATISTICS_MINIMUM">4</MDI>
      <MDI key="STATISTICS_SKIPFACTORX">1</MDI>
      <MDI key="STATISTICS_SKIPFACTORY">1</MDI>
      <MDI key="STATISTICS_STDDEV">85.278799165503</MDI>
    </Metadata>
  </PAMRasterBand>
</PAMDataset>
