<PAMDataset>
  <Metadata>
    <MDI key="DataType">Generic</MDI>
  </Metadata>
  <Metadata domain="Esri">
    <MDI key="PyramidResamplingType">NEAREST</MDI>
  </Metadata>
  <PAMRasterBand band="1">
    <Histograms>
      <HistItem>
        <HistMin>8</HistMin>
        <HistMax>827</HistMax>
        <BucketCount>256</BucketCount>
        <IncludeOutOfRange>1</IncludeOutOfRange>
        <Approximate>0</Approximate>
        <HistCounts>112|161|33|14|9|16|5|20|17|28|22|36|31|19|35|33|25|25|45|25|24|30|29|40|21|22|14|18|26|20|16|17|24|13|18|13|14|27|14|20|22|18|15|20|18|12|15|32|16|17|17|27|25|14|10|16|18|17|15|13|12|23|21|20|18|12|21|10|20|13|21|17|12|16|17|24|13|12|17|17|22|13|16|17|22|24|21|13|16|24|20|18|10|25|39|19|13|23|26|44|23|16|17|18|15|8|11|8|20|20|19|15|16|23|24|15|13|19|24|15|8|18|16|8|7|8|6|9|4|7|1|3|3|1|5|6|4|1|8|0|5|3|3|2|4|3|2|2|1|2|4|6|2|2|2|5|2|1|4|4|3|0|2|0|2|1|1|1|0|1|0|4|1|1|1|1|1|0|0|2|1|0|0|0|2|1|1|1|1|0|1|1|1|0|0|1|0|0|2|0|1|0|4|2|0|1|0|2|1|1|0|1|1|0|0|0|0|1|0|0|2|1|0|0|0|0|1|0|0|0|1|0|0|0|0|0|0|0|0|0|1|0|0|0|0|0|0|0|1|0|1|0|0|0|0|1</HistCounts>
      </HistItem>
    </Histograms>
    <Metadata>
      <MDI key="RepresentationType">ATHEMATIC</MDI>
      <MDI key="STATISTICS_COVARIANCES">21436.10749646394</MDI>
      <MDI key="STATISTICS_MAXIMUM">827</MDI>
      <MDI key="STATISTICS_MEAN">202</MDI>
      <MDI key="STATISTICS_MINIMUM">8</MDI>
      <MDI key="STATISTICS_SKIPFACTORX">1</MDI>
      <MDI key="STATISTICS_SKIPFACTORY">1</MDI>
      <MDI key="STATISTICS_STDDEV">146.41074925177</MDI>
    </Metadata>
  </PAMRasterBand>
</PAMDataset>
