<PAMDataset>
  <Metadata>
    <MDI key="DataType">Generic</MDI>
  </Metadata>
  <Metadata domain="Esri">
    <MDI key="PyramidResamplingType">NEAREST</MDI>
  </Metadata>
  <PAMRasterBand band="1">
    <Histograms>
      <HistItem>
        <HistMin>0</HistMin>
        <HistMax>508</HistMax>
        <BucketCount>256</BucketCount>
        <IncludeOutOfRange>1</IncludeOutOfRange>
        <Approximate>0</Approximate>
        <HistCounts>1758|116|55|44|29|37|57|27|2|2|2|2|2|1|1|2|3|1|0|2|4|5|2|3|6|2|8|4|2|4|4|4|4|1|4|4|6|4|5|5|4|4|3|8|5|4|7|6|7|3|5|6|3|9|3|4|8|7|5|11|4|6|6|5|4|1|9|2|5|2|4|4|3|5|1|8|1|4|3|5|5|3|7|4|3|3|8|2|7|3|2|3|0|0|6|1|3|7|6|4|1|8|4|2|3|3|0|2|0|5|1|1|7|4|2|1|1|3|3|3|1|3|2|2|2|4|4|1|4|1|1|1|1|2|2|1|3|3|1|2|1|1|4|3|5|1|3|0|4|1|3|2|0|1|4|3|3|5|4|1|1|1|1|5|0|2|3|2|4|2|2|6|3|2|2|3|3|2|3|4|6|4|3|5|6|3|4|5|1|3|0|1|3|1|6|0|5|2|3|3|0|2|0|2|2|1|2|1|1|2|4|1|1|0|0|0|2|1|2|0|1|1|1|1|2|0|2|1|1|3|1|2|0|4|2|1|3|2|1|1|1|2|2|3|1|3|0|2|2|2|1|0|1|0|0|1</HistCounts>
      </HistItem>
    </Histograms>
    <Metadata>
      <MDI key="RepresentationType">ATHEMATIC</MDI>
      <MDI key="STATISTICS_COVARIANCES">13072.55751028822</MDI>
      <MDI key="STATISTICS_MAXIMUM">508</MDI>
      <MDI key="STATISTICS_MEAN">56.066101095794</MDI>
      <MDI key="STATISTICS_MINIMUM">0</MDI>
      <MDI key="STATISTICS_SKIPFACTORX">1</MDI>
      <MDI key="STATISTICS_SKIPFACTORY">1</MDI>
      <MDI key="STATISTICS_STDDEV">114.33528549966</MDI>
    </Metadata>
  </PAMRasterBand>
</PAMDataset>
