<PAMDataset>
  <Metadata>
    <MDI key="DataType">Generic</MDI>
  </Metadata>
  <Metadata domain="Esri">
    <MDI key="PyramidResamplingType">NEAREST</MDI>
  </Metadata>
  <PAMRasterBand band="1">
    <Histograms>
      <HistItem>
        <HistMin>1</HistMin>
        <HistMax>162</HistMax>
        <BucketCount>256</BucketCount>
        <IncludeOutOfRange>1</IncludeOutOfRange>
        <Approximate>0</Approximate>
        <HistCounts>31|343|0|620|554|0|383|63|0|53|0|58|35|0|4|4|0|6|0|3|5|0|3|6|0|11|4|0|3|0|4|9|0|8|10|0|8|0|1|8|0|8|6|0|3|3|0|4|0|5|2|0|4|4|0|3|0|9|4|0|6|1|0|4|2|0|6|0|3|4|0|5|2|0|7|0|6|8|0|1|5|0|6|4|0|4|0|3|6|0|2|4|0|5|0|8|2|0|7|8|0|8|7|0|2|0|9|5|0|5|8|0|3|0|4|6|0|6|9|0|8|2|0|1|0|3|7|0|10|5|0|4|0|6|5|0|3|6|0|6|6|0|6|0|6|5|0|4|5|0|7|0|1|4|0|4|7|0|10|6|0|1|0|5|6|0|4|6|0|5|0|3|1|0|3|1|0|5|6|0|3|0|6|7|0|7|5|0|5|0|5|3|0|3|3|0|5|2|0|6|0|4|6|0|2|4|0|4|0|6|1|0|3|6|0|5|2|0|3|0|5|4|0|1|8|0|3|0|5|3|0|2|4|0|2|4|0|0|0|1|3|0|1|2|0|1|0|3|1|0|1|0|0|2|0|1</HistCounts>
      </HistItem>
    </Histograms>
    <Metadata>
      <MDI key="RepresentationType">ATHEMATIC</MDI>
      <MDI key="STATISTICS_COVARIANCES">1432.775393567231</MDI>
      <MDI key="STATISTICS_MAXIMUM">162</MDI>
      <MDI key="STATISTICS_MEAN">22.008130081301</MDI>
      <MDI key="STATISTICS_MINIMUM">1</MDI>
      <MDI key="STATISTICS_SKIPFACTORX">1</MDI>
      <MDI key="STATISTICS_SKIPFACTORY">1</MDI>
      <MDI key="STATISTICS_STDDEV">37.852019676197</MDI>
    </Metadata>
  </PAMRasterBand>
</PAMDataset>
