<PAMDataset>
  <Metadata>
    <MDI key="DataType">Generic</MDI>
  </Metadata>
  <Metadata domain="Esri">
    <MDI key="PyramidResamplingType">NEAREST</MDI>
  </Metadata>
  <PAMRasterBand band="1">
    <Histograms>
      <HistItem>
        <HistMin>1</HistMin>
        <HistMax>235</HistMax>
        <BucketCount>256</BucketCount>
        <IncludeOutOfRange>1</IncludeOutOfRange>
        <Approximate>0</Approximate>
        <HistCounts>835|732|260|119|47|51|120|38|9|10|5|5|0|4|7|9|5|2|6|2|4|10|1|8|0|9|3|11|10|5|2|6|5|4|4|6|0|6|7|5|3|3|5|2|6|4|5|5|0|4|2|2|4|4|5|4|6|3|5|2|0|4|6|3|2|5|6|4|2|5|3|4|0|2|3|6|2|3|7|3|8|2|4|1|0|4|5|3|2|1|5|3|3|7|2|6|5|0|4|0|5|4|3|2|2|2|1|3|2|0|3|0|1|5|4|5|1|3|2|6|3|0|3|2|2|3|2|2|3|1|2|1|2|0|2|5|4|1|2|0|4|4|8|2|0|0|4|0|0|5|0|1|5|2|2|3|3|0|4|4|2|1|3|3|0|2|4|3|3|0|3|2|4|3|2|3|1|1|0|0|0|0|0|1|1|1|2|2|1|1|0|1|0|1|0|0|0|0|0|0|2|0|1|1|0|0|0|2|1|0|1|0|0|0|0|0|1|2|0|1|0|0|0|1|2|2|1|0|2|2|0|3|1|4|1|0|2|0|4|3|2|1|0|2|2|1|0|0|2|0|1|0|0|0|0|1</HistCounts>
      </HistItem>
    </Histograms>
    <Metadata>
      <MDI key="RepresentationType">ATHEMATIC</MDI>
      <MDI key="STATISTICS_COVARIANCES">1971.618692887315</MDI>
      <MDI key="STATISTICS_MAXIMUM">235</MDI>
      <MDI key="STATISTICS_MEAN">20.885118416402</MDI>
      <MDI key="STATISTICS_MINIMUM">1</MDI>
      <MDI key="STATISTICS_SKIPFACTORX">1</MDI>
      <MDI key="STATISTICS_SKIPFACTORY">1</MDI>
      <MDI key="STATISTICS_STDDEV">44.402913112625</MDI>
    </Metadata>
  </PAMRasterBand>
</PAMDataset>
