<PAMDataset>
  <Metadata>
    <MDI key="DataType">Generic</MDI>
  </Metadata>
  <Metadata domain="Esri">
    <MDI key="PyramidResamplingType">NEAREST</MDI>
  </Metadata>
  <PAMRasterBand band="1">
    <Histograms>
      <HistItem>
        <HistMin>4</HistMin>
        <HistMax>337</HistMax>
        <BucketCount>256</BucketCount>
        <IncludeOutOfRange>1</IncludeOutOfRange>
        <Approximate>0</Approximate>
        <HistCounts>101|105|140|329|169|219|271|21|3|20|7|8|7|18|10|10|16|12|6|18|7|13|12|12|7|12|17|5|6|13|9|4|16|11|8|20|6|6|7|15|5|6|20|4|8|16|5|6|7|15|7|5|12|4|4|8|6|8|13|11|5|8|12|6|6|9|6|7|8|6|6|11|3|5|4|17|6|12|14|6|3|12|7|5|3|8|13|11|19|6|7|16|10|6|13|6|5|9|14|7|7|13|4|5|14|2|3|13|5|4|7|18|6|11|12|5|9|7|6|13|16|6|10|4|10|10|11|8|7|9|11|7|4|4|14|3|7|11|3|6|13|8|5|10|7|6|4|9|5|8|9|5|3|8|3|3|9|1|3|4|5|4|2|11|3|2|3|1|3|1|5|0|0|4|4|0|3|0|3|3|2|0|1|1|1|1|4|1|3|3|1|1|7|1|2|2|3|1|1|3|0|0|2|2|4|2|2|0|1|2|1|3|1|0|2|4|3|1|0|1|3|1|2|3|0|1|1|2|0|3|1|1|3|3|1|1|2|0|4|1|2|3|1|2|0|1|2|1|0|1|1|2|0|0|1|1</HistCounts>
      </HistItem>
    </Histograms>
    <Metadata>
      <MDI key="RepresentationType">ATHEMATIC</MDI>
      <MDI key="STATISTICS_COVARIANCES">6301.41563259492</MDI>
      <MDI key="STATISTICS_MAXIMUM">337</MDI>
      <MDI key="STATISTICS_MEAN">69.632732414281</MDI>
      <MDI key="STATISTICS_MINIMUM">4</MDI>
      <MDI key="STATISTICS_SKIPFACTORX">1</MDI>
      <MDI key="STATISTICS_SKIPFACTORY">1</MDI>
      <MDI key="STATISTICS_STDDEV">79.381456478166</MDI>
    </Metadata>
  </PAMRasterBand>
</PAMDataset>
