<PAMDataset>
  <Metadata>
    <MDI key="DataType">Generic</MDI>
  </Metadata>
  <Metadata domain="Esri">
    <MDI key="PyramidResamplingType">NEAREST</MDI>
  </Metadata>
  <PAMRasterBand band="1">
    <Histograms>
      <HistItem>
        <HistMin>0</HistMin>
        <HistMax>55</HistMax>
        <BucketCount>256</BucketCount>
        <IncludeOutOfRange>1</IncludeOutOfRange>
        <Approximate>0</Approximate>
        <HistCounts>178|0|0|0|1194|0|0|0|0|712|0|0|0|383|0|0|0|0|219|0|0|0|0|46|0|0|0|32|0|0|0|0|4|0|0|0|0|2|0|0|0|2|0|0|0|0|4|0|0|0|0|2|0|0|0|1|0|0|0|0|3|0|0|0|2|0|0|0|0|3|0|0|0|0|2|0|0|0|0|0|0|0|0|5|0|0|0|0|5|0|0|0|1|0|0|0|0|3|0|0|0|0|1|0|0|0|3|0|0|0|0|2|0|0|0|0|0|0|0|0|5|0|0|0|0|2|0|0|0|1|0|0|0|0|3|0|0|0|0|2|0|0|0|2|0|0|0|0|0|0|0|0|0|1|0|0|0|0|0|0|0|0|0|0|0|0|0|0|0|0|0|0|0|0|0|0|1|0|0|0|0|0|0|0|0|1|0|0|0|0|0|0|0|0|0|0|0|0|0|1|0|0|0|0|0|0|0|0|0|0|0|0|0|0|0|0|0|0|0|0|0|0|0|0|0|0|0|0|0|0|0|0|0|0|0|0|0|0|0|0|0|0|0|0|0|0|0|0|0|0|0|0|0|0|0|1</HistCounts>
      </HistItem>
    </Histograms>
    <Metadata>
      <MDI key="RepresentationType">ATHEMATIC</MDI>
      <MDI key="STATISTICS_COVARIANCES">11.13886609839595</MDI>
      <MDI key="STATISTICS_MAXIMUM">55</MDI>
      <MDI key="STATISTICS_MEAN">2.2559208200778</MDI>
      <MDI key="STATISTICS_MINIMUM">0</MDI>
      <MDI key="STATISTICS_SKIPFACTORX">1</MDI>
      <MDI key="STATISTICS_SKIPFACTORY">1</MDI>
      <MDI key="STATISTICS_STDDEV">3.337493984773</MDI>
    </Metadata>
  </PAMRasterBand>
</PAMDataset>
