<PAMDataset>
  <Metadata>
    <MDI key="DataType">Generic</MDI>
  </Metadata>
  <Metadata domain="Esri">
    <MDI key="PyramidResamplingType">NEAREST</MDI>
  </Metadata>
  <PAMRasterBand band="1">
    <Histograms>
      <HistItem>
        <HistMin>2</HistMin>
        <HistMax>154</HistMax>
        <BucketCount>256</BucketCount>
        <IncludeOutOfRange>1</IncludeOutOfRange>
        <Approximate>0</Approximate>
        <HistCounts>32|362|0|303|0|382|480|0|217|0|145|138|0|60|0|50|28|0|33|0|9|8|0|12|0|11|8|0|12|0|13|5|0|7|0|4|9|0|13|0|11|8|0|6|0|7|8|0|7|0|9|0|7|7|0|8|0|11|3|0|1|0|3|9|0|11|0|4|2|0|3|0|7|3|0|9|0|5|5|0|3|0|3|4|0|13|0|5|6|0|6|0|3|4|0|5|0|6|2|0|6|0|6|0|3|4|0|5|0|5|6|0|5|0|4|8|0|3|0|2|3|0|5|0|8|4|0|2|0|4|7|0|4|0|3|4|0|4|0|8|2|0|6|0|6|7|0|2|0|1|9|0|4|0|6|0|2|4|0|1|0|6|3|0|4|0|5|1|0|6|0|2|6|0|4|0|3|2|0|3|0|2|3|0|3|0|2|2|0|1|0|1|1|0|0|0|1|2|0|3|0|1|2|0|1|0|0|0|0|2|0|0|0|3|0|0|0|0|1|1|0|0|0|3|7|0|0|0|2|1|0|1|0|3|3|0|3|0|2|1|0|1|0|1|2|0|1|0|2|0|0|0|0|0|0|1</HistCounts>
      </HistItem>
    </Histograms>
    <Metadata>
      <MDI key="RepresentationType">ATHEMATIC</MDI>
      <MDI key="STATISTICS_COVARIANCES">806.718932724965</MDI>
      <MDI key="STATISTICS_MAXIMUM">154</MDI>
      <MDI key="STATISTICS_MEAN">17.725698126547</MDI>
      <MDI key="STATISTICS_MINIMUM">2</MDI>
      <MDI key="STATISTICS_SKIPFACTORX">1</MDI>
      <MDI key="STATISTICS_SKIPFACTORY">1</MDI>
      <MDI key="STATISTICS_STDDEV">28.402797973527</MDI>
    </Metadata>
  </PAMRasterBand>
</PAMDataset>
