<PAMDataset>
  <Metadata>
    <MDI key="DataType">Generic</MDI>
  </Metadata>
  <Metadata domain="Esri">
    <MDI key="PyramidResamplingType">NEAREST</MDI>
  </Metadata>
  <PAMRasterBand band="1">
    <Histograms>
      <HistItem>
        <HistMin>1</HistMin>
        <HistMax>268</HistMax>
        <BucketCount>256</BucketCount>
        <IncludeOutOfRange>1</IncludeOutOfRange>
        <Approximate>0</Approximate>
        <HistCounts>349|219|258|169|163|197|261|251|279|93|81|42|14|5|5|3|4|8|5|4|9|7|4|3|7|5|3|3|4|5|6|3|3|6|4|5|5|6|6|4|2|3|11|4|1|2|6|3|4|1|4|4|3|1|3|1|2|3|5|2|4|6|1|8|2|2|2|1|1|4|1|5|4|4|3|0|2|4|3|1|1|2|2|1|1|6|1|4|1|2|4|0|1|1|4|2|3|2|3|4|2|2|3|2|2|0|2|1|2|1|2|0|0|2|2|1|2|1|1|1|4|0|3|2|5|5|2|0|0|1|3|2|0|1|1|0|3|1|1|1|1|0|2|1|1|0|1|0|3|2|0|3|2|1|0|1|3|0|0|0|1|0|0|3|0|0|1|0|2|1|0|0|1|0|0|0|0|0|0|1|0|1|1|0|1|1|0|1|0|1|0|2|1|0|3|2|0|0|0|2|1|0|1|0|0|0|1|1|2|0|2|1|1|1|1|1|1|0|0|2|2|0|0|2|1|0|1|2|0|1|0|0|3|2|1|0|1|1|2|0|1|1|1|1|0|1|0|0|0|1|0|0|0|0|0|1</HistCounts>
      </HistItem>
    </Histograms>
    <Metadata>
      <MDI key="RepresentationType">ATHEMATIC</MDI>
      <MDI key="STATISTICS_COVARIANCES">1718.749154668536</MDI>
      <MDI key="STATISTICS_MAXIMUM">268</MDI>
      <MDI key="STATISTICS_MEAN">20.300459526334</MDI>
      <MDI key="STATISTICS_MINIMUM">1</MDI>
      <MDI key="STATISTICS_SKIPFACTORX">1</MDI>
      <MDI key="STATISTICS_SKIPFACTORY">1</MDI>
      <MDI key="STATISTICS_STDDEV">41.45779968436</MDI>
    </Metadata>
  </PAMRasterBand>
</PAMDataset>
