<PAMDataset>
  <Metadata>
    <MDI key="DataType">Generic</MDI>
  </Metadata>
  <Metadata domain="Esri">
    <MDI key="PyramidResamplingType">NEAREST</MDI>
  </Metadata>
  <PAMRasterBand band="1">
    <Histograms>
      <HistItem>
        <HistMin>0</HistMin>
        <HistMax>122</HistMax>
        <BucketCount>256</BucketCount>
        <IncludeOutOfRange>1</IncludeOutOfRange>
        <Approximate>0</Approximate>
        <HistCounts>7|0|1298|0|550|0|69|0|55|0|48|0|53|0|120|0|88|0|29|0|4|0|6|0|0|4|0|2|0|4|0|1|0|3|0|4|0|3|0|3|0|6|0|2|0|7|0|0|2|0|3|0|1|0|3|0|3|0|4|0|4|0|4|0|4|0|2|0|3|0|0|4|0|4|0|6|0|7|0|3|0|7|0|6|0|5|0|9|0|4|0|6|0|0|6|0|5|0|6|0|5|0|5|0|3|0|7|0|2|0|3|0|5|0|8|0|0|6|0|7|0|5|0|13|0|7|0|8|0|4|0|4|0|6|0|10|0|9|0|0|6|0|6|0|6|0|5|0|6|0|5|0|4|0|8|0|5|0|5|0|7|0|0|2|0|8|0|2|0|9|0|3|0|5|0|7|0|7|0|6|0|6|0|3|0|0|3|0|6|0|1|0|4|0|8|0|4|0|5|0|4|0|5|0|3|0|6|0|0|4|0|4|0|2|0|6|0|2|0|4|0|6|0|6|0|2|0|5|0|3|0|0|5|0|1|0|1|0|3|0|4|0|1|0|2|0|0|0|1|0|0|0|2|0|0|1</HistCounts>
      </HistItem>
    </Histograms>
    <Metadata>
      <MDI key="RepresentationType">ATHEMATIC</MDI>
      <MDI key="STATISTICS_COVARIANCES">711.4387694033762</MDI>
      <MDI key="STATISTICS_MAXIMUM">122</MDI>
      <MDI key="STATISTICS_MEAN">13.399787910923</MDI>
      <MDI key="STATISTICS_MINIMUM">0</MDI>
      <MDI key="STATISTICS_SKIPFACTORX">1</MDI>
      <MDI key="STATISTICS_SKIPFACTORY">1</MDI>
      <MDI key="STATISTICS_STDDEV">26.672809552115</MDI>
    </Metadata>
  </PAMRasterBand>
</PAMDataset>
