<PAMDataset>
  <Metadata>
    <MDI key="DataType">Generic</MDI>
  </Metadata>
  <Metadata domain="Esri">
    <MDI key="PyramidResamplingType">NEAREST</MDI>
  </Metadata>
  <PAMRasterBand band="1">
    <Histograms>
      <HistItem>
        <HistMin>0</HistMin>
        <HistMax>223</HistMax>
        <BucketCount>256</BucketCount>
        <IncludeOutOfRange>1</IncludeOutOfRange>
        <Approximate>0</Approximate>
        <HistCounts>856|854|208|69|114|123|136|0|70|29|2|3|11|2|4|0|3|3|0|0|2|3|2|0|1|2|4|2|4|3|6|0|5|1|3|4|7|5|4|0|0|1|4|5|3|3|2|0|3|1|1|1|3|2|5|0|2|5|4|3|2|1|3|0|2|3|2|3|1|3|3|0|1|5|5|3|5|3|2|0|0|0|1|6|6|2|5|0|4|3|3|5|4|1|3|0|1|2|6|5|4|1|4|0|2|4|3|0|1|4|1|0|5|3|0|2|1|2|5|0|0|3|7|3|1|0|2|0|1|4|0|1|2|1|1|0|2|0|1|1|2|0|0|0|3|1|1|0|1|0|0|0|0|0|0|0|1|1|0|0|1|2|0|0|0|0|0|0|0|2|1|1|0|0|2|0|2|2|1|3|1|1|0|0|1|0|2|2|3|1|4|0|0|1|1|2|0|0|2|0|0|0|0|0|0|1|0|0|0|1|0|0|2|0|0|0|0|0|1|1|0|1|0|0|0|1|1|0|2|0|0|0|0|0|0|0|0|0|0|0|0|0|0|0|0|0|0|0|0|0|0|0|0|0|0|1</HistCounts>
      </HistItem>
    </Histograms>
    <Metadata>
      <MDI key="RepresentationType">ATHEMATIC</MDI>
      <MDI key="STATISTICS_COVARIANCES">946.4501068194975</MDI>
      <MDI key="STATISTICS_MAXIMUM">223</MDI>
      <MDI key="STATISTICS_MEAN">11.528808766349</MDI>
      <MDI key="STATISTICS_MINIMUM">0</MDI>
      <MDI key="STATISTICS_SKIPFACTORX">1</MDI>
      <MDI key="STATISTICS_SKIPFACTORY">1</MDI>
      <MDI key="STATISTICS_STDDEV">30.764429245795</MDI>
    </Metadata>
  </PAMRasterBand>
</PAMDataset>
