<PAMDataset>
  <Metadata>
    <MDI key="DataType">Generic</MDI>
  </Metadata>
  <Metadata domain="Esri">
    <MDI key="PyramidResamplingType">NEAREST</MDI>
  </Metadata>
  <PAMRasterBand band="1">
    <Histograms>
      <HistItem>
        <HistMin>1</HistMin>
        <HistMax>48</HistMax>
        <BucketCount>256</BucketCount>
        <IncludeOutOfRange>1</IncludeOutOfRange>
        <Approximate>0</Approximate>
        <HistCounts>1097|0|0|0|0|721|0|0|0|0|519|0|0|0|0|0|175|0|0|0|0|183|0|0|0|0|0|8|0|0|0|0|5|0|0|0|0|2|0|0|0|0|0|5|0|0|0|0|3|0|0|0|0|0|3|0|0|0|0|5|0|0|0|0|0|3|0|0|0|0|3|0|0|0|0|3|0|0|0|0|0|3|0|0|0|0|5|0|0|0|0|0|4|0|0|0|0|5|0|0|0|0|0|6|0|0|0|0|3|0|0|0|0|3|0|0|0|0|0|5|0|0|0|0|3|0|0|0|0|0|1|0|0|0|0|3|0|0|0|0|0|2|0|0|0|0|2|0|0|0|0|3|0|0|0|0|0|4|0|0|0|0|2|0|0|0|0|0|4|0|0|0|0|5|0|0|0|0|0|3|0|0|0|0|0|0|0|0|0|4|0|0|0|0|0|1|0|0|0|0|1|0|0|0|0|0|1|0|0|0|0|1|0|0|0|0|0|3|0|0|0|0|2|0|0|0|0|2|0|0|0|0|0|7|0|0|0|0|3|0|0|0|0|0|2|0|0|0|0|0|0|0|0|0|0|1</HistCounts>
      </HistItem>
    </Histograms>
    <Metadata>
      <MDI key="RepresentationType">ATHEMATIC</MDI>
      <MDI key="STATISTICS_COVARIANCES">29.50788759378895</MDI>
      <MDI key="STATISTICS_MAXIMUM">48</MDI>
      <MDI key="STATISTICS_MEAN">3.1428066454578</MDI>
      <MDI key="STATISTICS_MINIMUM">1</MDI>
      <MDI key="STATISTICS_SKIPFACTORX">1</MDI>
      <MDI key="STATISTICS_SKIPFACTORY">1</MDI>
      <MDI key="STATISTICS_STDDEV">5.4321163089342</MDI>
    </Metadata>
  </PAMRasterBand>
</PAMDataset>
