<PAMDataset>
  <Metadata>
    <MDI key="DataType">Generic</MDI>
  </Metadata>
  <Metadata domain="Esri">
    <MDI key="PyramidResamplingType">NEAREST</MDI>
  </Metadata>
  <PAMRasterBand band="1">
    <Histograms>
      <HistItem>
        <HistMin>3</HistMin>
        <HistMax>315</HistMax>
        <BucketCount>256</BucketCount>
        <IncludeOutOfRange>1</IncludeOutOfRange>
        <Approximate>0</Approximate>
        <HistCounts>344|262|82|112|220|133|98|91|71|18|14|6|16|12|13|18|12|25|13|11|7|13|26|9|15|13|25|18|12|6|13|19|10|10|6|18|8|10|12|8|16|7|4|9|14|9|3|2|4|19|10|7|3|12|3|3|4|13|9|5|9|8|13|6|7|5|4|13|4|6|1|17|2|3|5|5|6|5|8|3|10|8|2|9|7|15|4|6|2|7|5|7|6|5|3|2|3|7|0|5|5|6|6|1|1|2|4|8|5|3|5|12|2|4|2|2|7|3|2|0|7|5|3|2|5|10|4|5|3|7|6|5|1|1|5|0|6|3|6|3|7|7|5|20|2|3|4|5|4|7|4|5|11|5|1|7|11|5|3|4|6|10|1|0|6|12|6|3|7|3|14|7|3|2|8|7|7|5|7|4|4|4|3|6|3|3|2|8|4|9|3|3|6|1|4|3|2|4|2|3|1|3|3|0|3|2|2|1|2|2|3|2|4|2|5|3|0|1|1|4|2|2|0|5|3|4|2|1|4|1|1|5|4|1|1|1|5|9|1|4|2|4|3|1|1|1|0|3|0|1|1|0|1|0|0|1</HistCounts>
      </HistItem>
    </Histograms>
    <Metadata>
      <MDI key="RepresentationType">ATHEMATIC</MDI>
      <MDI key="STATISTICS_COVARIANCES">6630.760557081321</MDI>
      <MDI key="STATISTICS_MAXIMUM">315</MDI>
      <MDI key="STATISTICS_MEAN">63.880876634853</MDI>
      <MDI key="STATISTICS_MINIMUM">3</MDI>
      <MDI key="STATISTICS_SKIPFACTORX">1</MDI>
      <MDI key="STATISTICS_SKIPFACTORY">1</MDI>
      <MDI key="STATISTICS_STDDEV">81.429482112324</MDI>
    </Metadata>
  </PAMRasterBand>
</PAMDataset>
