<PAMDataset>
  <Metadata>
    <MDI key="DataType">Generic</MDI>
  </Metadata>
  <Metadata domain="Esri">
    <MDI key="PyramidResamplingType">NEAREST</MDI>
  </Metadata>
  <PAMRasterBand band="1">
    <Histograms>
      <HistItem>
        <HistMin>1</HistMin>
        <HistMax>128</HistMax>
        <BucketCount>256</BucketCount>
        <IncludeOutOfRange>1</IncludeOutOfRange>
        <Approximate>0</Approximate>
        <HistCounts>2|0|348|0|231|0|263|0|191|0|206|0|253|0|233|0|201|0|182|0|182|0|98|0|72|0|43|0|8|0|6|0|2|0|4|0|3|0|2|0|6|0|6|0|4|0|7|0|5|0|5|0|6|0|6|0|9|0|8|0|7|0|6|0|3|0|6|0|5|0|2|0|9|0|4|0|1|0|4|0|2|0|4|0|3|0|3|0|4|0|6|0|7|0|4|0|1|0|5|0|3|0|4|0|3|0|3|0|3|0|4|0|1|0|4|0|3|0|5|0|3|0|5|0|3|0|4|0|2|0|4|0|2|0|1|0|2|0|2|0|0|0|4|0|3|0|4|0|1|0|3|0|2|0|2|0|3|0|3|0|0|0|0|0|1|0|2|0|6|0|1|0|0|0|4|0|2|0|1|0|2|0|3|0|3|0|0|0|0|0|3|0|2|0|0|0|3|0|5|0|2|0|1|0|3|0|2|0|0|0|2|0|1|0|1|0|4|0|3|0|1|0|1|0|2|0|1|0|0|0|0|0|0|0|1|0|0|0|0|0|1|0|0|0|0|0|0|0|0|0|0|0|0|0|0|1</HistCounts>
      </HistItem>
    </Histograms>
    <Metadata>
      <MDI key="RepresentationType">ATHEMATIC</MDI>
      <MDI key="STATISTICS_COVARIANCES">326.7401918801184</MDI>
      <MDI key="STATISTICS_MAXIMUM">128</MDI>
      <MDI key="STATISTICS_MEAN">12.03110639802</MDI>
      <MDI key="STATISTICS_MINIMUM">1</MDI>
      <MDI key="STATISTICS_SKIPFACTORX">1</MDI>
      <MDI key="STATISTICS_SKIPFACTORY">1</MDI>
      <MDI key="STATISTICS_STDDEV">18.075956181628</MDI>
    </Metadata>
  </PAMRasterBand>
</PAMDataset>
