<PAMDataset>
  <Metadata>
    <MDI key="DataType">Generic</MDI>
  </Metadata>
  <Metadata domain="Esri">
    <MDI key="PyramidResamplingType">NEAREST</MDI>
  </Metadata>
  <PAMRasterBand band="1">
    <Histograms>
      <HistItem>
        <HistMin>1</HistMin>
        <HistMax>37</HistMax>
        <BucketCount>256</BucketCount>
        <IncludeOutOfRange>1</IncludeOutOfRange>
        <Approximate>0</Approximate>
        <HistCounts>563|0|0|0|0|0|0|690|0|0|0|0|0|0|702|0|0|0|0|0|0|688|0|0|0|0|0|0|94|0|0|0|0|0|0|11|0|0|0|0|0|0|3|0|0|0|0|0|0|2|0|0|0|0|0|0|7|0|0|0|0|0|0|0|0|0|0|0|0|0|2|0|0|0|0|0|0|7|0|0|0|0|0|0|0|4|0|0|0|0|0|0|4|0|0|0|0|0|0|1|0|0|0|0|0|0|4|0|0|0|0|0|0|1|0|0|0|0|0|0|4|0|0|0|0|0|0|1|0|0|0|0|0|0|3|0|0|0|0|0|0|3|0|0|0|0|0|0|3|0|0|0|0|0|0|0|0|0|0|0|0|0|2|0|0|0|0|0|0|0|3|0|0|0|0|0|0|4|0|0|0|0|0|0|1|0|0|0|0|0|0|2|0|0|0|0|0|0|5|0|0|0|0|0|0|2|0|0|0|0|0|0|4|0|0|0|0|0|0|3|0|0|0|0|0|0|3|0|0|0|0|0|0|1|0|0|0|0|0|0|0|0|0|0|0|0|0|1|0|0|0|0|0|0|0|1</HistCounts>
      </HistItem>
    </Histograms>
    <Metadata>
      <MDI key="RepresentationType">ATHEMATIC</MDI>
      <MDI key="STATISTICS_COVARIANCES">11.92546608849644</MDI>
      <MDI key="STATISTICS_MAXIMUM">37</MDI>
      <MDI key="STATISTICS_MEAN">3.1700247437257</MDI>
      <MDI key="STATISTICS_MINIMUM">1</MDI>
      <MDI key="STATISTICS_SKIPFACTORX">1</MDI>
      <MDI key="STATISTICS_SKIPFACTORY">1</MDI>
      <MDI key="STATISTICS_STDDEV">3.4533268146088</MDI>
    </Metadata>
  </PAMRasterBand>
</PAMDataset>
