<PAMDataset>
  <Metadata>
    <MDI key="DataType">Generic</MDI>
  </Metadata>
  <Metadata domain="Esri">
    <MDI key="PyramidResamplingType">NEAREST</MDI>
  </Metadata>
  <PAMRasterBand band="1">
    <Histograms>
      <HistItem>
        <HistMin>3</HistMin>
        <HistMax>177</HistMax>
        <BucketCount>256</BucketCount>
        <IncludeOutOfRange>1</IncludeOutOfRange>
        <Approximate>0</Approximate>
        <HistCounts>78|485|884|0|534|426|0|38|5|0|4|3|0|6|4|0|5|5|0|2|0|5|0|4|0|0|2|7|0|3|6|0|4|5|0|2|4|0|4|4|0|5|4|7|0|4|4|0|1|6|0|5|2|0|3|3|0|9|9|0|3|2|0|1|5|3|0|2|3|0|3|6|0|4|6|0|6|10|0|5|4|0|5|7|0|5|3|6|0|7|5|0|5|8|0|1|11|0|8|6|0|7|5|0|10|7|7|0|6|7|0|2|2|0|2|3|0|0|3|0|0|0|0|2|2|0|0|0|0|0|1|0|0|0|1|0|1|2|0|0|2|0|1|1|0|1|1|0|1|0|0|0|2|0|0|1|2|0|0|0|0|0|0|0|1|0|0|0|1|0|0|0|2|0|1|2|0|0|0|0|0|1|0|1|0|0|0|1|0|0|0|1|0|0|0|0|0|0|0|0|0|0|1|0|0|0|0|0|0|0|0|0|0|0|0|0|0|0|0|0|0|0|0|0|0|0|0|0|0|0|0|0|0|0|1|0|0|0|0|0|1|0|0|0|0|0|0|0|0|0|0|0|0|1|0|1</HistCounts>
      </HistItem>
    </Histograms>
    <Metadata>
      <MDI key="RepresentationType">ATHEMATIC</MDI>
      <MDI key="STATISTICS_COVARIANCES">407.8814198568769</MDI>
      <MDI key="STATISTICS_MAXIMUM">177</MDI>
      <MDI key="STATISTICS_MEAN">12.120890774125</MDI>
      <MDI key="STATISTICS_MINIMUM">3</MDI>
      <MDI key="STATISTICS_SKIPFACTORX">1</MDI>
      <MDI key="STATISTICS_SKIPFACTORY">1</MDI>
      <MDI key="STATISTICS_STDDEV">20.196074367482</MDI>
    </Metadata>
  </PAMRasterBand>
</PAMDataset>
