<PAMDataset>
  <Metadata>
    <MDI key="DataType">Generic</MDI>
  </Metadata>
  <Metadata domain="Esri">
    <MDI key="PyramidResamplingType">NEAREST</MDI>
  </Metadata>
  <PAMRasterBand band="1">
    <Histograms>
      <HistItem>
        <HistMin>3</HistMin>
        <HistMax>453</HistMax>
        <BucketCount>256</BucketCount>
        <IncludeOutOfRange>1</IncludeOutOfRange>
        <Approximate>0</Approximate>
        <HistCounts>62|269|81|89|23|22|13|16|8|13|11|14|8|13|22|21|9|14|29|24|24|15|21|21|26|6|27|24|19|13|18|28|27|9|25|19|26|22|7|23|20|24|10|28|17|22|11|23|21|20|8|26|18|12|26|10|17|6|19|3|19|25|21|6|14|16|21|11|21|17|24|18|15|16|13|25|13|12|11|14|4|12|23|15|4|12|10|9|16|8|6|24|5|10|9|7|12|4|21|8|10|7|5|12|10|6|4|9|10|8|4|6|10|6|8|10|9|8|0|8|10|11|10|4|5|3|4|6|10|4|14|6|12|9|8|2|13|9|7|8|5|12|10|9|4|14|12|13|3|9|11|6|3|10|11|11|8|2|6|4|5|3|6|5|4|1|8|4|3|2|6|4|10|5|2|6|4|1|3|4|2|6|4|1|2|4|2|7|4|3|8|1|4|3|5|3|6|2|8|3|2|1|3|4|3|6|3|1|5|3|3|3|3|7|5|5|2|2|10|4|3|3|4|4|3|0|4|1|1|1|1|4|3|0|2|4|2|0|5|4|1|3|0|5|3|1|0|0|2|3|0|0|0|1|0|1</HistCounts>
      </HistItem>
    </Histograms>
    <Metadata>
      <MDI key="RepresentationType">ATHEMATIC</MDI>
      <MDI key="STATISTICS_COVARIANCES">12465.62685746685</MDI>
      <MDI key="STATISTICS_MAXIMUM">453</MDI>
      <MDI key="STATISTICS_MEAN">126.48674443266</MDI>
      <MDI key="STATISTICS_MINIMUM">3</MDI>
      <MDI key="STATISTICS_SKIPFACTORX">1</MDI>
      <MDI key="STATISTICS_SKIPFACTORY">1</MDI>
      <MDI key="STATISTICS_STDDEV">111.6495716851</MDI>
    </Metadata>
  </PAMRasterBand>
</PAMDataset>
