<PAMDataset>
  <Metadata>
    <MDI key="DataType">Generic</MDI>
  </Metadata>
  <Metadata domain="Esri">
    <MDI key="PyramidResamplingType">NEAREST</MDI>
  </Metadata>
  <PAMRasterBand band="1">
    <Histograms>
      <HistItem>
        <HistMin>3</HistMin>
        <HistMax>141</HistMax>
        <BucketCount>256</BucketCount>
        <IncludeOutOfRange>1</IncludeOutOfRange>
        <Approximate>0</Approximate>
        <HistCounts>55|184|0|297|0|578|0|429|0|232|0|64|9|0|8|0|8|0|12|0|6|0|10|0|10|13|0|8|0|13|0|10|0|11|0|10|13|0|13|0|11|0|14|0|6|0|7|0|10|9|0|6|0|11|0|10|0|16|0|10|12|0|11|0|13|0|10|0|7|0|15|0|13|8|0|16|0|14|0|9|0|12|0|9|0|6|10|0|8|0|11|0|18|0|9|0|16|11|0|9|0|14|0|12|0|10|0|7|0|13|16|0|7|0|12|0|15|0|11|0|9|5|0|3|0|7|0|3|0|2|0|5|0|7|7|0|4|0|8|0|5|0|9|0|4|5|0|10|0|6|0|8|0|6|0|6|0|7|9|0|9|0|6|0|9|0|10|0|3|0|2|5|0|6|0|2|0|3|0|4|0|6|6|0|7|0|6|0|1|0|7|0|5|0|7|8|0|3|0|2|0|7|0|10|0|6|2|0|3|0|5|0|7|0|3|0|6|0|3|2|0|4|0|3|0|5|0|3|0|3|6|0|0|0|2|0|3|0|4|0|2|0|5|4|0|4|0|2|0|2|0|1|0|2|0|1</HistCounts>
      </HistItem>
    </Histograms>
    <Metadata>
      <MDI key="RepresentationType">ATHEMATIC</MDI>
      <MDI key="STATISTICS_COVARIANCES">1096.764227392292</MDI>
      <MDI key="STATISTICS_MAXIMUM">141</MDI>
      <MDI key="STATISTICS_MEAN">25.473312124426</MDI>
      <MDI key="STATISTICS_MINIMUM">3</MDI>
      <MDI key="STATISTICS_SKIPFACTORX">1</MDI>
      <MDI key="STATISTICS_SKIPFACTORY">1</MDI>
      <MDI key="STATISTICS_STDDEV">33.117430869442</MDI>
    </Metadata>
  </PAMRasterBand>
</PAMDataset>
