<PAMDataset>
  <Metadata>
    <MDI key="DataType">Generic</MDI>
  </Metadata>
  <Metadata domain="Esri">
    <MDI key="PyramidResamplingType">NEAREST</MDI>
  </Metadata>
  <PAMRasterBand band="1">
    <Histograms>
      <HistItem>
        <HistMin>2</HistMin>
        <HistMax>123</HistMax>
        <BucketCount>256</BucketCount>
        <IncludeOutOfRange>1</IncludeOutOfRange>
        <Approximate>0</Approximate>
        <HistCounts>64|0|206|0|125|0|260|0|304|0|411|0|443|0|241|0|193|0|111|0|0|25|0|7|0|4|0|7|0|8|0|8|0|6|0|9|0|6|0|0|11|0|7|0|10|0|7|0|5|0|7|0|6|0|8|0|5|0|0|6|0|11|0|7|0|9|0|11|0|10|0|6|0|8|0|3|0|7|0|0|8|0|3|0|9|0|12|0|9|0|5|0|4|0|3|0|5|0|0|6|0|5|0|2|0|7|0|3|0|3|0|5|0|10|0|7|0|0|3|0|8|0|2|0|3|0|7|0|1|0|9|0|2|0|8|0|3|0|0|6|0|8|0|7|0|7|0|1|0|7|0|4|0|2|0|3|0|0|5|0|3|0|4|0|2|0|5|0|1|0|1|0|2|0|1|0|0|2|0|1|0|3|0|1|0|1|0|1|0|2|0|0|0|0|0|2|0|0|2|0|1|0|0|0|0|0|1|0|0|0|0|0|1|0|0|0|0|0|0|1|0|0|0|0|0|1|0|0|0|0|0|0|0|1|0|0|0|0|0|0|0|0|1|0|0|0|0|0|0|0|1|0|1|0|0|2</HistCounts>
      </HistItem>
    </Histograms>
    <Metadata>
      <MDI key="RepresentationType">ATHEMATIC</MDI>
      <MDI key="STATISTICS_COVARIANCES">302.1159072807762</MDI>
      <MDI key="STATISTICS_MAXIMUM">123</MDI>
      <MDI key="STATISTICS_MEAN">13.183457051962</MDI>
      <MDI key="STATISTICS_MINIMUM">2</MDI>
      <MDI key="STATISTICS_SKIPFACTORX">1</MDI>
      <MDI key="STATISTICS_SKIPFACTORY">1</MDI>
      <MDI key="STATISTICS_STDDEV">17.381481734328</MDI>
    </Metadata>
  </PAMRasterBand>
</PAMDataset>
