<PAMDataset>
  <Metadata>
    <MDI key="DataType">Generic</MDI>
  </Metadata>
  <Metadata domain="Esri">
    <MDI key="PyramidResamplingType">NEAREST</MDI>
  </Metadata>
  <PAMRasterBand band="1">
    <Histograms>
      <HistItem>
        <HistMin>0</HistMin>
        <HistMax>53</HistMax>
        <BucketCount>256</BucketCount>
        <IncludeOutOfRange>1</IncludeOutOfRange>
        <Approximate>0</Approximate>
        <HistCounts>41|0|0|0|1088|0|0|0|0|637|0|0|0|0|405|0|0|0|0|342|0|0|0|0|114|0|0|0|16|0|0|0|0|15|0|0|0|0|7|0|0|0|0|10|0|0|0|0|15|0|0|0|11|0|0|0|0|5|0|0|0|0|6|0|0|0|0|4|0|0|0|0|5|0|0|0|5|0|0|0|0|10|0|0|0|0|5|0|0|0|0|5|0|0|0|0|9|0|0|0|0|6|0|0|0|5|0|0|0|0|6|0|0|0|0|6|0|0|0|0|5|0|0|0|0|1|0|0|0|4|0|0|0|0|3|0|0|0|0|2|0|0|0|0|0|0|0|0|0|0|0|0|0|6|0|0|0|0|2|0|0|0|0|2|0|0|0|0|1|0|0|0|0|1|0|0|0|0|4|0|0|0|3|0|0|0|0|2|0|0|0|0|1|0|0|0|0|1|0|0|0|0|1|0|0|0|2|0|0|0|0|1|0|0|0|0|0|0|0|0|0|4|0|0|0|0|0|0|0|0|1|0|0|0|0|1|0|0|0|0|1|0|0|0|0|0|0|0|0|0|1|0|0|0|0|1</HistCounts>
      </HistItem>
    </Histograms>
    <Metadata>
      <MDI key="RepresentationType">ATHEMATIC</MDI>
      <MDI key="STATISTICS_COVARIANCES">30.11752669737511</MDI>
      <MDI key="STATISTICS_MAXIMUM">53</MDI>
      <MDI key="STATISTICS_MEAN">3.3092965712266</MDI>
      <MDI key="STATISTICS_MINIMUM">0</MDI>
      <MDI key="STATISTICS_SKIPFACTORX">1</MDI>
      <MDI key="STATISTICS_SKIPFACTORY">1</MDI>
      <MDI key="STATISTICS_STDDEV">5.4879437585835</MDI>
    </Metadata>
  </PAMRasterBand>
</PAMDataset>
