<PAMDataset>
  <Metadata>
    <MDI key="DataType">Generic</MDI>
  </Metadata>
  <Metadata domain="Esri">
    <MDI key="PyramidResamplingType">NEAREST</MDI>
  </Metadata>
  <PAMRasterBand band="1">
    <Histograms>
      <HistItem>
        <HistMin>6</HistMin>
        <HistMax>434</HistMax>
        <BucketCount>256</BucketCount>
        <IncludeOutOfRange>1</IncludeOutOfRange>
        <Approximate>0</Approximate>
        <HistCounts>25|66|201|143|193|75|13|9|9|12|8|7|5|8|11|2|11|11|5|7|3|7|12|11|3|6|9|3|6|15|12|4|11|12|9|10|6|5|4|10|6|8|10|8|10|7|8|7|9|6|10|7|7|10|6|0|12|17|8|6|7|15|1|14|10|5|6|17|4|14|11|7|10|12|8|14|9|8|10|13|9|13|11|11|16|10|13|5|12|12|8|13|17|12|7|13|4|12|9|7|17|14|6|13|12|5|15|15|2|14|15|3|7|12|15|4|23|12|7|11|18|9|16|17|7|20|11|6|20|15|5|11|16|6|14|13|8|17|21|9|18|14|13|5|11|14|5|13|9|4|13|10|5|16|7|4|10|11|7|13|10|3|8|10|1|18|10|4|10|18|14|2|9|11|9|11|18|7|10|11|10|16|8|5|14|11|11|18|13|4|7|17|6|15|12|8|6|17|9|2|8|4|2|8|15|3|15|5|8|8|7|7|8|8|7|10|13|3|4|7|2|3|4|2|1|1|2|2|1|3|1|2|6|0|3|1|2|1|0|0|0|1|0|1|0|0|0|1|1|0|0|0|1|0|0|1</HistCounts>
      </HistItem>
    </Histograms>
    <Metadata>
      <MDI key="RepresentationType">ATHEMATIC</MDI>
      <MDI key="STATISTICS_COVARIANCES">14440.89979341068</MDI>
      <MDI key="STATISTICS_MAXIMUM">434</MDI>
      <MDI key="STATISTICS_MEAN">155.54047366561</MDI>
      <MDI key="STATISTICS_MINIMUM">6</MDI>
      <MDI key="STATISTICS_SKIPFACTORX">1</MDI>
      <MDI key="STATISTICS_SKIPFACTORY">1</MDI>
      <MDI key="STATISTICS_STDDEV">120.17029497097</MDI>
    </Metadata>
  </PAMRasterBand>
</PAMDataset>
