<PAMDataset>
  <Metadata>
    <MDI key="DataType">Generic</MDI>
  </Metadata>
  <Metadata domain="Esri">
    <MDI key="PyramidResamplingType">NEAREST</MDI>
  </Metadata>
  <PAMRasterBand band="1">
    <Histograms>
      <HistItem>
        <HistMin>2</HistMin>
        <HistMax>193</HistMax>
        <BucketCount>256</BucketCount>
        <IncludeOutOfRange>1</IncludeOutOfRange>
        <Approximate>0</Approximate>
        <HistCounts>7|111|197|0|250|247|354|0|324|311|158|0|40|12|7|0|7|8|8|0|11|7|11|0|7|6|4|0|6|4|7|0|8|12|7|0|7|8|11|0|9|9|7|0|7|5|7|0|7|8|11|0|4|11|6|0|14|11|6|0|7|7|11|0|10|4|14|0|9|7|12|0|10|14|4|0|5|9|8|0|5|8|6|0|6|2|3|0|7|6|2|0|4|5|4|0|10|4|4|0|5|9|7|0|5|5|1|0|9|3|8|0|5|3|1|0|2|0|2|0|6|4|2|0|2|3|0|0|1|3|2|0|2|4|4|0|1|3|3|0|1|5|3|0|4|3|5|0|3|5|4|0|4|1|3|0|1|6|2|0|6|4|4|0|4|2|1|0|3|3|4|0|2|4|4|0|2|5|1|0|3|3|5|0|4|1|4|0|1|3|3|0|2|5|3|0|3|4|5|0|3|1|0|0|5|1|1|0|2|2|3|0|2|1|0|0|7|1|3|0|1|3|2|0|3|3|5|0|1|0|2|0|2|1|1|0|2|2|5|0|1|2|3|0|1|5|2|0|2|4|0|0|2|0|0|3</HistCounts>
      </HistItem>
    </Histograms>
    <Metadata>
      <MDI key="RepresentationType">ATHEMATIC</MDI>
      <MDI key="STATISTICS_COVARIANCES">1755.125344794747</MDI>
      <MDI key="STATISTICS_MAXIMUM">193</MDI>
      <MDI key="STATISTICS_MEAN">27.607635206787</MDI>
      <MDI key="STATISTICS_MINIMUM">2</MDI>
      <MDI key="STATISTICS_SKIPFACTORX">1</MDI>
      <MDI key="STATISTICS_SKIPFACTORY">1</MDI>
      <MDI key="STATISTICS_STDDEV">41.894216125794</MDI>
    </Metadata>
  </PAMRasterBand>
</PAMDataset>
