<PAMDataset>
  <Metadata>
    <MDI key="DataType">Generic</MDI>
  </Metadata>
  <Metadata domain="Esri">
    <MDI key="PyramidResamplingType">NEAREST</MDI>
  </Metadata>
  <PAMRasterBand band="1">
    <Histograms>
      <HistItem>
        <HistMin>1</HistMin>
        <HistMax>180</HistMax>
        <BucketCount>256</BucketCount>
        <IncludeOutOfRange>1</IncludeOutOfRange>
        <Approximate>0</Approximate>
        <HistCounts>640|423|351|0|333|183|0|24|16|6|0|7|20|0|7|11|0|10|10|15|0|6|7|0|7|11|0|4|5|15|0|13|9|0|5|20|0|8|15|12|0|7|5|0|10|12|0|7|9|2|0|8|7|0|9|7|7|0|8|9|0|12|5|0|6|6|5|0|5|5|0|6|9|0|8|4|4|0|6|6|0|4|6|0|6|9|3|0|7|8|0|8|3|0|7|5|3|0|7|7|0|6|6|6|0|3|5|0|6|3|0|3|7|2|0|3|4|0|1|3|0|1|3|8|0|4|1|0|2|3|0|5|2|4|0|4|4|0|1|1|0|2|5|4|0|5|5|0|2|5|0|4|1|4|0|4|4|0|8|7|8|0|5|7|0|5|6|0|6|5|2|0|7|8|0|7|6|0|3|2|4|0|5|6|0|4|3|0|3|1|2|0|2|3|0|3|4|0|3|0|4|0|0|3|0|1|4|2|0|4|2|0|0|1|0|2|1|1|0|3|3|0|2|3|0|5|3|1|0|3|5|0|2|3|0|1|2|4|0|2|1|0|0|1|0|2|0|3|0|1|2|0|0|0|0|1</HistCounts>
      </HistItem>
    </Histograms>
    <Metadata>
      <MDI key="RepresentationType">ATHEMATIC</MDI>
      <MDI key="STATISTICS_COVARIANCES">1616.702549818679</MDI>
      <MDI key="STATISTICS_MAXIMUM">180</MDI>
      <MDI key="STATISTICS_MEAN">23.02050194415</MDI>
      <MDI key="STATISTICS_MINIMUM">1</MDI>
      <MDI key="STATISTICS_SKIPFACTORX">1</MDI>
      <MDI key="STATISTICS_SKIPFACTORY">1</MDI>
      <MDI key="STATISTICS_STDDEV">40.208239824925</MDI>
    </Metadata>
  </PAMRasterBand>
</PAMDataset>
