<PAMDataset>
  <Metadata>
    <MDI key="DataType">Generic</MDI>
  </Metadata>
  <Metadata domain="Esri">
    <MDI key="PyramidResamplingType">NEAREST</MDI>
  </Metadata>
  <PAMRasterBand band="1">
    <Histograms>
      <HistItem>
        <HistMin>4</HistMin>
        <HistMax>246</HistMax>
        <BucketCount>256</BucketCount>
        <IncludeOutOfRange>1</IncludeOutOfRange>
        <Approximate>0</Approximate>
        <HistCounts>52|157|344|527|342|199|92|26|11|4|6|4|4|6|12|6|6|7|6|0|8|2|3|15|13|10|6|12|8|7|10|11|6|11|10|11|8|8|7|0|7|7|5|13|4|9|10|9|9|4|8|12|7|13|8|11|15|5|0|9|11|10|6|6|6|15|12|5|13|8|14|10|15|9|6|2|14|14|0|5|7|9|7|4|4|2|2|3|1|2|2|4|3|1|0|0|3|6|0|3|3|1|1|1|2|4|2|5|3|0|1|3|1|1|4|3|2|0|1|2|4|1|6|1|1|1|0|5|3|3|1|8|3|6|2|4|4|0|2|4|2|6|4|1|5|4|6|3|1|2|2|4|7|3|4|6|0|5|6|1|2|3|2|4|2|3|0|4|3|5|4|2|2|3|5|6|0|4|1|2|1|8|7|2|5|2|2|0|6|4|1|1|4|3|1|7|0|4|3|3|2|1|4|5|4|4|4|3|4|8|3|5|6|2|3|0|4|3|3|3|1|3|3|3|3|3|0|3|3|3|3|5|1|4|3|0|3|3|0|1|3|2|2|3|1|2|3|6|1|1|3|1|2|1|0|1</HistCounts>
      </HistItem>
    </Histograms>
    <Metadata>
      <MDI key="RepresentationType">ATHEMATIC</MDI>
      <MDI key="STATISTICS_COVARIANCES">3767.526367392075</MDI>
      <MDI key="STATISTICS_MAXIMUM">246</MDI>
      <MDI key="STATISTICS_MEAN">43.11806291976</MDI>
      <MDI key="STATISTICS_MINIMUM">4</MDI>
      <MDI key="STATISTICS_SKIPFACTORX">1</MDI>
      <MDI key="STATISTICS_SKIPFACTORY">1</MDI>
      <MDI key="STATISTICS_STDDEV">61.380178945585</MDI>
    </Metadata>
  </PAMRasterBand>
</PAMDataset>
