<PAMDataset>
  <Metadata>
    <MDI key="DataType">Generic</MDI>
  </Metadata>
  <Metadata domain="Esri">
    <MDI key="PyramidResamplingType">NEAREST</MDI>
  </Metadata>
  <PAMRasterBand band="1">
    <Histograms>
      <HistItem>
        <HistMin>2</HistMin>
        <HistMax>171</HistMax>
        <BucketCount>256</BucketCount>
        <IncludeOutOfRange>1</IncludeOutOfRange>
        <Approximate>0</Approximate>
        <HistCounts>24|102|0|170|288|0|479|236|0|182|242|0|16|18|0|19|13|0|24|23|0|18|13|0|11|13|0|8|9|0|12|13|0|13|12|0|7|20|0|9|5|0|17|12|0|5|11|0|14|6|0|6|12|0|11|10|0|12|9|0|10|5|0|6|10|0|10|6|0|6|15|0|7|11|0|7|14|0|9|13|0|11|12|0|13|0|11|6|0|8|10|0|9|17|0|10|14|0|13|10|0|9|11|0|7|10|0|12|13|0|13|16|0|14|16|0|15|11|0|16|8|0|16|6|0|8|13|0|7|16|0|8|13|0|9|15|0|10|14|0|9|15|0|11|5|0|3|5|0|4|3|0|5|8|0|5|4|0|1|0|0|0|0|0|5|1|0|1|1|0|0|0|2|1|0|0|0|0|1|1|0|2|0|0|1|0|0|0|3|0|3|0|0|1|3|0|3|0|0|0|2|0|2|0|0|0|4|0|0|0|0|0|0|0|0|1|0|0|1|0|1|1|0|0|0|0|0|0|0|1|1|0|0|0|0|0|0|0|0|1|0|0|2|0|0|0|0|1|0|0|0|0|0|0|0|1</HistCounts>
      </HistItem>
    </Histograms>
    <Metadata>
      <MDI key="RepresentationType">ATHEMATIC</MDI>
      <MDI key="STATISTICS_COVARIANCES">1032.815681242416</MDI>
      <MDI key="STATISTICS_MAXIMUM">171</MDI>
      <MDI key="STATISTICS_MEAN">26.309650053022</MDI>
      <MDI key="STATISTICS_MINIMUM">2</MDI>
      <MDI key="STATISTICS_SKIPFACTORX">1</MDI>
      <MDI key="STATISTICS_SKIPFACTORY">1</MDI>
      <MDI key="STATISTICS_STDDEV">32.137449824814</MDI>
    </Metadata>
  </PAMRasterBand>
</PAMDataset>
