<PAMDataset>
  <Metadata>
    <MDI key="DataType">Generic</MDI>
  </Metadata>
  <Metadata domain="Esri">
    <MDI key="PyramidResamplingType">NEAREST</MDI>
  </Metadata>
  <PAMRasterBand band="1">
    <Histograms>
      <HistItem>
        <HistMin>2</HistMin>
        <HistMax>154</HistMax>
        <BucketCount>256</BucketCount>
        <IncludeOutOfRange>1</IncludeOutOfRange>
        <Approximate>0</Approximate>
        <HistCounts>1|118|0|253|0|258|273|0|349|0|419|220|0|104|0|14|8|0|4|0|11|4|0|6|0|6|11|0|8|0|8|6|0|6|0|7|5|0|4|0|8|7|0|7|0|6|2|0|6|0|7|0|11|6|0|7|0|4|2|0|4|0|6|5|0|4|0|9|6|0|3|0|5|7|0|2|0|7|9|0|5|0|8|5|0|9|0|9|7|0|9|0|4|9|0|6|0|8|9|0|7|0|6|0|7|8|0|10|0|6|9|0|6|0|8|6|0|6|0|5|12|0|5|0|11|15|0|10|0|10|8|0|6|0|9|6|0|7|0|3|8|0|10|0|6|7|0|7|0|7|10|0|5|0|5|0|8|10|0|4|0|5|5|0|3|0|8|6|0|7|0|7|5|0|11|0|7|4|0|2|0|7|7|0|9|0|6|4|0|4|0|5|3|0|1|0|6|1|0|4|0|3|5|0|6|0|3|0|3|6|0|3|0|1|6|0|6|0|1|3|0|3|0|3|1|0|4|0|2|4|0|5|0|1|1|0|2|0|3|4|0|4|0|4|2|0|1|0|2|3|0|1|0|1|0|1</HistCounts>
      </HistItem>
    </Histograms>
    <Metadata>
      <MDI key="RepresentationType">ATHEMATIC</MDI>
      <MDI key="STATISTICS_COVARIANCES">1316.963757616483</MDI>
      <MDI key="STATISTICS_MAXIMUM">154</MDI>
      <MDI key="STATISTICS_MEAN">26.066454577589</MDI>
      <MDI key="STATISTICS_MINIMUM">2</MDI>
      <MDI key="STATISTICS_SKIPFACTORX">1</MDI>
      <MDI key="STATISTICS_SKIPFACTORY">1</MDI>
      <MDI key="STATISTICS_STDDEV">36.289995282674</MDI>
    </Metadata>
  </PAMRasterBand>
</PAMDataset>
