<PAMDataset>
  <Metadata>
    <MDI key="DataType">Generic</MDI>
  </Metadata>
  <Metadata domain="Esri">
    <MDI key="PyramidResamplingType">NEAREST</MDI>
  </Metadata>
  <PAMRasterBand band="1">
    <Histograms>
      <HistItem>
        <HistMin>3</HistMin>
        <HistMax>183</HistMax>
        <BucketCount>256</BucketCount>
        <IncludeOutOfRange>1</IncludeOutOfRange>
        <Approximate>0</Approximate>
        <HistCounts>6|52|150|0|185|196|0|165|126|139|0|38|24|0|26|13|0|7|12|11|0|11|9|0|12|8|10|0|13|7|0|9|14|0|10|11|11|0|14|17|0|4|13|16|0|8|15|0|10|6|0|9|14|12|0|8|6|0|17|15|12|0|19|5|0|13|15|0|15|9|14|0|15|11|0|14|17|18|0|11|20|0|16|16|0|15|9|17|0|17|11|0|20|25|15|0|15|12|0|13|21|0|11|18|18|0|15|14|0|15|15|16|0|13|11|0|20|13|0|11|13|13|0|17|12|0|14|14|9|0|15|11|0|14|16|0|7|12|16|0|14|17|0|9|11|19|0|11|12|0|8|12|0|14|13|14|0|13|12|0|9|11|18|0|17|14|0|14|11|0|13|13|11|0|11|10|0|6|11|11|0|6|11|0|7|10|0|11|6|10|0|6|6|0|8|8|11|0|5|5|0|7|3|0|6|5|5|0|6|1|0|5|4|3|0|3|2|0|3|3|0|2|0|0|0|5|1|0|1|1|0|0|1|1|0|3|4|0|2|1|6|0|4|2|0|3|0|0|0|2|1|0|0|0|0|2</HistCounts>
      </HistItem>
    </Histograms>
    <Metadata>
      <MDI key="RepresentationType">ATHEMATIC</MDI>
      <MDI key="STATISTICS_COVARIANCES">2247.845838939297</MDI>
      <MDI key="STATISTICS_MAXIMUM">183</MDI>
      <MDI key="STATISTICS_MEAN">52.934959349593</MDI>
      <MDI key="STATISTICS_MINIMUM">3</MDI>
      <MDI key="STATISTICS_SKIPFACTORX">1</MDI>
      <MDI key="STATISTICS_SKIPFACTORY">1</MDI>
      <MDI key="STATISTICS_STDDEV">47.411452613681</MDI>
    </Metadata>
  </PAMRasterBand>
</PAMDataset>
