<PAMDataset>
  <Metadata>
    <MDI key="DataType">Generic</MDI>
  </Metadata>
  <Metadata domain="Esri">
    <MDI key="PyramidResamplingType">NEAREST</MDI>
  </Metadata>
  <PAMRasterBand band="1">
    <Histograms>
      <HistItem>
        <HistMin>1</HistMin>
        <HistMax>98</HistMax>
        <BucketCount>256</BucketCount>
        <IncludeOutOfRange>1</IncludeOutOfRange>
        <Approximate>0</Approximate>
        <HistCounts>35|0|260|0|0|273|0|380|0|0|387|0|0|431|0|415|0|0|166|0|0|120|0|62|0|0|13|0|7|0|0|3|0|0|9|0|3|0|0|9|0|0|2|0|1|0|0|7|0|4|0|0|7|0|0|4|0|2|0|0|5|0|0|2|0|4|0|0|3|0|2|0|0|3|0|0|4|0|2|0|0|2|0|0|6|0|1|0|0|1|0|0|2|0|3|0|0|5|0|1|0|0|2|0|0|1|0|4|0|0|2|0|0|1|0|1|0|0|2|0|7|0|0|3|0|0|2|0|4|0|0|0|0|0|5|0|2|0|0|4|0|6|0|0|2|0|0|1|0|4|0|0|6|0|0|1|0|3|0|0|7|0|4|0|0|5|0|0|1|0|6|0|0|4|0|0|4|0|1|0|0|6|0|0|3|0|1|0|0|3|0|5|0|0|1|0|0|4|0|4|0|0|3|0|0|4|0|1|0|0|4|0|4|0|0|2|0|0|3|0|4|0|0|9|0|0|1|0|0|0|0|4|0|5|0|0|4|0|0|2|0|3|0|0|3|0|0|2|0|2|0|0|0|0|0|1</HistCounts>
      </HistItem>
    </Histograms>
    <Metadata>
      <MDI key="RepresentationType">ATHEMATIC</MDI>
      <MDI key="STATISTICS_COVARIANCES">272.0078295967763</MDI>
      <MDI key="STATISTICS_MAXIMUM">98</MDI>
      <MDI key="STATISTICS_MEAN">10.069989395546</MDI>
      <MDI key="STATISTICS_MINIMUM">1</MDI>
      <MDI key="STATISTICS_SKIPFACTORX">1</MDI>
      <MDI key="STATISTICS_SKIPFACTORY">1</MDI>
      <MDI key="STATISTICS_STDDEV">16.492659870281</MDI>
    </Metadata>
  </PAMRasterBand>
</PAMDataset>
