<PAMDataset>
  <Metadata>
    <MDI key="DataType">Generic</MDI>
  </Metadata>
  <Metadata domain="Esri">
    <MDI key="PyramidResamplingType">NEAREST</MDI>
  </Metadata>
  <PAMRasterBand band="1">
    <Histograms>
      <HistItem>
        <HistMin>1</HistMin>
        <HistMax>31</HistMax>
        <BucketCount>256</BucketCount>
        <IncludeOutOfRange>1</IncludeOutOfRange>
        <Approximate>0</Approximate>
        <HistCounts>47|0|0|0|0|0|0|0|389|0|0|0|0|0|0|0|0|350|0|0|0|0|0|0|0|493|0|0|0|0|0|0|0|0|716|0|0|0|0|0|0|0|483|0|0|0|0|0|0|0|0|232|0|0|0|0|0|0|0|50|0|0|0|0|0|0|0|0|7|0|0|0|0|0|0|0|5|0|0|0|0|0|0|0|0|2|0|0|0|0|0|0|0|7|0|0|0|0|0|0|0|0|5|0|0|0|0|0|0|0|2|0|0|0|0|0|0|0|0|8|0|0|0|0|0|0|0|4|0|0|0|0|0|0|0|0|3|0|0|0|0|0|0|0|5|0|0|0|0|0|0|0|0|2|0|0|0|0|0|0|0|3|0|0|0|0|0|0|0|0|1|0|0|0|0|0|0|0|1|0|0|0|0|0|0|0|0|3|0|0|0|0|0|0|0|3|0|0|0|0|0|0|0|0|2|0|0|0|0|0|0|0|0|0|0|0|0|0|0|0|0|1|0|0|0|0|0|0|0|1|0|0|0|0|0|0|0|0|1|0|0|0|0|0|0|0|0|0|0|0|0|0|0|0|0|3</HistCounts>
      </HistItem>
    </Histograms>
    <Metadata>
      <MDI key="RepresentationType">ATHEMATIC</MDI>
      <MDI key="STATISTICS_COVARIANCES">6.943654151811181</MDI>
      <MDI key="STATISTICS_MAXIMUM">31</MDI>
      <MDI key="STATISTICS_MEAN">4.7702368328031</MDI>
      <MDI key="STATISTICS_MINIMUM">1</MDI>
      <MDI key="STATISTICS_SKIPFACTORX">1</MDI>
      <MDI key="STATISTICS_SKIPFACTORY">1</MDI>
      <MDI key="STATISTICS_STDDEV">2.635081431723</MDI>
    </Metadata>
  </PAMRasterBand>
</PAMDataset>
