<PAMDataset>
  <Metadata>
    <MDI key="DataType">Generic</MDI>
  </Metadata>
  <Metadata domain="Esri">
    <MDI key="PyramidResamplingType">NEAREST</MDI>
  </Metadata>
  <PAMRasterBand band="1">
    <Histograms>
      <HistItem>
        <HistMin>2</HistMin>
        <HistMax>65</HistMax>
        <BucketCount>256</BucketCount>
        <IncludeOutOfRange>1</IncludeOutOfRange>
        <Approximate>0</Approximate>
        <HistCounts>159|0|0|0|186|0|0|0|327|0|0|0|402|0|0|0|469|0|0|0|662|0|0|0|364|0|0|0|100|0|0|0|4|0|0|0|6|0|0|0|9|0|0|0|8|0|0|0|8|0|0|0|10|0|0|0|8|0|0|0|7|0|0|0|3|0|0|0|6|0|0|0|7|0|0|0|6|0|0|0|8|0|0|0|0|4|0|0|0|1|0|0|0|4|0|0|0|2|0|0|0|8|0|0|0|1|0|0|0|3|0|0|0|3|0|0|0|4|0|0|0|1|0|0|0|0|0|0|0|2|0|0|0|1|0|0|0|2|0|0|0|1|0|0|0|2|0|0|0|1|0|0|0|1|0|0|0|0|0|0|0|1|0|0|0|2|0|0|0|0|0|0|0|0|1|0|0|0|2|0|0|0|0|0|0|0|0|0|0|0|2|0|0|0|2|0|0|0|1|0|0|0|2|0|0|0|2|0|0|0|3|0|0|0|2|0|0|0|2|0|0|0|0|0|0|0|0|0|0|0|1|0|0|0|0|0|0|0|1|0|0|0|2|0|0|0|2|0|0|0|0|0|0|0|0|1</HistCounts>
      </HistItem>
    </Histograms>
    <Metadata>
      <MDI key="RepresentationType">ATHEMATIC</MDI>
      <MDI key="STATISTICS_COVARIANCES">37.49161493183105</MDI>
      <MDI key="STATISTICS_MAXIMUM">65</MDI>
      <MDI key="STATISTICS_MEAN">6.9445033580771</MDI>
      <MDI key="STATISTICS_MINIMUM">2</MDI>
      <MDI key="STATISTICS_SKIPFACTORX">1</MDI>
      <MDI key="STATISTICS_SKIPFACTORY">1</MDI>
      <MDI key="STATISTICS_STDDEV">6.123039680733</MDI>
    </Metadata>
  </PAMRasterBand>
</PAMDataset>
