<PAMDataset>
  <Metadata>
    <MDI key="DataType">Generic</MDI>
  </Metadata>
  <Metadata domain="Esri">
    <MDI key="PyramidResamplingType">NEAREST</MDI>
  </Metadata>
  <PAMRasterBand band="1">
    <Histograms>
      <HistItem>
        <HistMin>5</HistMin>
        <HistMax>266</HistMax>
        <BucketCount>256</BucketCount>
        <IncludeOutOfRange>1</IncludeOutOfRange>
        <Approximate>0</Approximate>
        <HistCounts>156|284|242|209|174|191|145|91|11|7|13|16|12|13|10|9|12|15|9|13|9|8|4|14|11|15|16|10|7|12|13|11|7|17|10|13|11|7|16|6|11|12|19|10|5|8|11|6|5|14|10|13|11|11|10|5|9|12|8|7|5|6|11|4|13|8|12|5|8|11|7|12|7|4|8|6|10|8|6|7|12|4|9|14|8|21|10|8|7|9|11|7|4|7|7|6|8|9|8|4|3|6|6|7|6|8|10|5|4|6|5|5|7|4|8|5|7|6|8|10|7|8|9|8|4|7|4|12|9|6|13|7|11|8|8|7|8|7|4|1|3|2|1|1|1|4|4|3|2|3|2|3|5|1|9|2|5|0|1|2|3|8|4|3|3|3|1|4|3|4|6|4|3|5|0|3|1|1|2|6|0|2|4|0|5|1|4|2|4|2|4|1|1|0|1|1|0|0|2|1|0|0|2|2|2|1|1|0|1|1|1|0|1|2|2|0|0|0|0|1|1|0|0|1|1|0|0|0|0|0|0|0|1|0|0|0|0|0|0|0|0|0|0|0|0|0|0|0|0|0|0|0|0|0|0|1</HistCounts>
      </HistItem>
    </Histograms>
    <Metadata>
      <MDI key="RepresentationType">ATHEMATIC</MDI>
      <MDI key="STATISTICS_COVARIANCES">2851.235020896424</MDI>
      <MDI key="STATISTICS_MAXIMUM">266</MDI>
      <MDI key="STATISTICS_MEAN">46.399434429127</MDI>
      <MDI key="STATISTICS_MINIMUM">5</MDI>
      <MDI key="STATISTICS_SKIPFACTORX">1</MDI>
      <MDI key="STATISTICS_SKIPFACTORY">1</MDI>
      <MDI key="STATISTICS_STDDEV">53.396957037798</MDI>
    </Metadata>
  </PAMRasterBand>
</PAMDataset>
