<PAMDataset>
  <Metadata>
    <MDI key="DataType">Generic</MDI>
  </Metadata>
  <Metadata domain="Esri">
    <MDI key="PyramidResamplingType">NEAREST</MDI>
  </Metadata>
  <PAMRasterBand band="1">
    <Histograms>
      <HistItem>
        <HistMin>1</HistMin>
        <HistMax>32</HistMax>
        <BucketCount>256</BucketCount>
        <IncludeOutOfRange>1</IncludeOutOfRange>
        <Approximate>0</Approximate>
        <HistCounts>702|0|0|0|0|0|0|0|865|0|0|0|0|0|0|0|476|0|0|0|0|0|0|0|297|0|0|0|0|0|0|0|411|0|0|0|0|0|0|0|0|8|0|0|0|0|0|0|0|3|0|0|0|0|0|0|0|4|0|0|0|0|0|0|0|4|0|0|0|0|0|0|0|0|3|0|0|0|0|0|0|0|1|0|0|0|0|0|0|0|2|0|0|0|0|0|0|0|5|0|0|0|0|0|0|0|5|0|0|0|0|0|0|0|0|0|0|0|0|0|0|0|0|2|0|0|0|0|0|0|0|1|0|0|0|0|0|0|0|3|0|0|0|0|0|0|0|0|4|0|0|0|0|0|0|0|5|0|0|0|0|0|0|0|5|0|0|0|0|0|0|0|5|0|0|0|0|0|0|0|2|0|0|0|0|0|0|0|0|2|0|0|0|0|0|0|0|4|0|0|0|0|0|0|0|1|0|0|0|0|0|0|0|2|0|0|0|0|0|0|0|0|2|0|0|0|0|0|0|0|0|0|0|0|0|0|0|0|0|0|0|0|0|0|0|0|3|0|0|0|0|0|0|0|0|2</HistCounts>
      </HistItem>
    </Histograms>
    <Metadata>
      <MDI key="RepresentationType">ATHEMATIC</MDI>
      <MDI key="STATISTICS_COVARIANCES">8.88983742337269</MDI>
      <MDI key="STATISTICS_MAXIMUM">32</MDI>
      <MDI key="STATISTICS_MEAN">2.9766702014846</MDI>
      <MDI key="STATISTICS_MINIMUM">1</MDI>
      <MDI key="STATISTICS_SKIPFACTORX">1</MDI>
      <MDI key="STATISTICS_SKIPFACTORY">1</MDI>
      <MDI key="STATISTICS_STDDEV">2.9815830398251</MDI>
    </Metadata>
  </PAMRasterBand>
</PAMDataset>
