<PAMDataset>
  <Metadata>
    <MDI key="DataType">Generic</MDI>
  </Metadata>
  <Metadata domain="Esri">
    <MDI key="PyramidResamplingType">NEAREST</MDI>
  </Metadata>
  <PAMRasterBand band="1">
    <Histograms>
      <HistItem>
        <HistMin>1</HistMin>
        <HistMax>72</HistMax>
        <BucketCount>256</BucketCount>
        <IncludeOutOfRange>1</IncludeOutOfRange>
        <Approximate>0</Approximate>
        <HistCounts>140|0|0|332|0|0|0|335|0|0|675|0|0|0|431|0|0|252|0|0|0|142|0|0|0|117|0|0|122|0|0|0|77|0|0|17|0|0|0|5|0|0|0|1|0|0|2|0|0|0|2|0|0|2|0|0|0|1|0|0|0|3|0|0|5|0|0|0|2|0|0|3|0|0|0|1|0|0|0|2|0|0|3|0|0|0|3|0|0|1|0|0|0|5|0|0|4|0|0|0|2|0|0|0|5|0|0|4|0|0|0|2|0|0|3|0|0|0|5|0|0|0|1|0|0|4|0|0|0|3|0|0|3|0|0|0|6|0|0|0|4|0|0|4|0|0|0|4|0|0|4|0|0|0|3|0|0|0|2|0|0|2|0|0|0|7|0|0|3|0|0|0|4|0|0|2|0|0|0|2|0|0|0|4|0|0|3|0|0|0|1|0|0|4|0|0|0|4|0|0|0|3|0|0|7|0|0|0|1|0|0|3|0|0|0|0|0|0|0|9|0|0|2|0|0|0|5|0|0|0|0|0|0|4|0|0|0|3|0|0|2|0|0|0|5|0|0|3|0|0|0|1|0|0|0|1</HistCounts>
      </HistItem>
    </Histograms>
    <Metadata>
      <MDI key="RepresentationType">ATHEMATIC</MDI>
      <MDI key="STATISTICS_COVARIANCES">113.1454790078311</MDI>
      <MDI key="STATISTICS_MAXIMUM">72</MDI>
      <MDI key="STATISTICS_MEAN">7.1463414634146</MDI>
      <MDI key="STATISTICS_MINIMUM">1</MDI>
      <MDI key="STATISTICS_SKIPFACTORX">1</MDI>
      <MDI key="STATISTICS_SKIPFACTORY">1</MDI>
      <MDI key="STATISTICS_STDDEV">10.636986368696</MDI>
    </Metadata>
  </PAMRasterBand>
</PAMDataset>
