<PAMDataset>
  <Metadata>
    <MDI key="DataType">Generic</MDI>
  </Metadata>
  <Metadata domain="Esri">
    <MDI key="PyramidResamplingType">NEAREST</MDI>
  </Metadata>
  <PAMRasterBand band="1">
    <Histograms>
      <HistItem>
        <HistMin>1</HistMin>
        <HistMax>624</HistMax>
        <BucketCount>256</BucketCount>
        <IncludeOutOfRange>1</IncludeOutOfRange>
        <Approximate>0</Approximate>
        <HistCounts>595|809|171|95|56|23|39|18|22|34|26|30|22|48|25|39|24|23|20|11|18|12|14|11|20|8|5|13|7|10|6|13|13|10|10|9|20|7|18|8|16|10|17|15|10|14|13|17|13|15|14|20|11|10|11|9|11|10|9|8|9|8|4|9|3|7|1|3|3|3|1|3|2|4|5|1|2|0|1|0|2|2|1|0|0|1|0|2|0|0|2|1|3|1|1|1|1|1|1|0|1|0|0|1|1|0|1|0|0|1|2|1|2|1|0|1|1|3|2|0|0|1|2|1|1|2|0|1|0|1|1|0|1|0|0|1|0|1|3|2|0|0|1|0|2|6|1|2|2|0|1|1|0|1|0|0|0|2|0|3|3|2|1|0|1|1|1|1|3|1|2|0|0|0|1|1|0|1|0|0|2|1|1|1|1|0|0|4|0|2|0|1|1|0|0|0|1|1|1|0|0|1|0|0|0|0|1|1|2|0|1|1|1|1|0|0|0|0|0|0|1|0|0|2|1|0|1|0|1|0|1|0|1|0|0|0|3|1|0|1|0|2|1|1|0|1|1|0|0|0|1|0|0|1|0|1</HistCounts>
      </HistItem>
    </Histograms>
    <Metadata>
      <MDI key="RepresentationType">ATHEMATIC</MDI>
      <MDI key="STATISTICS_COVARIANCES">8706.722463543129</MDI>
      <MDI key="STATISTICS_MAXIMUM">624</MDI>
      <MDI key="STATISTICS_MEAN">47.860728172499</MDI>
      <MDI key="STATISTICS_MINIMUM">1</MDI>
      <MDI key="STATISTICS_SKIPFACTORX">1</MDI>
      <MDI key="STATISTICS_SKIPFACTORY">1</MDI>
      <MDI key="STATISTICS_STDDEV">93.309819759461</MDI>
    </Metadata>
  </PAMRasterBand>
</PAMDataset>
