<PAMDataset>
  <Metadata>
    <MDI key="DataType">Generic</MDI>
  </Metadata>
  <Metadata domain="Esri">
    <MDI key="PyramidResamplingType">NEAREST</MDI>
  </Metadata>
  <PAMRasterBand band="1">
    <Histograms>
      <HistItem>
        <HistMin>5</HistMin>
        <HistMax>274</HistMax>
        <BucketCount>256</BucketCount>
        <IncludeOutOfRange>1</IncludeOutOfRange>
        <Approximate>0</Approximate>
        <HistCounts>128|266|248|257|235|171|130|51|24|19|8|8|14|9|14|22|16|12|25|6|9|18|13|13|15|11|15|9|12|10|9|16|10|6|12|7|17|9|8|6|8|8|8|5|8|6|10|6|10|9|10|7|5|11|22|5|9|5|6|7|4|6|10|11|8|11|10|2|8|7|9|11|14|9|11|10|17|7|12|9|7|10|10|4|6|8|10|14|6|6|7|19|10|8|2|6|5|7|6|4|8|12|11|6|8|13|8|10|3|5|5|10|2|3|12|3|4|3|9|8|5|3|5|3|7|4|3|5|3|5|5|1|2|3|0|7|5|2|10|3|2|0|3|2|3|4|6|1|2|2|3|1|3|2|3|3|2|1|2|2|2|6|5|6|2|2|4|1|4|0|7|3|3|2|1|1|2|2|2|2|3|1|8|2|5|0|2|1|2|1|2|2|3|2|1|1|2|1|1|0|2|1|2|0|1|2|0|4|2|0|0|1|3|2|1|1|2|2|1|2|0|0|2|1|2|0|0|1|0|1|2|3|2|2|4|1|2|0|2|1|0|1|0|1|0|1|2|1|3|2|0|0|0|0|0|1</HistCounts>
      </HistItem>
    </Histograms>
    <Metadata>
      <MDI key="RepresentationType">ATHEMATIC</MDI>
      <MDI key="STATISTICS_COVARIANCES">3437.925796071502</MDI>
      <MDI key="STATISTICS_MAXIMUM">274</MDI>
      <MDI key="STATISTICS_MEAN">47.982679392011</MDI>
      <MDI key="STATISTICS_MINIMUM">5</MDI>
      <MDI key="STATISTICS_SKIPFACTORX">1</MDI>
      <MDI key="STATISTICS_SKIPFACTORY">1</MDI>
      <MDI key="STATISTICS_STDDEV">58.633828086451</MDI>
    </Metadata>
  </PAMRasterBand>
</PAMDataset>
