<PAMDataset>
  <Metadata>
    <MDI key="DataType">Generic</MDI>
  </Metadata>
  <Metadata domain="Esri">
    <MDI key="PyramidResamplingType">NEAREST</MDI>
  </Metadata>
  <PAMRasterBand band="1">
    <Histograms>
      <HistItem>
        <HistMin>1</HistMin>
        <HistMax>162</HistMax>
        <BucketCount>256</BucketCount>
        <IncludeOutOfRange>1</IncludeOutOfRange>
        <Approximate>0</Approximate>
        <HistCounts>706|492|0|388|331|0|175|36|0|14|0|6|4|0|3|8|0|13|0|9|9|0|10|12|0|13|11|0|7|0|7|6|0|12|8|0|5|0|4|9|0|2|12|0|13|4|0|9|0|11|2|0|4|7|0|9|0|11|5|0|5|10|0|4|4|0|5|0|10|10|0|5|7|0|4|0|3|9|0|3|0|0|4|4|0|4|0|6|5|0|5|4|0|4|0|3|0|0|3|4|0|2|3|0|2|0|4|2|0|2|8|0|1|0|1|1|0|4|2|0|4|3|0|7|0|2|3|0|4|1|0|6|0|3|5|0|9|6|0|6|10|0|4|0|4|5|0|6|7|0|11|0|3|5|0|8|9|0|3|2|0|4|0|7|6|0|0|4|0|3|0|5|4|0|5|3|0|4|3|0|4|0|2|2|0|5|3|0|1|0|1|2|0|2|3|0|1|3|0|3|0|2|3|0|0|2|0|2|0|3|0|0|1|2|0|4|2|0|0|0|3|5|0|5|5|0|1|0|4|1|0|4|2|0|1|3|0|2|0|2|0|0|2|2|0|1|0|0|1|0|3|0|0|0|0|1</HistCounts>
      </HistItem>
    </Histograms>
    <Metadata>
      <MDI key="RepresentationType">ATHEMATIC</MDI>
      <MDI key="STATISTICS_COVARIANCES">1165.701598867656</MDI>
      <MDI key="STATISTICS_MAXIMUM">162</MDI>
      <MDI key="STATISTICS_MEAN">17.885825379993</MDI>
      <MDI key="STATISTICS_MINIMUM">1</MDI>
      <MDI key="STATISTICS_SKIPFACTORX">1</MDI>
      <MDI key="STATISTICS_SKIPFACTORY">1</MDI>
      <MDI key="STATISTICS_STDDEV">34.142372484461</MDI>
    </Metadata>
  </PAMRasterBand>
</PAMDataset>
