<PAMDataset>
  <Metadata>
    <MDI key="DataType">Generic</MDI>
  </Metadata>
  <Metadata domain="Esri">
    <MDI key="PyramidResamplingType">NEAREST</MDI>
  </Metadata>
  <PAMRasterBand band="1">
    <Histograms>
      <HistItem>
        <HistMin>3</HistMin>
        <HistMax>128</HistMax>
        <BucketCount>256</BucketCount>
        <IncludeOutOfRange>1</IncludeOutOfRange>
        <Approximate>0</Approximate>
        <HistCounts>29|0|190|0|369|0|537|0|464|0|355|0|159|0|78|0|45|0|15|0|12|0|5|0|3|0|11|0|6|0|7|0|9|0|5|0|3|0|7|0|6|0|9|0|4|0|5|0|6|0|0|7|0|2|0|7|0|6|0|9|0|6|0|3|0|4|0|6|0|7|0|6|0|8|0|7|0|5|0|11|0|2|0|7|0|7|0|6|0|14|0|8|0|4|0|6|0|6|0|13|0|0|13|0|12|0|7|0|14|0|16|0|6|0|8|0|14|0|8|0|7|0|13|0|8|0|8|0|7|0|9|0|12|0|10|0|19|0|9|0|9|0|13|0|8|0|5|0|4|0|4|0|0|2|0|3|0|2|0|2|0|1|0|1|0|0|0|1|0|6|0|1|0|2|0|3|0|2|0|0|0|2|0|2|0|4|0|4|0|2|0|1|0|2|0|0|0|1|0|1|0|4|0|0|1|0|1|0|0|0|1|0|2|0|4|0|1|0|3|0|5|0|4|0|3|0|0|0|2|0|2|0|0|0|1|0|0|0|0|0|0|0|0|0|0|0|0|0|0|0|0|0|0|0|0|1</HistCounts>
      </HistItem>
    </Histograms>
    <Metadata>
      <MDI key="RepresentationType">ATHEMATIC</MDI>
      <MDI key="STATISTICS_COVARIANCES">510.4991595432833</MDI>
      <MDI key="STATISTICS_MAXIMUM">128</MDI>
      <MDI key="STATISTICS_MEAN">16.63768115942</MDI>
      <MDI key="STATISTICS_MINIMUM">3</MDI>
      <MDI key="STATISTICS_SKIPFACTORX">1</MDI>
      <MDI key="STATISTICS_SKIPFACTORY">1</MDI>
      <MDI key="STATISTICS_STDDEV">22.594228456473</MDI>
    </Metadata>
  </PAMRasterBand>
</PAMDataset>
