<PAMDataset>
  <Metadata>
    <MDI key="DataType">Generic</MDI>
  </Metadata>
  <Metadata domain="Esri">
    <MDI key="PyramidResamplingType">NEAREST</MDI>
  </Metadata>
  <PAMRasterBand band="1">
    <Histograms>
      <HistItem>
        <HistMin>1</HistMin>
        <HistMax>31</HistMax>
        <BucketCount>256</BucketCount>
        <IncludeOutOfRange>1</IncludeOutOfRange>
        <Approximate>0</Approximate>
        <HistCounts>23|0|0|0|0|0|0|0|416|0|0|0|0|0|0|0|0|469|0|0|0|0|0|0|0|479|0|0|0|0|0|0|0|0|674|0|0|0|0|0|0|0|392|0|0|0|0|0|0|0|0|199|0|0|0|0|0|0|0|48|0|0|0|0|0|0|0|0|8|0|0|0|0|0|0|0|5|0|0|0|0|0|0|0|0|7|0|0|0|0|0|0|0|6|0|0|0|0|0|0|0|0|4|0|0|0|0|0|0|0|6|0|0|0|0|0|0|0|0|6|0|0|0|0|0|0|0|11|0|0|0|0|0|0|0|0|6|0|0|0|0|0|0|0|14|0|0|0|0|0|0|0|0|5|0|0|0|0|0|0|0|7|0|0|0|0|0|0|0|0|5|0|0|0|0|0|0|0|4|0|0|0|0|0|0|0|0|9|0|0|0|0|0|0|0|4|0|0|0|0|0|0|0|0|4|0|0|0|0|0|0|0|5|0|0|0|0|0|0|0|0|4|0|0|0|0|0|0|0|1|0|0|0|0|0|0|0|0|3|0|0|0|0|0|0|0|3|0|0|0|0|0|0|0|0|2</HistCounts>
      </HistItem>
    </Histograms>
    <Metadata>
      <MDI key="RepresentationType">ATHEMATIC</MDI>
      <MDI key="STATISTICS_COVARIANCES">12.50392604780854</MDI>
      <MDI key="STATISTICS_MAXIMUM">31</MDI>
      <MDI key="STATISTICS_MEAN">4.9628844114528</MDI>
      <MDI key="STATISTICS_MINIMUM">1</MDI>
      <MDI key="STATISTICS_SKIPFACTORX">1</MDI>
      <MDI key="STATISTICS_SKIPFACTORY">1</MDI>
      <MDI key="STATISTICS_STDDEV">3.5360890893484</MDI>
    </Metadata>
  </PAMRasterBand>
</PAMDataset>
