<PAMDataset>
  <Metadata>
    <MDI key="DataType">Generic</MDI>
  </Metadata>
  <Metadata domain="Esri">
    <MDI key="PyramidResamplingType">NEAREST</MDI>
  </Metadata>
  <PAMRasterBand band="1">
    <Histograms>
      <HistItem>
        <HistMin>1</HistMin>
        <HistMax>66</HistMax>
        <BucketCount>256</BucketCount>
        <IncludeOutOfRange>1</IncludeOutOfRange>
        <Approximate>0</Approximate>
        <HistCounts>100|0|0|321|0|0|0|621|0|0|0|557|0|0|0|489|0|0|0|325|0|0|0|229|0|0|0|52|0|0|0|4|0|0|0|5|0|0|0|4|0|0|0|2|0|0|0|5|0|0|0|2|0|0|4|0|0|0|3|0|0|0|5|0|0|0|5|0|0|0|2|0|0|0|2|0|0|0|5|0|0|0|2|0|0|0|3|0|0|0|6|0|0|0|2|0|0|0|3|0|0|0|2|0|0|4|0|0|0|5|0|0|0|1|0|0|0|3|0|0|0|1|0|0|0|1|0|0|0|2|0|0|0|1|0|0|0|5|0|0|0|1|0|0|0|2|0|0|0|3|0|0|0|2|0|0|0|0|0|0|4|0|0|0|3|0|0|0|0|0|0|0|4|0|0|0|4|0|0|0|2|0|0|0|2|0|0|0|1|0|0|0|1|0|0|0|0|0|0|0|1|0|0|0|1|0|0|0|0|0|0|1|0|0|0|0|0|0|0|2|0|0|0|0|0|0|0|0|0|0|0|4|0|0|0|2|0|0|0|1|0|0|0|0|0|0|0|0|0|0|0|4|0|0|0|1</HistCounts>
      </HistItem>
    </Histograms>
    <Metadata>
      <MDI key="RepresentationType">ATHEMATIC</MDI>
      <MDI key="STATISTICS_COVARIANCES">46.95666723163754</MDI>
      <MDI key="STATISTICS_MAXIMUM">66</MDI>
      <MDI key="STATISTICS_MEAN">5.4475079533404</MDI>
      <MDI key="STATISTICS_MINIMUM">1</MDI>
      <MDI key="STATISTICS_SKIPFACTORX">1</MDI>
      <MDI key="STATISTICS_SKIPFACTORY">1</MDI>
      <MDI key="STATISTICS_STDDEV">6.8524935046768</MDI>
    </Metadata>
  </PAMRasterBand>
</PAMDataset>
