<PAMDataset>
  <Metadata>
    <MDI key="DataType">Generic</MDI>
  </Metadata>
  <Metadata domain="Esri">
    <MDI key="PyramidResamplingType">NEAREST</MDI>
  </Metadata>
  <PAMRasterBand band="1">
    <Histograms>
      <HistItem>
        <HistMin>3</HistMin>
        <HistMax>159</HistMax>
        <BucketCount>256</BucketCount>
        <IncludeOutOfRange>1</IncludeOutOfRange>
        <Approximate>0</Approximate>
        <HistCounts>181|641|0|624|632|0|115|0|22|10|0|12|0|18|22|0|12|13|0|17|0|16|7|0|21|0|6|17|0|10|0|15|17|0|17|17|0|14|0|14|1|0|8|0|19|11|0|12|0|11|10|0|11|11|0|12|0|9|9|0|9|0|12|8|0|8|0|7|3|0|4|8|0|8|0|7|7|0|9|0|4|1|0|4|0|4|5|0|3|3|0|5|0|2|3|0|4|0|4|4|0|6|3|0|3|0|5|6|0|3|0|0|2|0|1|0|1|2|0|2|0|0|1|0|0|2|0|1|0|4|1|0|1|0|0|1|0|1|0|0|1|0|0|0|0|0|0|0|0|0|2|0|1|1|0|1|4|0|1|0|1|1|0|1|0|0|0|0|1|0|0|2|0|0|0|0|0|0|1|1|0|1|0|3|0|0|0|1|0|0|0|0|2|0|0|0|0|0|0|2|0|0|0|0|0|0|0|0|0|0|1|0|0|0|0|0|0|0|0|0|0|0|0|0|0|0|0|0|0|0|0|0|0|0|0|0|0|0|1|0|0|1|0|0|0|0|0|0|0|0|0|1|0|0|0|1</HistCounts>
      </HistItem>
    </Histograms>
    <Metadata>
      <MDI key="RepresentationType">ATHEMATIC</MDI>
      <MDI key="STATISTICS_COVARIANCES">321.3577895738367</MDI>
      <MDI key="STATISTICS_MAXIMUM">159</MDI>
      <MDI key="STATISTICS_MEAN">12.007776599505</MDI>
      <MDI key="STATISTICS_MINIMUM">3</MDI>
      <MDI key="STATISTICS_SKIPFACTORX">1</MDI>
      <MDI key="STATISTICS_SKIPFACTORY">1</MDI>
      <MDI key="STATISTICS_STDDEV">17.926455019714</MDI>
    </Metadata>
  </PAMRasterBand>
</PAMDataset>
