<PAMDataset>
  <Metadata>
    <MDI key="DataType">Generic</MDI>
  </Metadata>
  <Metadata domain="Esri">
    <MDI key="PyramidResamplingType">NEAREST</MDI>
  </Metadata>
  <PAMRasterBand band="1">
    <Histograms>
      <HistItem>
        <HistMin>3</HistMin>
        <HistMax>210</HistMax>
        <BucketCount>256</BucketCount>
        <IncludeOutOfRange>1</IncludeOutOfRange>
        <Approximate>0</Approximate>
        <HistCounts>71|104|185|205|234|0|264|300|225|175|0|122|51|14|8|0|6|8|11|5|4|0|6|9|3|4|0|4|8|12|7|0|5|11|9|8|4|0|6|4|4|8|0|8|6|12|5|0|7|10|9|9|8|0|9|14|6|8|0|12|7|11|5|0|4|10|8|10|8|0|8|6|12|12|0|9|6|9|9|0|11|13|9|8|0|8|8|12|6|6|0|2|8|9|8|0|6|4|10|4|0|4|8|6|5|8|0|5|6|4|5|0|9|6|4|3|0|1|1|3|4|7|0|6|5|3|4|0|1|4|4|1|0|7|4|6|3|3|0|2|2|9|3|0|4|4|4|3|0|1|8|1|4|3|0|2|4|2|3|0|1|5|3|4|0|1|4|0|2|0|5|3|1|2|1|0|3|2|2|4|0|2|2|2|3|0|4|6|3|2|2|0|1|2|2|4|0|1|4|0|2|0|1|0|2|3|3|0|2|4|3|2|0|2|3|1|5|0|4|5|5|1|0|0|2|0|0|1|0|1|0|0|0|0|0|0|0|0|0|0|0|0|0|0|0|0|0|0|0|0|0|1|0|0|0|1</HistCounts>
      </HistItem>
    </Histograms>
    <Metadata>
      <MDI key="RepresentationType">ATHEMATIC</MDI>
      <MDI key="STATISTICS_COVARIANCES">1741.46759941863</MDI>
      <MDI key="STATISTICS_MAXIMUM">210</MDI>
      <MDI key="STATISTICS_MEAN">30.450689289502</MDI>
      <MDI key="STATISTICS_MINIMUM">3</MDI>
      <MDI key="STATISTICS_SKIPFACTORX">1</MDI>
      <MDI key="STATISTICS_SKIPFACTORY">1</MDI>
      <MDI key="STATISTICS_STDDEV">41.730895022976</MDI>
    </Metadata>
  </PAMRasterBand>
</PAMDataset>
