<PAMDataset>
  <Metadata>
    <MDI key="DataType">Generic</MDI>
  </Metadata>
  <Metadata domain="Esri">
    <MDI key="PyramidResamplingType">NEAREST</MDI>
  </Metadata>
  <PAMRasterBand band="1">
    <Histograms>
      <HistItem>
        <HistMin>0</HistMin>
        <HistMax>48</HistMax>
        <BucketCount>256</BucketCount>
        <IncludeOutOfRange>1</IncludeOutOfRange>
        <Approximate>0</Approximate>
        <HistCounts>52|0|0|0|0|1319|0|0|0|0|372|0|0|0|0|331|0|0|0|0|0|317|0|0|0|0|277|0|0|0|0|48|0|0|0|0|0|16|0|0|0|0|7|0|0|0|0|10|0|0|0|0|0|10|0|0|0|0|12|0|0|0|0|10|0|0|0|0|0|4|0|0|0|0|7|0|0|0|0|6|0|0|0|0|0|1|0|0|0|0|4|0|0|0|0|3|0|0|0|0|7|0|0|0|0|0|0|0|0|0|0|3|0|0|0|0|3|0|0|0|0|0|1|0|0|0|0|1|0|0|0|0|2|0|0|0|0|0|0|0|0|0|0|0|0|0|0|0|1|0|0|0|0|0|1|0|0|0|0|0|0|0|0|0|0|0|0|0|0|0|0|0|0|0|0|1|0|0|0|0|1|0|0|0|0|0|0|0|0|0|0|0|0|0|0|0|0|0|0|0|0|0|0|0|0|0|0|0|0|0|0|0|0|0|0|0|0|0|0|0|0|0|0|0|0|0|0|0|0|0|0|0|0|1|0|0|0|0|0|0|0|0|0|0|0|0|0|0|0|0|0|0|0|0|0|1</HistCounts>
      </HistItem>
    </Histograms>
    <Metadata>
      <MDI key="RepresentationType">ATHEMATIC</MDI>
      <MDI key="STATISTICS_COVARIANCES">9.473565361383884</MDI>
      <MDI key="STATISTICS_MAXIMUM">48</MDI>
      <MDI key="STATISTICS_MEAN">2.6723223753977</MDI>
      <MDI key="STATISTICS_MINIMUM">0</MDI>
      <MDI key="STATISTICS_SKIPFACTORX">1</MDI>
      <MDI key="STATISTICS_SKIPFACTORY">1</MDI>
      <MDI key="STATISTICS_STDDEV">3.0779157495591</MDI>
    </Metadata>
  </PAMRasterBand>
</PAMDataset>
