<PAMDataset>
  <Metadata>
    <MDI key="DataType">Generic</MDI>
  </Metadata>
  <Metadata domain="Esri">
    <MDI key="PyramidResamplingType">NEAREST</MDI>
  </Metadata>
  <PAMRasterBand band="1">
    <Histograms>
      <HistItem>
        <HistMin>1</HistMin>
        <HistMax>87</HistMax>
        <BucketCount>256</BucketCount>
        <IncludeOutOfRange>1</IncludeOutOfRange>
        <Approximate>0</Approximate>
        <HistCounts>75|0|274|0|0|436|0|0|469|0|0|384|0|0|337|0|0|190|0|0|184|0|0|116|0|0|53|0|0|14|0|0|7|0|0|4|0|0|5|0|0|5|0|0|6|0|0|4|0|0|3|0|0|6|0|0|3|0|0|5|0|0|7|0|0|5|0|0|7|0|0|3|0|0|5|0|0|6|0|0|5|0|0|3|0|9|0|0|6|0|0|1|0|0|10|0|0|2|0|0|5|0|0|7|0|0|3|0|0|3|0|0|6|0|0|5|0|0|5|0|0|5|0|0|4|0|0|8|0|0|2|0|0|0|0|0|4|0|0|4|0|0|5|0|0|3|0|0|7|0|0|4|0|0|6|0|0|6|0|0|3|0|0|10|0|0|5|0|0|6|0|9|0|0|2|0|0|2|0|0|6|0|0|2|0|0|8|0|0|4|0|0|2|0|0|4|0|0|2|0|0|4|0|0|0|0|0|2|0|0|4|0|0|3|0|0|1|0|0|2|0|0|0|0|0|1|0|0|2|0|0|0|0|0|0|0|0|0|0|0|0|0|0|0|0|0|0|0|0|2|0|0|1|0|0|1</HistCounts>
      </HistItem>
    </Histograms>
    <Metadata>
      <MDI key="RepresentationType">ATHEMATIC</MDI>
      <MDI key="STATISTICS_COVARIANCES">169.090049612445</MDI>
      <MDI key="STATISTICS_MAXIMUM">87</MDI>
      <MDI key="STATISTICS_MEAN">8.7426652527395</MDI>
      <MDI key="STATISTICS_MINIMUM">1</MDI>
      <MDI key="STATISTICS_SKIPFACTORX">1</MDI>
      <MDI key="STATISTICS_SKIPFACTORY">1</MDI>
      <MDI key="STATISTICS_STDDEV">13.003462985391</MDI>
    </Metadata>
  </PAMRasterBand>
</PAMDataset>
