<PAMDataset>
  <Metadata>
    <MDI key="DataType">Generic</MDI>
  </Metadata>
  <Metadata domain="Esri">
    <MDI key="PyramidResamplingType">NEAREST</MDI>
  </Metadata>
  <PAMRasterBand band="1">
    <Histograms>
      <HistItem>
        <HistMin>1</HistMin>
        <HistMax>108</HistMax>
        <BucketCount>256</BucketCount>
        <IncludeOutOfRange>1</IncludeOutOfRange>
        <Approximate>0</Approximate>
        <HistCounts>789|0|549|0|368|0|0|304|0|185|0|96|0|0|58|0|53|0|0|36|0|25|0|19|0|0|9|0|4|0|5|0|0|3|0|3|0|0|6|0|8|0|7|0|0|3|0|6|0|0|4|0|6|0|7|0|0|2|0|8|0|4|0|0|2|0|6|0|0|3|0|3|0|3|0|0|6|0|4|0|0|3|0|6|0|6|0|0|3|0|2|0|5|0|0|2|0|4|0|0|0|0|6|0|6|0|0|8|0|2|0|0|4|0|6|0|5|0|0|2|0|3|0|3|0|0|5|0|3|0|0|3|0|2|0|1|0|0|2|0|3|0|5|0|0|3|0|4|0|0|1|0|4|0|2|0|0|2|0|3|0|0|4|0|5|0|2|0|0|4|0|2|0|5|0|0|3|0|3|0|0|3|0|5|0|5|0|0|5|0|1|0|0|7|0|1|0|5|0|0|5|0|4|0|2|0|0|6|0|5|0|0|2|0|5|0|3|0|0|2|0|6|0|0|2|0|1|0|2|0|0|0|0|4|0|2|0|0|2|0|1|0|0|1|0|0|0|0|0|0|0|0|0|0|0|1</HistCounts>
      </HistItem>
    </Histograms>
    <Metadata>
      <MDI key="RepresentationType">ATHEMATIC</MDI>
      <MDI key="STATISTICS_COVARIANCES">354.7590669080542</MDI>
      <MDI key="STATISTICS_MAXIMUM">108</MDI>
      <MDI key="STATISTICS_MEAN">9.0219158713326</MDI>
      <MDI key="STATISTICS_MINIMUM">1</MDI>
      <MDI key="STATISTICS_SKIPFACTORX">1</MDI>
      <MDI key="STATISTICS_SKIPFACTORY">1</MDI>
      <MDI key="STATISTICS_STDDEV">18.835048895823</MDI>
    </Metadata>
  </PAMRasterBand>
</PAMDataset>
