<PAMDataset>
  <Metadata>
    <MDI key="DataType">Generic</MDI>
  </Metadata>
  <Metadata domain="Esri">
    <MDI key="PyramidResamplingType">NEAREST</MDI>
  </Metadata>
  <PAMRasterBand band="1">
    <Histograms>
      <HistItem>
        <HistMin>1</HistMin>
        <HistMax>75</HistMax>
        <BucketCount>256</BucketCount>
        <IncludeOutOfRange>1</IncludeOutOfRange>
        <Approximate>0</Approximate>
        <HistCounts>150|0|0|364|0|0|386|0|0|0|505|0|0|437|0|0|0|419|0|0|130|0|0|0|138|0|0|110|0|0|0|26|0|0|7|0|0|4|0|0|0|5|0|0|2|0|0|0|9|0|0|3|0|0|0|8|0|0|5|0|0|0|5|0|0|1|0|0|3|0|0|0|5|0|0|2|0|0|0|3|0|0|7|0|0|0|4|0|0|5|0|0|0|2|0|0|10|0|0|2|0|0|0|3|0|0|4|0|0|0|6|0|0|5|0|0|0|6|0|0|3|0|0|0|3|0|0|4|0|0|2|0|0|0|4|0|0|2|0|0|0|6|0|0|3|0|0|0|0|0|0|3|0|0|0|2|0|0|4|0|0|2|0|0|0|2|0|0|2|0|0|0|0|0|0|0|0|0|0|2|0|0|1|0|0|0|1|0|0|0|0|0|0|0|0|0|0|0|0|0|0|0|0|0|0|0|0|0|0|0|0|0|0|0|0|0|0|0|0|0|0|0|0|0|0|0|0|0|0|0|0|0|0|0|0|0|0|0|0|0|0|1|0|0|0|0|0|0|0|0|0|0|0|0|0|1</HistCounts>
      </HistItem>
    </Histograms>
    <Metadata>
      <MDI key="RepresentationType">ATHEMATIC</MDI>
      <MDI key="STATISTICS_COVARIANCES">46.5727855015467</MDI>
      <MDI key="STATISTICS_MAXIMUM">75</MDI>
      <MDI key="STATISTICS_MEAN">5.9430894308943</MDI>
      <MDI key="STATISTICS_MINIMUM">1</MDI>
      <MDI key="STATISTICS_SKIPFACTORX">1</MDI>
      <MDI key="STATISTICS_SKIPFACTORY">1</MDI>
      <MDI key="STATISTICS_STDDEV">6.8244256536024</MDI>
    </Metadata>
  </PAMRasterBand>
</PAMDataset>
