<PAMDataset>
  <Metadata>
    <MDI key="DataType">Generic</MDI>
  </Metadata>
  <Metadata domain="Esri">
    <MDI key="PyramidResamplingType">NEAREST</MDI>
  </Metadata>
  <PAMRasterBand band="1">
    <Histograms>
      <HistItem>
        <HistMin>1</HistMin>
        <HistMax>81</HistMax>
        <BucketCount>256</BucketCount>
        <IncludeOutOfRange>1</IncludeOutOfRange>
        <Approximate>0</Approximate>
        <HistCounts>17|0|0|563|0|0|549|0|0|555|0|0|320|0|0|229|0|0|0|153|0|0|106|0|0|76|0|0|43|0|0|10|0|0|0|9|0|0|9|0|0|5|0|0|6|0|0|7|0|0|0|7|0|0|6|0|0|5|0|0|7|0|0|5|0|0|2|0|0|0|6|0|0|4|0|0|4|0|0|2|0|0|2|0|0|0|6|0|0|4|0|0|1|0|0|2|0|0|6|0|0|0|7|0|0|8|0|0|1|0|0|3|0|0|6|0|0|2|0|0|0|5|0|0|2|0|0|7|0|0|3|0|0|4|0|0|0|1|0|0|1|0|0|5|0|0|1|0|0|5|0|0|0|1|0|0|2|0|0|3|0|0|2|0|0|1|0|0|2|0|0|0|1|0|0|1|0|0|1|0|0|1|0|0|1|0|0|0|0|0|0|2|0|0|0|0|0|0|0|0|2|0|0|0|1|0|0|2|0|0|0|0|0|0|0|0|1|0|0|3|0|0|0|1|0|0|0|0|0|2|0|0|0|0|0|1|0|0|0|2|0|0|2|0|0|0|0|0|0|0|0|3|0|0|0|4</HistCounts>
      </HistItem>
    </Histograms>
    <Metadata>
      <MDI key="RepresentationType">ATHEMATIC</MDI>
      <MDI key="STATISTICS_COVARIANCES">93.89577186774865</MDI>
      <MDI key="STATISTICS_MAXIMUM">81</MDI>
      <MDI key="STATISTICS_MEAN">6.5015906680806</MDI>
      <MDI key="STATISTICS_MINIMUM">1</MDI>
      <MDI key="STATISTICS_SKIPFACTORX">1</MDI>
      <MDI key="STATISTICS_SKIPFACTORY">1</MDI>
      <MDI key="STATISTICS_STDDEV">9.6899830684965</MDI>
    </Metadata>
  </PAMRasterBand>
</PAMDataset>
