<PAMDataset>
  <Metadata>
    <MDI key="DataType">Generic</MDI>
  </Metadata>
  <Metadata domain="Esri">
    <MDI key="PyramidResamplingType">NEAREST</MDI>
  </Metadata>
  <PAMRasterBand band="1">
    <Histograms>
      <HistItem>
        <HistMin>1</HistMin>
        <HistMax>105</HistMax>
        <BucketCount>256</BucketCount>
        <IncludeOutOfRange>1</IncludeOutOfRange>
        <Approximate>0</Approximate>
        <HistCounts>16|0|144|0|575|0|0|619|0|640|0|0|318|0|42|0|0|17|0|14|0|0|17|0|14|0|14|0|0|16|0|8|0|0|12|0|8|0|0|17|0|13|0|0|21|0|9|0|0|13|0|19|0|12|0|0|15|0|12|0|0|8|0|9|0|0|5|0|4|0|0|7|0|8|0|0|8|0|6|0|6|0|0|6|0|6|0|0|7|0|5|0|0|6|0|6|0|0|7|0|3|0|7|0|0|5|0|6|0|0|6|0|7|0|0|4|0|3|0|0|1|0|2|0|0|4|0|3|0|2|0|0|4|0|4|0|0|1|0|4|0|0|3|0|4|0|0|2|0|4|0|0|7|0|4|0|2|0|0|1|0|1|0|0|5|0|2|0|0|4|0|1|0|0|0|0|0|0|0|0|0|3|0|1|0|0|1|0|0|0|0|1|0|0|0|0|0|0|1|0|0|0|0|0|0|0|0|0|1|0|0|0|0|0|0|0|0|0|1|0|0|0|0|0|0|0|0|0|0|0|2|0|0|0|0|0|0|0|0|0|0|0|1|0|0|0|0|0|0|0|0|0|1|0|0|1</HistCounts>
      </HistItem>
    </Histograms>
    <Metadata>
      <MDI key="RepresentationType">ATHEMATIC</MDI>
      <MDI key="STATISTICS_COVARIANCES">161.6033764261145</MDI>
      <MDI key="STATISTICS_MAXIMUM">105</MDI>
      <MDI key="STATISTICS_MEAN">8.6560622127961</MDI>
      <MDI key="STATISTICS_MINIMUM">1</MDI>
      <MDI key="STATISTICS_SKIPFACTORX">1</MDI>
      <MDI key="STATISTICS_SKIPFACTORY">1</MDI>
      <MDI key="STATISTICS_STDDEV">12.712331667563</MDI>
    </Metadata>
  </PAMRasterBand>
</PAMDataset>
