<PAMDataset>
  <Metadata>
    <MDI key="DataType">Generic</MDI>
  </Metadata>
  <Metadata domain="Esri">
    <MDI key="PyramidResamplingType">NEAREST</MDI>
  </Metadata>
  <PAMRasterBand band="1">
    <Histograms>
      <HistItem>
        <HistMin>1</HistMin>
        <HistMax>200</HistMax>
        <BucketCount>256</BucketCount>
        <IncludeOutOfRange>1</IncludeOutOfRange>
        <Approximate>0</Approximate>
        <HistCounts>354|531|398|256|0|195|211|160|105|0|83|48|32|0|27|9|10|5|0|6|5|5|0|8|7|2|5|0|6|7|2|0|5|5|4|2|0|3|3|3|0|2|0|3|3|0|3|6|1|1|0|2|5|2|0|3|3|2|3|0|3|4|4|0|1|2|1|2|0|5|1|8|0|4|4|3|4|0|3|3|4|0|4|2|2|4|0|2|5|3|1|0|3|4|4|0|3|2|3|1|0|0|3|5|0|4|5|5|2|0|4|4|3|0|4|2|2|1|0|0|5|1|0|3|7|1|3|0|5|2|1|2|0|5|3|2|0|3|3|2|3|0|2|2|1|0|5|3|4|2|0|1|1|5|0|2|3|2|2|0|1|2|2|0|4|1|4|2|0|1|3|1|3|0|3|1|0|0|0|2|0|2|0|3|0|1|0|0|0|1|0|0|0|0|2|0|1|1|1|1|0|1|1|0|0|0|0|0|1|0|1|1|0|0|0|0|0|1|0|0|1|1|1|0|0|0|2|0|0|0|1|1|0|0|0|1|0|0|0|0|0|0|0|0|0|0|0|1|0|0|0|0|0|0|0|1</HistCounts>
      </HistItem>
    </Histograms>
    <Metadata>
      <MDI key="RepresentationType">ATHEMATIC</MDI>
      <MDI key="STATISTICS_COVARIANCES">928.5748236465859</MDI>
      <MDI key="STATISTICS_MAXIMUM">200</MDI>
      <MDI key="STATISTICS_MEAN">14.691410392365</MDI>
      <MDI key="STATISTICS_MINIMUM">1</MDI>
      <MDI key="STATISTICS_SKIPFACTORX">1</MDI>
      <MDI key="STATISTICS_SKIPFACTORY">1</MDI>
      <MDI key="STATISTICS_STDDEV">30.472525718204</MDI>
    </Metadata>
  </PAMRasterBand>
</PAMDataset>
