<PAMDataset>
  <Metadata>
    <MDI key="DataType">Generic</MDI>
  </Metadata>
  <Metadata domain="Esri">
    <MDI key="PyramidResamplingType">NEAREST</MDI>
  </Metadata>
  <PAMRasterBand band="1">
    <Histograms>
      <HistItem>
        <HistMin>6</HistMin>
        <HistMax>349</HistMax>
        <BucketCount>256</BucketCount>
        <IncludeOutOfRange>1</IncludeOutOfRange>
        <Approximate>0</Approximate>
        <HistCounts>112|188|630|283|147|130|28|26|17|7|6|18|4|8|18|10|3|15|9|7|16|5|7|20|6|3|10|3|10|13|6|15|4|5|8|6|12|11|5|8|6|6|4|12|4|5|10|4|3|10|7|2|5|8|8|10|8|7|5|9|13|9|4|15|9|6|11|6|7|13|6|4|7|8|9|6|6|2|8|9|3|17|3|12|12|8|11|6|3|16|5|9|15|6|9|13|14|6|19|9|7|18|2|2|11|7|6|11|4|4|4|3|2|4|3|3|2|5|4|5|3|6|4|3|4|4|6|5|6|2|7|6|3|10|0|3|5|2|2|9|6|4|2|5|8|11|4|8|4|4|13|1|0|6|4|2|8|4|3|8|3|4|9|3|2|5|1|3|4|2|4|3|2|7|2|2|5|1|1|8|6|6|6|2|1|3|2|0|8|2|2|4|3|2|4|3|1|5|4|6|2|1|5|1|2|7|2|1|0|0|2|3|1|1|0|1|1|1|0|1|2|0|1|2|2|1|2|2|0|0|2|1|1|0|1|0|2|0|2|1|1|0|1|0|0|0|0|1|0|0|1|0|1|0|0|1</HistCounts>
      </HistItem>
    </Histograms>
    <Metadata>
      <MDI key="RepresentationType">ATHEMATIC</MDI>
      <MDI key="STATISTICS_COVARIANCES">6433.633868855758</MDI>
      <MDI key="STATISTICS_MAXIMUM">349</MDI>
      <MDI key="STATISTICS_MEAN">65.167550371156</MDI>
      <MDI key="STATISTICS_MINIMUM">6</MDI>
      <MDI key="STATISTICS_SKIPFACTORX">1</MDI>
      <MDI key="STATISTICS_SKIPFACTORY">1</MDI>
      <MDI key="STATISTICS_STDDEV">80.209936222738</MDI>
    </Metadata>
  </PAMRasterBand>
</PAMDataset>
