<PAMDataset>
  <Metadata>
    <MDI key="DataType">Generic</MDI>
  </Metadata>
  <Metadata domain="Esri">
    <MDI key="PyramidResamplingType">NEAREST</MDI>
  </Metadata>
  <PAMRasterBand band="1">
    <Histograms>
      <HistItem>
        <HistMin>1</HistMin>
        <HistMax>68</HistMax>
        <BucketCount>256</BucketCount>
        <IncludeOutOfRange>1</IncludeOutOfRange>
        <Approximate>0</Approximate>
        <HistCounts>72|0|0|565|0|0|0|908|0|0|0|449|0|0|0|311|0|0|0|291|0|0|56|0|0|0|8|0|0|0|8|0|0|0|9|0|0|0|5|0|0|8|0|0|0|5|0|0|0|5|0|0|0|7|0|0|0|4|0|0|7|0|0|0|6|0|0|0|7|0|0|0|8|0|0|0|11|0|0|4|0|0|0|8|0|0|0|5|0|0|0|5|0|0|0|2|0|0|5|0|0|0|6|0|0|0|0|0|0|0|1|0|0|0|3|0|0|1|0|0|0|1|0|0|0|8|0|0|0|1|0|0|0|2|0|0|0|1|0|0|4|0|0|0|1|0|0|0|5|0|0|0|2|0|0|0|1|0|0|1|0|0|0|0|0|0|0|2|0|0|0|2|0|0|0|1|0|0|0|0|0|0|0|0|0|0|1|0|0|0|0|0|0|0|0|0|0|0|0|0|0|0|0|0|0|1|0|0|0|0|0|0|0|1|0|0|2|0|0|0|0|0|0|0|0|0|0|0|1|0|0|0|0|0|0|0|0|0|0|0|0|0|0|0|0|0|0|0|0|0|0|0|0|0|0|1</HistCounts>
      </HistItem>
    </Histograms>
    <Metadata>
      <MDI key="RepresentationType">ATHEMATIC</MDI>
      <MDI key="STATISTICS_COVARIANCES">33.83967200689166</MDI>
      <MDI key="STATISTICS_MAXIMUM">68</MDI>
      <MDI key="STATISTICS_MEAN">4.7780134323082</MDI>
      <MDI key="STATISTICS_MINIMUM">1</MDI>
      <MDI key="STATISTICS_SKIPFACTORX">1</MDI>
      <MDI key="STATISTICS_SKIPFACTORY">1</MDI>
      <MDI key="STATISTICS_STDDEV">5.8171876372429</MDI>
    </Metadata>
  </PAMRasterBand>
</PAMDataset>
