<PAMDataset>
  <Metadata>
    <MDI key="DataType">Generic</MDI>
  </Metadata>
  <Metadata domain="Esri">
    <MDI key="PyramidResamplingType">NEAREST</MDI>
  </Metadata>
  <PAMRasterBand band="1">
    <Histograms>
      <HistItem>
        <HistMin>1</HistMin>
        <HistMax>73</HistMax>
        <BucketCount>256</BucketCount>
        <IncludeOutOfRange>1</IncludeOutOfRange>
        <Approximate>0</Approximate>
        <HistCounts>51|0|0|334|0|0|0|345|0|0|517|0|0|0|463|0|0|424|0|0|0|256|0|0|171|0|0|0|47|0|0|6|0|0|0|4|0|0|3|0|0|0|8|0|0|0|4|0|0|6|0|0|0|2|0|0|6|0|0|0|4|0|0|9|0|0|0|4|0|0|8|0|0|0|4|0|0|3|0|0|0|9|0|0|0|5|0|0|4|0|0|0|5|0|0|1|0|0|0|5|0|0|5|0|0|0|3|0|0|5|0|0|0|4|0|0|5|0|0|0|0|0|0|3|0|0|0|5|0|0|0|4|0|0|4|0|0|0|4|0|0|4|0|0|0|2|0|0|5|0|0|0|6|0|0|3|0|0|0|3|0|0|2|0|0|0|2|0|0|0|2|0|0|4|0|0|0|0|0|0|6|0|0|0|6|0|0|2|0|0|0|1|0|0|4|0|0|0|3|0|0|2|0|0|0|4|0|0|4|0|0|0|1|0|0|0|0|0|0|0|0|0|0|1|0|0|4|0|0|0|2|0|0|1|0|0|0|0|0|0|1|0|0|0|0|0|0|0|0|0|0|2|0|0|0|2</HistCounts>
      </HistItem>
    </Histograms>
    <Metadata>
      <MDI key="RepresentationType">ATHEMATIC</MDI>
      <MDI key="STATISTICS_COVARIANCES">88.21202158088872</MDI>
      <MDI key="STATISTICS_MAXIMUM">73</MDI>
      <MDI key="STATISTICS_MEAN">7.0222693531283</MDI>
      <MDI key="STATISTICS_MINIMUM">1</MDI>
      <MDI key="STATISTICS_SKIPFACTORX">1</MDI>
      <MDI key="STATISTICS_SKIPFACTORY">1</MDI>
      <MDI key="STATISTICS_STDDEV">9.3921255092172</MDI>
    </Metadata>
  </PAMRasterBand>
</PAMDataset>
